{
"type": "FeatureCollection",
"name": "jaringan_jalan_banyumas",
"crs": { "type": "name", "properties": { "name": "urn:ogc:def:crs:OGC:1.3:CRS84" } },
"features": [
{ "type": "Feature", "properties": { "name": "Jalan Rasamala", "highway": "tertiary", "length": 270.22377006382459, "latitude": -7.4502972565685326, "longitude": 109.25501461953309 }, "geometry": { "type": "LineString", "coordinates": [ [ 109.2539362, -7.4499171 ], [ 109.2542325, -7.4498672 ], [ 109.2543536, -7.4498622 ], [ 109.2544539, -7.4498759 ], [ 109.2545088, -7.4498936 ], [ 109.2546483, -7.449941 ], [ 109.254847, -7.4500534 ], [ 109.2552394, -7.4503987 ], [ 109.2555201, -7.4506414 ], [ 109.2559699, -7.4510304 ] ] } },
{ "type": "Feature", "properties": { "name": "Jalan Rasamala", "highway": "tertiary", "length": 27.511025669703578, "latitude": -7.4499317236451814, "longitude": 109.25381246453351 }, "geometry": { "type": "LineString", "coordinates": [ [ 109.2539362, -7.4499171 ], [ 109.2538415, -7.449932 ], [ 109.2536881, -7.4499404 ] ] } },
{ "type": "Feature", "properties": { "name": "Jalan Lesan Pura", "highway": "tertiary", "length": 377.73706844737529, "latitude": -7.4515123987556091, "longitude": 109.25453198054991 }, "geometry": { "type": "LineString", "coordinates": [ [ 109.2559699, -7.4510304 ], [ 109.2557581, -7.4512752 ], [ 109.2557459, -7.451289 ], [ 109.2555745, -7.4515012 ], [ 109.255494, -7.4515784 ], [ 109.2554571, -7.451597 ], [ 109.255378, -7.4516163 ], [ 109.2550752, -7.4516503 ], [ 109.2546763, -7.4517212 ], [ 109.2545073, -7.4517382 ], [ 109.2543085, -7.4517673 ], [ 109.2542494, -7.4517736 ], [ 109.2540818, -7.4516788 ], [ 109.253964, -7.4515738 ], [ 109.2538463, -7.4514896 ], [ 109.2537533, -7.4514474 ], [ 109.2535454, -7.4513915 ], [ 109.2532946, -7.4513463 ], [ 109.2529344, -7.4512954 ] ] } },
{ "type": "Feature", "properties": { "name": [ "Jalan Rasamala", "Jalan Karang Rau" ], "highway": "tertiary", "length": 1393.3588702179127, "latitude": -7.4542834397091289, "longitude": 109.2605143510426 }, "geometry": { "type": "LineString", "coordinates": [ [ 109.2559699, -7.4510304 ], [ 109.2566539, -7.4516244 ], [ 109.2571495, -7.4520647 ], [ 109.2573952, -7.4522843 ], [ 109.257557, -7.4524339 ], [ 109.2575781, -7.4525994 ], [ 109.257657, -7.4530492 ], [ 109.2577433, -7.4534375 ], [ 109.2578331, -7.453834 ], [ 109.2579176, -7.4541073 ], [ 109.2579643, -7.4542186 ], [ 109.2580392, -7.454302 ], [ 109.2581816, -7.4544253 ], [ 109.258616, -7.4546778 ], [ 109.2590126, -7.454955 ], [ 109.2591469, -7.4550441 ], [ 109.2592639, -7.4550847 ], [ 109.2593068, -7.4550922 ], [ 109.2599348, -7.4551544 ], [ 109.2603279, -7.455202 ], [ 109.2605158, -7.4552245 ], [ 109.2605994, -7.4552345 ], [ 109.2615758, -7.4553502 ], [ 109.2616063, -7.4553532 ], [ 109.2617315, -7.4553609 ], [ 109.2621334, -7.4554094 ], [ 109.2621912, -7.4554164 ], [ 109.2623618, -7.4554149 ], [ 109.262445, -7.4554141 ], [ 109.2626647, -7.4553984 ], [ 109.2628907, -7.4553584 ], [ 109.2630658, -7.4553329 ], [ 109.2631839, -7.4553091 ], [ 109.263984, -7.455196 ], [ 109.2641202, -7.4551784 ], [ 109.264403, -7.4551445 ], [ 109.2647872, -7.4551083 ], [ 109.2650408, -7.455069 ], [ 109.2654257, -7.4550296 ], [ 109.265793, -7.4549889 ], [ 109.2662958, -7.4549164 ] ] } },
{ "type": "Feature", "properties": { "name": "Jalan Rasamala", "highway": "tertiary", "length": 270.22377006382459, "latitude": -7.4502972565685317, "longitude": 109.25501461953307 }, "geometry": { "type": "LineString", "coordinates": [ [ 109.2559699, -7.4510304 ], [ 109.2555201, -7.4506414 ], [ 109.2552394, -7.4503987 ], [ 109.254847, -7.4500534 ], [ 109.2546483, -7.449941 ], [ 109.2545088, -7.4498936 ], [ 109.2544539, -7.4498759 ], [ 109.2543536, -7.4498622 ], [ 109.2542325, -7.4498672 ], [ 109.2539362, -7.4499171 ] ] } },
{ "type": "Feature", "properties": { "name": "Jalan Lesan Pura", "highway": "tertiary", "length": 1157.3722615235292, "latitude": -7.4514005172979232, "longitude": 109.24775785986587 }, "geometry": { "type": "LineString", "coordinates": [ [ 109.2529344, -7.4512954 ], [ 109.252498, -7.45122 ], [ 109.2522662, -7.451192 ], [ 109.2520126, -7.4512014 ], [ 109.2519441, -7.451204 ], [ 109.2515718, -7.451221 ], [ 109.2512483, -7.451236 ], [ 109.2512025, -7.4512381 ], [ 109.2507405, -7.4512596 ], [ 109.2505565, -7.4512662 ], [ 109.250332, -7.4512743 ], [ 109.2502256, -7.4512781 ], [ 109.2498094, -7.4512931 ], [ 109.2489246, -7.4512916 ], [ 109.2485927, -7.451291 ], [ 109.2480938, -7.4512902 ], [ 109.2473239, -7.4512175 ], [ 109.2468224, -7.4511702 ], [ 109.2467975, -7.4511678 ], [ 109.2462653, -7.4510996 ], [ 109.2461214, -7.4510811 ], [ 109.246054, -7.4510751 ], [ 109.245991, -7.4510751 ], [ 109.245948, -7.451079 ], [ 109.2458895, -7.4510895 ], [ 109.2458354, -7.4511043 ], [ 109.245767, -7.4511296 ], [ 109.2456, -7.4512124 ], [ 109.2451565, -7.4514413 ], [ 109.2449234, -7.4515831 ], [ 109.2447035, -7.4516934 ], [ 109.2441741, -7.451984 ], [ 109.2441287, -7.4520116 ], [ 109.2440571, -7.4520345 ], [ 109.243913, -7.4520816 ], [ 109.2438318, -7.452103 ], [ 109.2437808, -7.4521109 ], [ 109.2437366, -7.4521123 ], [ 109.2436789, -7.4521096 ], [ 109.2436153, -7.4520989 ], [ 109.2433681, -7.4520364 ], [ 109.2427321, -7.4519005 ] ] } },
{ "type": "Feature", "properties": { "name": "Jalan Lesan Pura", "highway": "tertiary", "length": 377.73706844737535, "latitude": -7.4515123987556073, "longitude": 109.2545319805499 }, "geometry": { "type": "LineString", "coordinates": [ [ 109.2529344, -7.4512954 ], [ 109.2532946, -7.4513463 ], [ 109.2535454, -7.4513915 ], [ 109.2537533, -7.4514474 ], [ 109.2538463, -7.4514896 ], [ 109.253964, -7.4515738 ], [ 109.2540818, -7.4516788 ], [ 109.2542494, -7.4517736 ], [ 109.2543085, -7.4517673 ], [ 109.2545073, -7.4517382 ], [ 109.2546763, -7.4517212 ], [ 109.2550752, -7.4516503 ], [ 109.255378, -7.4516163 ], [ 109.2554571, -7.451597 ], [ 109.255494, -7.4515784 ], [ 109.2555745, -7.4515012 ], [ 109.2557459, -7.451289 ], [ 109.2557581, -7.4512752 ], [ 109.2559699, -7.4510304 ] ] } },
{ "type": "Feature", "properties": { "name": null, "highway": "tertiary", "length": 181.01488108932992, "latitude": -7.450561486816583, "longitude": 109.25319116579479 }, "geometry": { "type": "LineString", "coordinates": [ [ 109.2529344, -7.4512954 ], [ 109.2529666, -7.450806 ], [ 109.2529996, -7.4506841 ], [ 109.2530894, -7.450579 ], [ 109.2533576, -7.4502546 ], [ 109.2536309, -7.4499922 ], [ 109.2536694, -7.4499576 ], [ 109.2536881, -7.4499404 ] ] } },
{ "type": "Feature", "properties": { "name": "Jalan Protokol", "highway": "tertiary", "length": 2896.1887308770542, "latitude": -7.4577343276183194, "longitude": 109.25916106426524 }, "geometry": { "type": "LineString", "coordinates": [ [ 109.2529344, -7.4512954 ], [ 109.252899, -7.4518184 ], [ 109.2528836, -7.4519943 ], [ 109.2528793, -7.4520443 ], [ 109.2528453, -7.4524328 ], [ 109.2528199, -7.4525538 ], [ 109.2527716, -7.4527006 ], [ 109.2526737, -7.4529181 ], [ 109.2526091, -7.4530619 ], [ 109.2525415, -7.4532002 ], [ 109.2524672, -7.4533117 ], [ 109.252413, -7.4534043 ], [ 109.2523545, -7.4535232 ], [ 109.2523347, -7.4536225 ], [ 109.2523285, -7.453934 ], [ 109.2523527, -7.4542005 ], [ 109.2523776, -7.4544268 ], [ 109.2524232, -7.4545658 ], [ 109.2524588, -7.4546984 ], [ 109.2524849, -7.4547954 ], [ 109.2525141, -7.4550524 ], [ 109.2525837, -7.4552254 ], [ 109.2527271, -7.4555672 ], [ 109.2527327, -7.4556242 ], [ 109.2527327, -7.4557067 ], [ 109.2527153, -7.4559553 ], [ 109.2526549, -7.4562878 ], [ 109.2526423, -7.4563478 ], [ 109.2524212, -7.4573532 ], [ 109.2523867, -7.457463 ], [ 109.2523847, -7.4575091 ], [ 109.2523947, -7.4575577 ], [ 109.2524411, -7.45762 ], [ 109.252661, -7.4576827 ], [ 109.2535153, -7.4579263 ], [ 109.2541094, -7.4580957 ], [ 109.2541858, -7.4581164 ], [ 109.2554779, -7.4584885 ], [ 109.2556375, -7.4585271 ], [ 109.2561163, -7.4586295 ], [ 109.2562138, -7.4586463 ], [ 109.25647, -7.4586904 ], [ 109.256634, -7.4587186 ], [ 109.25676, -7.4587398 ], [ 109.2569089, -7.4587545 ], [ 109.2573568, -7.4587917 ], [ 109.2580797, -7.4588449 ], [ 109.2582355, -7.4588625 ], [ 109.2583385, -7.4588741 ], [ 109.2589071, -7.4589579 ], [ 109.2590037, -7.4589845 ], [ 109.259111, -7.4590231 ], [ 109.2591958, -7.4590679 ], [ 109.2593786, -7.4592588 ], [ 109.2594811, -7.4593462 ], [ 109.2595643, -7.4593954 ], [ 109.2596662, -7.4594273 ], [ 109.2598271, -7.4594513 ], [ 109.2599711, -7.4594731 ], [ 109.2604244, -7.4595418 ], [ 109.2604588, -7.459547 ], [ 109.2606398, -7.4595643 ], [ 109.2614011, -7.4596601 ], [ 109.2615156, -7.4596768 ], [ 109.2615624, -7.4596822 ], [ 109.2619044, -7.459725 ], [ 109.262397, -7.4597918 ], [ 109.2624407, -7.4597956 ], [ 109.2627548, -7.4598382 ], [ 109.2631101, -7.4598847 ], [ 109.2632483, -7.4599047 ], [ 109.2638673, -7.4599838 ], [ 109.2639338, -7.4599923 ], [ 109.2642016, -7.4600257 ], [ 109.2643659, -7.4600462 ], [ 109.2647062, -7.4600887 ], [ 109.2654692, -7.460184 ], [ 109.2664817, -7.4603236 ], [ 109.2665092, -7.4603282 ], [ 109.2665443, -7.4603319 ], [ 109.2665748, -7.4603346 ], [ 109.2665756, -7.4603125 ], [ 109.2665779, -7.4602936 ], [ 109.2665813, -7.4602669 ], [ 109.2665863, -7.4602326 ], [ 109.2666366, -7.4598462 ], [ 109.2666448, -7.4597999 ], [ 109.2666886, -7.4595527 ], [ 109.2667084, -7.4594531 ], [ 109.2667625, -7.4591816 ], [ 109.2668988, -7.4585484 ], [ 109.2669082, -7.4584739 ], [ 109.2669095, -7.4584234 ], [ 109.2668961, -7.4583728 ], [ 109.2668635, -7.4582964 ], [ 109.2668424, -7.4582695 ], [ 109.2667, -7.4580812 ], [ 109.2666289, -7.4579586 ], [ 109.2666148, -7.4579118 ], [ 109.2666108, -7.4578609 ], [ 109.2666097, -7.4577861 ], [ 109.2666134, -7.4576175 ], [ 109.2666252, -7.457418 ], [ 109.2666534, -7.457204 ], [ 109.2666859, -7.457036 ], [ 109.266703, -7.4569473 ], [ 109.2667298, -7.4567213 ], [ 109.2667378, -7.4565112 ], [ 109.2667365, -7.4562824 ], [ 109.2667365, -7.4560364 ], [ 109.2667154, -7.4556654 ], [ 109.2667127, -7.4555883 ], [ 109.2667127, -7.4555168 ], [ 109.2667171, -7.455468 ], [ 109.2667162, -7.4553541 ] ] } },
{ "type": "Feature", "properties": { "name": "Jalan Lesan Pura", "highway": "tertiary", "length": 871.91116173026865, "latitude": -7.4503441387220883, "longitude": 109.23970015402732 }, "geometry": { "type": "LineString", "coordinates": [ [ 109.2427321, -7.4519005 ], [ 109.241782, -7.4515736 ], [ 109.2411233, -7.4513555 ], [ 109.2408372, -7.4512621 ], [ 109.240747, -7.4512326 ], [ 109.2403105, -7.4511 ], [ 109.2400772, -7.4510177 ], [ 109.2398292, -7.4509313 ], [ 109.2393195, -7.4507292 ], [ 109.2392693, -7.450716 ], [ 109.2392189, -7.4507079 ], [ 109.2387624, -7.4507067 ], [ 109.2386302, -7.4506906 ], [ 109.2383797, -7.4506446 ], [ 109.2382907, -7.4506282 ], [ 109.2382383, -7.4506162 ], [ 109.2381726, -7.450595 ], [ 109.2382381, -7.4503064 ], [ 109.2382756, -7.4501176 ], [ 109.2383794, -7.4496792 ], [ 109.2384834, -7.4492346 ], [ 109.2385011, -7.4491813 ], [ 109.2385547, -7.4489505 ], [ 109.2385953, -7.4487377 ], [ 109.2387295, -7.4481908 ], [ 109.2388706, -7.4476604 ], [ 109.2388952, -7.4475711 ] ] } },
{ "type": "Feature", "properties": { "name": "Jalan Lesan Pura", "highway": "tertiary", "length": 1157.3722615235292, "latitude": -7.4514005172979214, "longitude": 109.24775785986589 }, "geometry": { "type": "LineString", "coordinates": [ [ 109.2427321, -7.4519005 ], [ 109.2433681, -7.4520364 ], [ 109.2436153, -7.4520989 ], [ 109.2436789, -7.4521096 ], [ 109.2437366, -7.4521123 ], [ 109.2437808, -7.4521109 ], [ 109.2438318, -7.452103 ], [ 109.243913, -7.4520816 ], [ 109.2440571, -7.4520345 ], [ 109.2441287, -7.4520116 ], [ 109.2441741, -7.451984 ], [ 109.2447035, -7.4516934 ], [ 109.2449234, -7.4515831 ], [ 109.2451565, -7.4514413 ], [ 109.2456, -7.4512124 ], [ 109.245767, -7.4511296 ], [ 109.2458354, -7.4511043 ], [ 109.2458895, -7.4510895 ], [ 109.245948, -7.451079 ], [ 109.245991, -7.4510751 ], [ 109.246054, -7.4510751 ], [ 109.2461214, -7.4510811 ], [ 109.2462653, -7.4510996 ], [ 109.2467975, -7.4511678 ], [ 109.2468224, -7.4511702 ], [ 109.2473239, -7.4512175 ], [ 109.2480938, -7.4512902 ], [ 109.2485927, -7.451291 ], [ 109.2489246, -7.4512916 ], [ 109.2498094, -7.4512931 ], [ 109.2502256, -7.4512781 ], [ 109.250332, -7.4512743 ], [ 109.2505565, -7.4512662 ], [ 109.2507405, -7.4512596 ], [ 109.2512025, -7.4512381 ], [ 109.2512483, -7.451236 ], [ 109.2515718, -7.451221 ], [ 109.2519441, -7.451204 ], [ 109.2520126, -7.4512014 ], [ 109.2522662, -7.451192 ], [ 109.252498, -7.45122 ], [ 109.2529344, -7.4512954 ] ] } },
{ "type": "Feature", "properties": { "name": [ "Jalan KH. Wahid Hasyim", "Gunung Tugel" ], "highway": "primary", "length": 4849.3862043381896, "latitude": -7.4716053703468539, "longitude": 109.23809410211605 }, "geometry": { "type": "LineString", "coordinates": [ [ 109.2427321, -7.4519005 ], [ 109.2427334, -7.4520883 ], [ 109.2427323, -7.4522912 ], [ 109.2427398, -7.4526679 ], [ 109.2427307, -7.4529128 ], [ 109.242725, -7.4529401 ], [ 109.2427105, -7.4529975 ], [ 109.2426515, -7.4531026 ], [ 109.2425837, -7.4531969 ], [ 109.2425308, -7.4532683 ], [ 109.2423379, -7.4535231 ], [ 109.2423347, -7.4535284 ], [ 109.2422989, -7.4535883 ], [ 109.2422734, -7.4536482 ], [ 109.2422409, -7.4537523 ], [ 109.242212, -7.4538728 ], [ 109.2421553, -7.4540996 ], [ 109.2419929, -7.4546972 ], [ 109.2419555, -7.4549494 ], [ 109.241934, -7.455157 ], [ 109.2419256, -7.4553732 ], [ 109.2419235, -7.4553959 ], [ 109.2419099, -7.4555427 ], [ 109.2418959, -7.4556727 ], [ 109.2418391, -7.4561645 ], [ 109.2418215, -7.4563493 ], [ 109.2417786, -7.4566987 ], [ 109.2417505, -7.4569648 ], [ 109.2417195, -7.4571867 ], [ 109.2417115, -7.4572266 ], [ 109.2416981, -7.4572837 ], [ 109.2416511, -7.457391 ], [ 109.2416323, -7.4574309 ], [ 109.2415556, -7.4575552 ], [ 109.2414419, -7.4577505 ], [ 109.2413816, -7.4578369 ], [ 109.2412921, -7.4580264 ], [ 109.2412125, -7.4581995 ], [ 109.2411818, -7.4582797 ], [ 109.2411643, -7.4583502 ], [ 109.2411589, -7.4584256 ], [ 109.2411442, -7.4585453 ], [ 109.2411254, -7.4589805 ], [ 109.2411026, -7.4594016 ], [ 109.2410888, -7.4598854 ], [ 109.2410852, -7.4600124 ], [ 109.2410825, -7.4600891 ], [ 109.241057, -7.4603289 ], [ 109.2410342, -7.4604738 ], [ 109.2410181, -7.4605864 ], [ 109.2409896, -7.4607258 ], [ 109.2409149, -7.4610709 ], [ 109.2408424, -7.4613817 ], [ 109.2407782, -7.4616173 ], [ 109.2407057, -7.461898 ], [ 109.2406261, -7.462175 ], [ 109.2405935, -7.4622676 ], [ 109.2403757, -7.4628856 ], [ 109.2403065, -7.4630581 ], [ 109.2402064, -7.4633078 ], [ 109.2400884, -7.4636158 ], [ 109.2399826, -7.4638595 ], [ 109.2398342, -7.4642071 ], [ 109.2397808, -7.4643323 ], [ 109.2396287, -7.4646887 ], [ 109.2394866, -7.4650242 ], [ 109.239331, -7.4652955 ], [ 109.2392049, -7.4655938 ], [ 109.2391835, -7.46567 ], [ 109.239095, -7.4660548 ], [ 109.2390119, -7.466447 ], [ 109.2389703, -7.4666744 ], [ 109.2389488, -7.4668287 ], [ 109.2389274, -7.4668952 ], [ 109.2388945, -7.4669437 ], [ 109.2387812, -7.4670401 ], [ 109.238396, -7.4674376 ], [ 109.2382233, -7.4676159 ], [ 109.2380583, -7.4677914 ], [ 109.2379913, -7.4678659 ], [ 109.2379336, -7.4679603 ], [ 109.2378987, -7.4680494 ], [ 109.2378907, -7.4680986 ], [ 109.2378893, -7.468173 ], [ 109.2379028, -7.4682355 ], [ 109.2379135, -7.4683233 ], [ 109.2380181, -7.468693 ], [ 109.2380704, -7.4689483 ], [ 109.2380986, -7.4693099 ], [ 109.2381817, -7.4700971 ], [ 109.2381991, -7.470258 ], [ 109.2382018, -7.470379 ], [ 109.2381991, -7.4704522 ], [ 109.2381696, -7.4705399 ], [ 109.2381267, -7.4706224 ], [ 109.238061, -7.4707155 ], [ 109.2379752, -7.4708032 ], [ 109.2378558, -7.4709202 ], [ 109.2377499, -7.4710167 ], [ 109.2376895, -7.4710718 ], [ 109.2371464, -7.4714308 ], [ 109.2369653, -7.4715439 ], [ 109.2368326, -7.471633 ], [ 109.2366073, -7.4717713 ], [ 109.2358696, -7.4722322 ], [ 109.235592, -7.4724135 ], [ 109.2354606, -7.472496 ], [ 109.2353895, -7.4725478 ], [ 109.2352729, -7.4726595 ], [ 109.2351535, -7.4727832 ], [ 109.2350744, -7.4728896 ], [ 109.2350315, -7.472964 ], [ 109.2349657, -7.4730651 ], [ 109.2349134, -7.4731661 ], [ 109.2348759, -7.4732805 ], [ 109.2348531, -7.4733975 ], [ 109.2348491, -7.4735212 ], [ 109.2348759, -7.4736555 ], [ 109.2349215, -7.4738509 ], [ 109.2349818, -7.4740318 ], [ 109.2350355, -7.4741541 ], [ 109.2350797, -7.4743283 ], [ 109.2350918, -7.4745357 ], [ 109.2350757, -7.4747711 ], [ 109.2350502, -7.4748987 ], [ 109.2350234, -7.4752431 ], [ 109.2350006, -7.4754785 ], [ 109.235008, -7.4756261 ], [ 109.2350568, -7.4758092 ], [ 109.2351119, -7.4759359 ], [ 109.2351646, -7.4760118 ], [ 109.2353095, -7.4761751 ], [ 109.2354001, -7.4762509 ], [ 109.2354512, -7.4762936 ], [ 109.2357139, -7.4764474 ], [ 109.2359843, -7.4765549 ], [ 109.2362089, -7.4766473 ], [ 109.2363031, -7.4766721 ], [ 109.2364906, -7.476743 ], [ 109.2366582, -7.4768002 ], [ 109.2366998, -7.4768224 ], [ 109.236748, -7.4768482 ], [ 109.2367923, -7.4768767 ], [ 109.2368527, -7.4769172 ], [ 109.236921, -7.476982 ], [ 109.2370813, -7.4771579 ], [ 109.2372175, -7.4773427 ], [ 109.2372617, -7.4774192 ], [ 109.2372845, -7.4774824 ], [ 109.2372978, -7.4775391 ], [ 109.237314, -7.4776619 ], [ 109.237314, -7.477743 ], [ 109.2372831, -7.4781561 ], [ 109.2372392, -7.4785913 ], [ 109.2371664, -7.479033 ], [ 109.2370191, -7.4809412 ], [ 109.2368614, -7.4816292 ], [ 109.2368141, -7.4818344 ], [ 109.2364796, -7.4836307 ], [ 109.2359607, -7.4861408 ], [ 109.2356828, -7.4873987 ], [ 109.2355374, -7.4881183 ], [ 109.2354868, -7.4883686 ], [ 109.2354042, -7.4887776 ], [ 109.235233, -7.489575 ], [ 109.2350375, -7.4905049 ], [ 109.234911, -7.4909596 ], [ 109.2348062, -7.4912959 ] ] } },
{ "type": "Feature", "properties": { "name": "Jalan KH. Wahid Hasyim", "highway": "primary", "length": 443.657058806691, "latitude": -7.449932136142678, "longitude": 109.24305929350136 }, "geometry": { "type": "LineString", "coordinates": [ [ 109.2427321, -7.4519005 ], [ 109.2429735, -7.4504767 ], [ 109.243027, -7.4501422 ], [ 109.2430719, -7.4498621 ], [ 109.2431838, -7.4491637 ], [ 109.243254, -7.4487227 ], [ 109.2432848, -7.4485601 ], [ 109.2433497, -7.4481669 ], [ 109.2433858, -7.4479637 ] ] } },
{ "type": "Feature", "properties": { "name": "Jalan Pramuka", "highway": "tertiary", "length": 136.17267654606684, "latitude": -7.4291074407424649, "longitude": 109.25414007196184 }, "geometry": { "type": "LineString", "coordinates": [ [ 109.2535234, -7.4291391 ], [ 109.2536547, -7.4291322 ], [ 109.2546621, -7.4290807 ], [ 109.2547568, -7.429077 ] ] } },
{ "type": "Feature", "properties": { "name": "Jalan Pramuka", "highway": "tertiary", "length": 534.7015473251754, "latitude": -7.4293508702278865, "longitude": 109.25111353760919 }, "geometry": { "type": "LineString", "coordinates": [ [ 109.2535234, -7.4291391 ], [ 109.2534971, -7.4291392 ], [ 109.2529322, -7.4291514 ], [ 109.2527789, -7.4291577 ], [ 109.252624, -7.4291685 ], [ 109.2523809, -7.4291843 ], [ 109.2523124, -7.4291884 ], [ 109.2513729, -7.4292438 ], [ 109.2510112, -7.4293131 ], [ 109.2508173, -7.4293535 ], [ 109.2503933, -7.4294441 ], [ 109.250375, -7.4294469 ], [ 109.2500829, -7.4294912 ], [ 109.2496869, -7.4295541 ], [ 109.249372, -7.4295988 ], [ 109.2487156, -7.4296878 ] ] } },
{ "type": "Feature", "properties": { "name": [ "Jalan Suwatio", "Jalan Pancurawis" ], "highway": "tertiary", "length": 2019.630908092018, "latitude": -7.438051031835144, "longitude": 109.25429274111936 }, "geometry": { "type": "LineString", "coordinates": [ [ 109.2535234, -7.4291391 ], [ 109.2535235, -7.4293884 ], [ 109.2535258, -7.4296039 ], [ 109.2535271, -7.4297213 ], [ 109.2535296, -7.4300981 ], [ 109.2535515, -7.4303852 ], [ 109.2535671, -7.4307304 ], [ 109.2535676, -7.4310722 ], [ 109.2535589, -7.431485 ], [ 109.2535575, -7.4316973 ], [ 109.2535603, -7.4318233 ], [ 109.2535695, -7.4319617 ], [ 109.2535842, -7.4320203 ], [ 109.253639, -7.4321178 ], [ 109.2537836, -7.4324916 ], [ 109.2539606, -7.432781 ], [ 109.2540098, -7.4328729 ], [ 109.2541054, -7.433094 ], [ 109.2542129, -7.4332979 ], [ 109.2542325, -7.4333318 ], [ 109.2542569, -7.4333926 ], [ 109.2542849, -7.4334815 ], [ 109.2542923, -7.4337889 ], [ 109.2542973, -7.4340957 ], [ 109.2542804, -7.4346308 ], [ 109.2542791, -7.4347191 ], [ 109.2542578, -7.4354226 ], [ 109.2542422, -7.4361227 ], [ 109.2542278, -7.4362412 ], [ 109.2542257, -7.4368507 ], [ 109.254216, -7.4370677 ], [ 109.2542207, -7.4372293 ], [ 109.2542347, -7.4373103 ], [ 109.2542495, -7.4373808 ], [ 109.254283, -7.4374845 ], [ 109.2542951, -7.4375219 ], [ 109.2544314, -7.437912 ], [ 109.2544756, -7.4380574 ], [ 109.254529, -7.4382333 ], [ 109.2545421, -7.4383059 ], [ 109.2545766, -7.4384922 ], [ 109.254614, -7.4386942 ], [ 109.2546824, -7.4392636 ], [ 109.2547108, -7.4395678 ], [ 109.2547524, -7.4400125 ], [ 109.2547604, -7.4401703 ], [ 109.2547548, -7.4403215 ], [ 109.254747, -7.4413423 ], [ 109.2547461, -7.4415158 ], [ 109.2547407, -7.4425012 ], [ 109.2547493, -7.4430222 ], [ 109.254747, -7.443084 ], [ 109.2547436, -7.4431059 ], [ 109.2547283, -7.4434088 ], [ 109.2547148, -7.4437652 ], [ 109.2546773, -7.444107 ], [ 109.2546585, -7.4442386 ], [ 109.2546536, -7.4442606 ], [ 109.2546357, -7.4443409 ], [ 109.2545083, -7.4449407 ], [ 109.2544064, -7.4454594 ], [ 109.2543444, -7.4457707 ], [ 109.2542884, -7.4460524 ], [ 109.2542305, -7.4463341 ], [ 109.2541999, -7.4464833 ], [ 109.2541461, -7.4468237 ], [ 109.2541173, -7.4470168 ] ] } },
{ "type": "Feature", "properties": { "name": "Jalan Komisaris Bambang Suprapto", "highway": "primary", "length": 70.270370240980554, "latitude": -7.42341555, "longitude": 109.2459848 }, "geometry": { "type": "LineString", "coordinates": [ [ 109.2456663, -7.4234252 ], [ 109.2463033, -7.4234059 ] ] } },
{ "type": "Feature", "properties": { "name": "Kauman Lama", "highway": "tertiary", "length": 488.72073288123698, "latitude": -7.4255723297157834, "longitude": 109.24612105001766 }, "geometry": { "type": "LineString", "coordinates": [ [ 109.2456663, -7.4234252 ], [ 109.2456665, -7.4234647 ], [ 109.2457545, -7.4239113 ], [ 109.2458761, -7.4244439 ], [ 109.2459135, -7.4246141 ], [ 109.2459185, -7.4246361 ], [ 109.246015, -7.4250629 ], [ 109.2460885, -7.4253875 ], [ 109.2461406, -7.4255573 ], [ 109.2461592, -7.4256181 ], [ 109.2461989, -7.425775 ], [ 109.2462454, -7.4259588 ], [ 109.2462548, -7.425996 ], [ 109.246345, -7.4263257 ], [ 109.2463525, -7.4263534 ], [ 109.2463588, -7.4264031 ], [ 109.2463921, -7.4266679 ], [ 109.2464017, -7.4268176 ], [ 109.2464186, -7.4271342 ], [ 109.2464565, -7.4276793 ], [ 109.24646, -7.4277356 ] ] } },
{ "type": "Feature", "properties": { "name": "Jalan Jenderal Sudirman", "highway": "primary", "length": 117.33781207443803, "latitude": -7.4253959669782699, "longitude": 109.23171843556543 }, "geometry": { "type": "LineString", "coordinates": [ [ 109.2322358, -7.4255192 ], [ 109.2318546, -7.4254282 ], [ 109.231546, -7.4253556 ], [ 109.2313247, -7.4253017 ], [ 109.2312012, -7.4252722 ] ] } },
{ "type": "Feature", "properties": { "name": "Jalan Raya Baturaden Barat", "highway": "secondary", "length": 930.21424695260873, "latitude": -7.3217710698307643, "longitude": 109.22716530569471 }, "geometry": { "type": "LineString", "coordinates": [ [ 109.2261346, -7.3257929 ], [ 109.2264418, -7.3249133 ], [ 109.22652, -7.3246883 ], [ 109.2266028, -7.3244185 ], [ 109.2267421, -7.3239643 ], [ 109.2268492, -7.3235853 ], [ 109.2268945, -7.3233529 ], [ 109.2269218, -7.3231606 ], [ 109.2269819, -7.322616 ], [ 109.2270251, -7.3222244 ], [ 109.2270386, -7.3220747 ], [ 109.2271706, -7.3211328 ], [ 109.2271726, -7.3211164 ], [ 109.2272826, -7.3203203 ], [ 109.2273248, -7.3201048 ], [ 109.2273648, -7.3199463 ], [ 109.2274328, -7.319725 ], [ 109.2275133, -7.3195122 ], [ 109.2276152, -7.3192754 ], [ 109.2277097, -7.3191012 ], [ 109.2279491, -7.3186961 ], [ 109.2280068, -7.318613 ], [ 109.2280698, -7.3185405 ], [ 109.2282388, -7.3184507 ], [ 109.2286062, -7.3182379 ], [ 109.2287082, -7.3181853 ], [ 109.2287697, -7.3181689 ] ] } },
{ "type": "Feature", "properties": { "name": "Jalan Raya Baturaden Barat", "highway": "secondary", "length": 5005.7335665010633, "latitude": -7.3465697405478405, "longitude": 109.22730481529075 }, "geometry": { "type": "LineString", "coordinates": [ [ 109.2261346, -7.3257929 ], [ 109.2256726, -7.3272412 ], [ 109.2254289, -7.3279505 ], [ 109.2253524, -7.3281993 ], [ 109.2252868, -7.3284796 ], [ 109.2252676, -7.3285933 ], [ 109.2252182, -7.3291445 ], [ 109.2251798, -7.3294538 ], [ 109.2251705, -7.3295917 ], [ 109.2251727, -7.3297585 ], [ 109.2251958, -7.3299978 ], [ 109.2252609, -7.330766 ], [ 109.2253521, -7.3317457 ], [ 109.2253602, -7.3318293 ], [ 109.225397, -7.3322105 ], [ 109.2254636, -7.3328865 ], [ 109.225509, -7.3331457 ], [ 109.2255727, -7.3335593 ], [ 109.2255989, -7.3337628 ], [ 109.2256273, -7.3342189 ], [ 109.2256733, -7.3351727 ], [ 109.2256766, -7.3354241 ], [ 109.2256659, -7.3355385 ], [ 109.2256357, -7.3356602 ], [ 109.2255922, -7.3357936 ], [ 109.2255167, -7.3359125 ], [ 109.2251376, -7.3363718 ], [ 109.2250412, -7.336509 ], [ 109.2249971, -7.3366013 ], [ 109.2249723, -7.3367307 ], [ 109.2249752, -7.3368934 ], [ 109.2249797, -7.3370002 ], [ 109.2249871, -7.3372865 ], [ 109.2250269, -7.338333 ], [ 109.2250336, -7.3385699 ], [ 109.2251126, -7.339503 ], [ 109.2251173, -7.3395994 ], [ 109.2251643, -7.3401122 ], [ 109.2251875, -7.3404133 ], [ 109.2252036, -7.3406223 ], [ 109.2252226, -7.3410313 ], [ 109.2252226, -7.3411463 ], [ 109.225224, -7.3414375 ], [ 109.2252286, -7.3421408 ], [ 109.2252139, -7.3426153 ], [ 109.2251935, -7.3428124 ], [ 109.2250753, -7.3432798 ], [ 109.2250203, -7.3434818 ], [ 109.2249924, -7.3437528 ], [ 109.2249818, -7.343839 ], [ 109.2249679, -7.3440067 ], [ 109.224962, -7.3441447 ], [ 109.2249566, -7.3442963 ], [ 109.2249509, -7.3443601 ], [ 109.2249269, -7.3446299 ], [ 109.2248807, -7.3451905 ], [ 109.2248592, -7.3455483 ], [ 109.2248752, -7.3457511 ], [ 109.2249278, -7.3462632 ], [ 109.2250046, -7.3469585 ], [ 109.2250541, -7.3474645 ], [ 109.2250634, -7.3476642 ], [ 109.2250569, -7.3479203 ], [ 109.2250894, -7.3482334 ], [ 109.2251217, -7.348472 ], [ 109.2251537, -7.3486943 ], [ 109.2251817, -7.3488354 ], [ 109.2252478, -7.3491642 ], [ 109.2252702, -7.3492584 ], [ 109.225438, -7.3499594 ], [ 109.2254841, -7.3501164 ], [ 109.2255235, -7.3504015 ], [ 109.2255548, -7.3508799 ], [ 109.2255586, -7.3509415 ], [ 109.2256253, -7.351779 ], [ 109.225646, -7.3520176 ], [ 109.2256635, -7.3521374 ], [ 109.2257009, -7.3523239 ], [ 109.2257333, -7.3524375 ], [ 109.225785, -7.3525566 ], [ 109.2258805, -7.3527772 ], [ 109.2259107, -7.3528717 ], [ 109.2259347, -7.3530028 ], [ 109.2259462, -7.3531071 ], [ 109.2260032, -7.3539686 ], [ 109.2260271, -7.3541332 ], [ 109.2260765, -7.3542782 ], [ 109.2262159, -7.3544601 ], [ 109.2262874, -7.3545496 ], [ 109.2263109, -7.3545789 ], [ 109.2263666, -7.3546208 ], [ 109.2264471, -7.3546521 ], [ 109.2266335, -7.354692 ], [ 109.2267987, -7.3546994 ], [ 109.2268266, -7.3547006 ], [ 109.2281184, -7.3545171 ], [ 109.2285692, -7.3544588 ], [ 109.2290966, -7.3543901 ], [ 109.2292764, -7.3543812 ], [ 109.2294757, -7.3543977 ], [ 109.2296891, -7.3544448 ], [ 109.2299281, -7.3545633 ], [ 109.2302506, -7.3548673 ], [ 109.2304629, -7.3551154 ], [ 109.2312667, -7.3558846 ], [ 109.2317631, -7.3563921 ], [ 109.2318444, -7.3565302 ], [ 109.2319631, -7.3567857 ], [ 109.2320651, -7.3572158 ], [ 109.2321146, -7.358671 ], [ 109.2321174, -7.3599006 ], [ 109.2321184, -7.3603255 ], [ 109.2321774, -7.3616928 ], [ 109.2321945, -7.3629763 ], [ 109.2321954, -7.3630642 ], [ 109.2322339, -7.3635566 ], [ 109.2322413, -7.3636507 ], [ 109.2322451, -7.3637062 ], [ 109.2322554, -7.3639956 ], [ 109.2322842, -7.3644735 ], [ 109.2322974, -7.3650219 ], [ 109.2322968, -7.3650818 ], [ 109.2323391, -7.3655711 ], [ 109.2324096, -7.3656802 ] ] } },
{ "type": "Feature", "properties": { "name": "Jalan Raya Melung", "highway": "tertiary", "length": 5540.7421429901606, "latitude": -7.3332565905538676, "longitude": 109.21227486776696 }, "geometry": { "type": "LineString", "coordinates": [ [ 109.2261346, -7.3257929 ], [ 109.2259402, -7.3257322 ], [ 109.2258301, -7.3256842 ], [ 109.2257202, -7.3256283 ], [ 109.2256665, -7.3255831 ], [ 109.2256166, -7.3255034 ], [ 109.2255961, -7.325476 ], [ 109.225492, -7.3253112 ], [ 109.2254121, -7.3252282 ], [ 109.2253259, -7.3251555 ], [ 109.2251944, -7.3250699 ], [ 109.2249905, -7.324939 ], [ 109.2244895, -7.3247232 ], [ 109.2242185, -7.3246687 ], [ 109.2241001, -7.324652 ], [ 109.2239774, -7.3246593 ], [ 109.2238232, -7.3247172 ], [ 109.2237207, -7.32472 ], [ 109.2237023, -7.3247225 ], [ 109.223557, -7.3247418 ], [ 109.2234758, -7.3247139 ], [ 109.2233685, -7.3246645 ], [ 109.2231814, -7.3245679 ], [ 109.2231312, -7.3245481 ], [ 109.2229801, -7.3245005 ], [ 109.2228027, -7.3244756 ], [ 109.2225927, -7.3244739 ], [ 109.2224736, -7.3244934 ], [ 109.2223597, -7.3245312 ], [ 109.2222333, -7.3245856 ], [ 109.2219095, -7.3247618 ], [ 109.2216816, -7.3249003 ], [ 109.221434, -7.3250379 ], [ 109.2211883, -7.3251808 ], [ 109.2209029, -7.3253358 ], [ 109.2207232, -7.3253982 ], [ 109.2205295, -7.3254244 ], [ 109.2203611, -7.3254075 ], [ 109.2202082, -7.3253597 ], [ 109.2200043, -7.32528 ], [ 109.2197496, -7.3250857 ], [ 109.2194384, -7.3248889 ], [ 109.2193332, -7.3248463 ], [ 109.2192185, -7.324841 ], [ 109.2191152, -7.3248608 ], [ 109.2190133, -7.3249021 ], [ 109.2189181, -7.3249752 ], [ 109.2188443, -7.3250497 ], [ 109.2186365, -7.3253277 ], [ 109.2185873, -7.3254073 ], [ 109.2186171, -7.3255325 ], [ 109.2187113, -7.3255937 ], [ 109.2188552, -7.3256758 ], [ 109.2192034, -7.3258008 ], [ 109.2193856, -7.3258964 ], [ 109.2195719, -7.3260371 ], [ 109.2197245, -7.3262272 ], [ 109.2198368, -7.326368 ], [ 109.2199252, -7.3266393 ], [ 109.2199881, -7.3269 ], [ 109.2200554, -7.3271956 ], [ 109.220121, -7.3275025 ], [ 109.2201258, -7.3278074 ], [ 109.2201077, -7.3279401 ], [ 109.2200856, -7.3280454 ], [ 109.2200453, -7.3281377 ], [ 109.2199907, -7.3282193 ], [ 109.2199161, -7.3282888 ], [ 109.2195792, -7.3284626 ], [ 109.219189, -7.3286495 ], [ 109.2191117, -7.3286475 ], [ 109.2189717, -7.328598 ], [ 109.2188504, -7.3285095 ], [ 109.2186462, -7.3283713 ], [ 109.2185015, -7.3283648 ], [ 109.218329, -7.328427 ], [ 109.218212, -7.3284523 ], [ 109.2180739, -7.3284463 ], [ 109.2179269, -7.3284157 ], [ 109.2177621, -7.3283635 ], [ 109.2176414, -7.3283261 ], [ 109.2174724, -7.3282783 ], [ 109.2173943, -7.3282485 ], [ 109.2173301, -7.328224 ], [ 109.2171992, -7.3282322 ], [ 109.2170955, -7.3282431 ], [ 109.2170072, -7.3282908 ], [ 109.2169481, -7.3283306 ], [ 109.2169005, -7.3283999 ], [ 109.2168701, -7.3285675 ], [ 109.2168861, -7.3287918 ], [ 109.2168864, -7.3289063 ], [ 109.2168994, -7.3290415 ], [ 109.2169419, -7.3291386 ], [ 109.2170025, -7.3292204 ], [ 109.2171283, -7.3293382 ], [ 109.2171612, -7.3294712 ], [ 109.2171255, -7.3296054 ], [ 109.2170764, -7.3298052 ], [ 109.2170055, -7.3300734 ], [ 109.2170224, -7.3302174 ], [ 109.2170545, -7.3303621 ], [ 109.2171478, -7.3305512 ], [ 109.2172323, -7.3307002 ], [ 109.2172355, -7.3308897 ], [ 109.2171901, -7.3314864 ], [ 109.2171727, -7.3319055 ], [ 109.2171608, -7.3320616 ], [ 109.2171543, -7.3325395 ], [ 109.2170877, -7.3328873 ], [ 109.2169235, -7.3330085 ], [ 109.2167895, -7.3330294 ], [ 109.2166932, -7.3330147 ], [ 109.2166273, -7.3330027 ], [ 109.2165249, -7.3329661 ], [ 109.2163865, -7.3326182 ], [ 109.2161738, -7.3326123 ], [ 109.2159874, -7.3326125 ], [ 109.2157636, -7.3328377 ], [ 109.2156378, -7.3329884 ], [ 109.2155226, -7.3331162 ], [ 109.2153306, -7.3333692 ], [ 109.2153251, -7.3334604 ], [ 109.2153075, -7.3336575 ], [ 109.2152969, -7.3341466 ], [ 109.215277, -7.3342743 ], [ 109.2152412, -7.334319 ], [ 109.2151724, -7.3343581 ], [ 109.2150072, -7.3343754 ], [ 109.2145635, -7.3343727 ], [ 109.2144609, -7.334383 ], [ 109.2143416, -7.3344419 ], [ 109.214289, -7.3344972 ], [ 109.2142242, -7.3345942 ], [ 109.2141167, -7.3347585 ], [ 109.2139933, -7.3348383 ], [ 109.2139077, -7.3348649 ], [ 109.2138326, -7.3348749 ], [ 109.2137374, -7.3348729 ], [ 109.2136553, -7.3348515 ], [ 109.2135617, -7.334801 ], [ 109.2135087, -7.3347877 ], [ 109.2134569, -7.3347957 ], [ 109.21339, -7.3348197 ], [ 109.2133093, -7.3348489 ], [ 109.2131511, -7.3348968 ], [ 109.2130841, -7.3349177 ], [ 109.2129419, -7.3349622 ], [ 109.2127982, -7.335026 ], [ 109.2127415, -7.3350624 ], [ 109.2127055, -7.3351018 ], [ 109.2126927, -7.3352179 ], [ 109.212718, -7.3354544 ], [ 109.2127392, -7.3355483 ], [ 109.2126712, -7.3355903 ], [ 109.2125973, -7.3356255 ], [ 109.212461, -7.335674 ], [ 109.2123169, -7.3357179 ], [ 109.21218, -7.3357632 ], [ 109.2120047, -7.3357995 ], [ 109.2117956, -7.3358119 ], [ 109.2116123, -7.3358298 ], [ 109.2114338, -7.3358245 ], [ 109.2113187, -7.3357813 ], [ 109.2112617, -7.3357434 ], [ 109.2112376, -7.3356742 ], [ 109.2112396, -7.3355958 ], [ 109.2113688, -7.3349886 ], [ 109.211368, -7.3349669 ], [ 109.2113623, -7.3349447 ], [ 109.2113312, -7.3349087 ], [ 109.2110697, -7.3347797 ], [ 109.210367, -7.3343807 ], [ 109.2103435, -7.3343672 ], [ 109.2102143, -7.3342929 ], [ 109.210044, -7.3342304 ], [ 109.2098723, -7.3342184 ], [ 109.2097154, -7.3342437 ], [ 109.2092212, -7.3343647 ], [ 109.2091428, -7.33439 ], [ 109.2090717, -7.3344286 ], [ 109.2090408, -7.3344552 ], [ 109.2089879, -7.3345337 ], [ 109.2088786, -7.3346986 ], [ 109.2087606, -7.3347757 ], [ 109.2086291, -7.334825 ], [ 109.2084467, -7.3348462 ], [ 109.208428, -7.3348486 ], [ 109.2083777, -7.3348489 ], [ 109.2083354, -7.3348635 ], [ 109.208255, -7.3349061 ], [ 109.2081638, -7.3349773 ], [ 109.2080753, -7.3350338 ], [ 109.2079478, -7.335077 ], [ 109.2078272, -7.3350976 ], [ 109.2077547, -7.3351362 ], [ 109.2076434, -7.335232 ], [ 109.2075603, -7.3352659 ], [ 109.2074999, -7.3352732 ], [ 109.207398, -7.3352493 ], [ 109.2073028, -7.335204 ], [ 109.2071781, -7.3351761 ], [ 109.2069769, -7.3351641 ], [ 109.2068173, -7.3351655 ], [ 109.2066926, -7.3351482 ], [ 109.2066175, -7.3351562 ], [ 109.2065142, -7.335204 ], [ 109.2064418, -7.3352759 ], [ 109.2063841, -7.3354089 ], [ 109.2063023, -7.3355153 ], [ 109.206183, -7.3356204 ], [ 109.2060153, -7.3356882 ], [ 109.2058584, -7.3357148 ], [ 109.2057471, -7.3357334 ], [ 109.2056725, -7.3357676 ], [ 109.2055553, -7.3358212 ], [ 109.2053488, -7.3359223 ], [ 109.205209, -7.3360151 ], [ 109.2050886, -7.3361125 ], [ 109.2049715, -7.3362173 ], [ 109.2049518, -7.3362349 ], [ 109.2048754, -7.3363439 ], [ 109.2048325, -7.3364051 ], [ 109.204697, -7.3365249 ], [ 109.2046621, -7.3365787 ], [ 109.2046501, -7.3366472 ], [ 109.204764, -7.3368298 ], [ 109.2048267, -7.3369554 ], [ 109.2048364, -7.3371539 ], [ 109.204701, -7.3373544 ], [ 109.2044798, -7.3375041 ], [ 109.2042247, -7.3375783 ], [ 109.2040209, -7.3376953 ], [ 109.2039831, -7.3377222 ], [ 109.2039219, -7.337718 ], [ 109.2038682, -7.3377353 ], [ 109.203824, -7.3377672 ], [ 109.2038051, -7.3378094 ], [ 109.2037944, -7.3378709 ], [ 109.2038061, -7.3379319 ], [ 109.2038005, -7.3379714 ], [ 109.2037904, -7.3380073 ], [ 109.2037676, -7.3380332 ], [ 109.2037392, -7.3380571 ], [ 109.2036711, -7.3381117 ], [ 109.2036349, -7.3381383 ], [ 109.203589, -7.3381476 ], [ 109.2032084, -7.3382117 ], [ 109.2030904, -7.3382327 ], [ 109.2030622, -7.3382374 ], [ 109.2030401, -7.338252 ], [ 109.2030179, -7.3382706 ], [ 109.2029986, -7.3382888 ], [ 109.2029791, -7.3383225 ], [ 109.2029596, -7.3383591 ], [ 109.2029422, -7.338393 ], [ 109.2029321, -7.3384323 ], [ 109.2029051, -7.3385785 ], [ 109.2028517, -7.33881 ], [ 109.2028353, -7.3389936 ], [ 109.2028568, -7.33935 ], [ 109.2028887, -7.3395785 ], [ 109.2028941, -7.3398446 ], [ 109.202878, -7.3400361 ], [ 109.2028699, -7.3402542 ], [ 109.202878, -7.34064 ], [ 109.202849, -7.3408158 ], [ 109.2027525, -7.3409717 ], [ 109.2026098, -7.3411002 ], [ 109.2023818, -7.3412757 ], [ 109.2021216, -7.3414913 ], [ 109.2019987, -7.3415846 ], [ 109.201878, -7.3416646 ], [ 109.201701, -7.3417363 ], [ 109.2013961, -7.3422121 ], [ 109.2013772, -7.3422206 ], [ 109.2013523, -7.3422124 ], [ 109.2009199, -7.3418131 ], [ 109.200901, -7.3418048 ], [ 109.2008769, -7.3418063 ], [ 109.2007796, -7.3418912 ], [ 109.2007716, -7.3419411 ], [ 109.2007703, -7.3421832 ], [ 109.2007327, -7.3423643 ], [ 109.2004859, -7.3429522 ], [ 109.2004329, -7.3430099 ], [ 109.2003565, -7.3430344 ], [ 109.1990657, -7.3429796 ], [ 109.1989147, -7.3430413 ], [ 109.1988516, -7.3430671 ], [ 109.1987435, -7.3430946 ], [ 109.1985729, -7.3431245 ], [ 109.1984783, -7.3431288 ], [ 109.198418, -7.3431464 ], [ 109.1983616, -7.3432047 ], [ 109.1983327, -7.3432799 ], [ 109.1982946, -7.3433979 ], [ 109.1982062, -7.3436596 ], [ 109.1981384, -7.3438097 ], [ 109.1980505, -7.3440083 ], [ 109.1980076, -7.3440932 ], [ 109.1979432, -7.344157 ], [ 109.1978922, -7.3441943 ], [ 109.1978359, -7.3442182 ], [ 109.1977514, -7.3442315 ], [ 109.1976656, -7.3442262 ] ] } },
{ "type": "Feature", "properties": { "name": "Jalan Letnan Jenderal S. Parman", "highway": "tertiary", "length": 62.943043024154463, "latitude": -7.4391469177364007, "longitude": 109.24420837439237 }, "geometry": { "type": "LineString", "coordinates": [ [ 109.2442121, -7.4394299 ], [ 109.2442113, -7.4392 ], [ 109.2442009, -7.438864 ] ] } },
{ "type": "Feature", "properties": { "name": "Jalan KH. Wahid Hasyim", "highway": "primary", "length": 906.16201403322179, "latitude": -7.4439422375303703, "longitude": 109.24401421272748 }, "geometry": { "type": "LineString", "coordinates": [ [ 109.2443312, -7.4398998 ], [ 109.2443492, -7.4402493 ], [ 109.2443524, -7.440343 ], [ 109.2443598, -7.440563 ], [ 109.2443715, -7.4409076 ], [ 109.24438, -7.4410791 ], [ 109.2444, -7.4414692 ], [ 109.2443973, -7.441757 ], [ 109.2443872, -7.4420549 ], [ 109.2442911, -7.4426152 ], [ 109.2442628, -7.4427833 ], [ 109.244141, -7.443502 ], [ 109.2440417, -7.4440455 ], [ 109.2440187, -7.4441799 ], [ 109.2440099, -7.4442542 ], [ 109.2439653, -7.4445441 ], [ 109.2439476, -7.4446657 ], [ 109.2438993, -7.4449801 ], [ 109.2437757, -7.4456087 ], [ 109.2437544, -7.445755 ], [ 109.2437281, -7.4459061 ], [ 109.2437034, -7.4460485 ], [ 109.2436813, -7.4461854 ], [ 109.2436127, -7.4465784 ], [ 109.243595, -7.4466852 ], [ 109.243563, -7.4468898 ], [ 109.2435507, -7.4469737 ], [ 109.2435406, -7.4470649 ], [ 109.2434626, -7.447563 ], [ 109.2434245, -7.4477631 ], [ 109.2433858, -7.4479637 ] ] } },
{ "type": "Feature", "properties": { "name": "Senopati", "highway": "secondary", "length": 828.78819042503926, "latitude": -7.4235075433687854, "longitude": 109.26144210899136 }, "geometry": { "type": "LineString", "coordinates": [ [ 109.2610435, -7.4198028 ], [ 109.261065, -7.4200169 ], [ 109.2610824, -7.4202005 ], [ 109.2611012, -7.4204372 ], [ 109.2611173, -7.4205569 ], [ 109.2611334, -7.4207324 ], [ 109.2611696, -7.4210941 ], [ 109.2612152, -7.4214545 ], [ 109.2612241, -7.4215152 ], [ 109.2612393, -7.4217192 ], [ 109.2612755, -7.4219373 ], [ 109.2613345, -7.422557 ], [ 109.2613614, -7.4228283 ], [ 109.2613775, -7.4229413 ], [ 109.2613879, -7.4230615 ], [ 109.2613976, -7.4231395 ], [ 109.2614204, -7.4233762 ], [ 109.2614875, -7.423839 ], [ 109.2615478, -7.4243696 ], [ 109.261592, -7.4248284 ], [ 109.2616136, -7.4251242 ], [ 109.261647, -7.4253736 ], [ 109.261694, -7.4258019 ], [ 109.2617087, -7.4259627 ], [ 109.2617248, -7.4261104 ], [ 109.2617342, -7.4261995 ], [ 109.2618155, -7.4268724 ], [ 109.2618347, -7.4272128 ] ] } },
{ "type": "Feature", "properties": { "name": [ "Jalan Martadiredja", "Jalan Senopati" ], "highway": "secondary", "length": 767.69484976713716, "latitude": -7.4213978427523815, "longitude": 109.25795701964307 }, "geometry": { "type": "LineString", "coordinates": [ [ 109.2610435, -7.4198028 ], [ 109.2607123, -7.4199757 ], [ 109.2601919, -7.4202443 ], [ 109.2595777, -7.4205808 ], [ 109.2593899, -7.4206659 ], [ 109.258596, -7.4210602 ], [ 109.2583061, -7.4212163 ], [ 109.2579107, -7.4214146 ], [ 109.2577712, -7.4214931 ], [ 109.257621, -7.4215769 ], [ 109.2571717, -7.4218163 ], [ 109.2567949, -7.4219958 ], [ 109.2564087, -7.4221939 ], [ 109.2559741, -7.4224094 ], [ 109.2556375, -7.4225816 ], [ 109.2555799, -7.4226195 ], [ 109.2552285, -7.422803 ], [ 109.2549562, -7.4229473 ], [ 109.2549227, -7.4229636 ], [ 109.2548972, -7.4229714 ], [ 109.254865, -7.4229786 ] ] } },
{ "type": "Feature", "properties": { "name": "Jalan Senopati", "highway": "secondary", "length": 547.54241999693511, "latitude": -7.4179346180555967, "longitude": 109.26204884546951 }, "geometry": { "type": "LineString", "coordinates": [ [ 109.2610435, -7.4198028 ], [ 109.2610301, -7.419626 ], [ 109.2610274, -7.4193812 ], [ 109.2610113, -7.4191007 ], [ 109.2610194, -7.4189012 ], [ 109.2610475, -7.4187562 ], [ 109.2610972, -7.4186086 ], [ 109.2611535, -7.4184982 ], [ 109.2612259, -7.4183918 ], [ 109.2613774, -7.4182316 ], [ 109.2614213, -7.4181993 ], [ 109.2615411, -7.4181139 ], [ 109.2617731, -7.4179969 ], [ 109.2619099, -7.4179304 ], [ 109.2621248, -7.4178402 ], [ 109.2623256, -7.4177601 ], [ 109.2624839, -7.4177149 ], [ 109.2625616, -7.4177003 ], [ 109.2626254, -7.4176883 ], [ 109.2627702, -7.4176591 ], [ 109.2628795, -7.4176391 ], [ 109.2629291, -7.4176218 ], [ 109.2629737, -7.4175951 ], [ 109.2630009, -7.4175686 ], [ 109.2630511, -7.4174815 ], [ 109.2630693, -7.417439 ], [ 109.2630733, -7.4174071 ], [ 109.263074, -7.4173838 ], [ 109.2630686, -7.417312 ], [ 109.2630391, -7.4170393 ], [ 109.2630226, -7.4169431 ], [ 109.2630056, -7.4168598 ], [ 109.2629653, -7.4166603 ], [ 109.2628996, -7.4163877 ], [ 109.2628902, -7.4161989 ], [ 109.2628956, -7.4161164 ] ] } },
{ "type": "Feature", "properties": { "name": "Jalan Raya Desa Kemutug Lor", "highway": "tertiary", "length": 1103.7329193525375, "latitude": -7.3428082636670986, "longitude": 109.23653236119647 }, "geometry": { "type": "LineString", "coordinates": [ [ 109.2344102, -7.3453392 ], [ 109.2350183, -7.3451099 ], [ 109.2351375, -7.3450363 ], [ 109.2352841, -7.3448045 ], [ 109.2354124, -7.3446152 ], [ 109.2354414, -7.3445356 ], [ 109.2354772, -7.3444014 ], [ 109.2355452, -7.3441166 ], [ 109.2355619, -7.3440229 ], [ 109.2355603, -7.3439504 ], [ 109.2355388, -7.3438703 ], [ 109.2355079, -7.3437698 ], [ 109.2354748, -7.3436638 ], [ 109.2354397, -7.3435072 ], [ 109.2354489, -7.34344 ], [ 109.2354699, -7.3433934 ], [ 109.2355272, -7.3433489 ], [ 109.2355837, -7.3433303 ], [ 109.2356339, -7.3433287 ], [ 109.2356777, -7.3433369 ], [ 109.2358982, -7.3435649 ], [ 109.2360379, -7.3437263 ], [ 109.2362221, -7.3439181 ], [ 109.236275, -7.3439692 ], [ 109.2363578, -7.3440075 ], [ 109.2364811, -7.3440198 ], [ 109.2365562, -7.3440238 ], [ 109.2366718, -7.3440303 ], [ 109.236756, -7.3440309 ], [ 109.2368519, -7.3440304 ], [ 109.2370753, -7.3440161 ], [ 109.2373696, -7.3440003 ], [ 109.2374391, -7.3439721 ], [ 109.2375002, -7.3439365 ], [ 109.2375247, -7.3439014 ], [ 109.2375472, -7.3438568 ], [ 109.2375508, -7.3438109 ], [ 109.237552, -7.3436624 ], [ 109.2375486, -7.3433321 ], [ 109.2375585, -7.3431959 ], [ 109.23756, -7.3429188 ], [ 109.2375249, -7.3426308 ], [ 109.2374786, -7.3422952 ], [ 109.2374223, -7.3419394 ], [ 109.2374248, -7.3418811 ], [ 109.2373677, -7.3414613 ], [ 109.2373512, -7.3413691 ], [ 109.2372526, -7.3411155 ], [ 109.2371584, -7.3408955 ], [ 109.2371213, -7.3408132 ], [ 109.2370809, -7.3406604 ], [ 109.2369931, -7.3403109 ], [ 109.2368425, -7.3397621 ], [ 109.2367092, -7.3392159 ], [ 109.2366775, -7.3390187 ] ] } },
{ "type": "Feature", "properties": { "name": [ "Jalan Raya Baturraden", "Jalan Raya Baturaden" ], "highway": "primary", "length": 1950.2485432510589, "latitude": -7.3536821972008024, "longitude": 109.2369433405316 }, "geometry": { "type": "LineString", "coordinates": [ [ 109.2344102, -7.3453392 ], [ 109.2345232, -7.3455882 ], [ 109.2346747, -7.3460751 ], [ 109.2349647, -7.3467375 ], [ 109.2353198, -7.3475488 ], [ 109.2356805, -7.3483921 ], [ 109.235804, -7.3486661 ], [ 109.2359327, -7.3490438 ], [ 109.2360836, -7.3494882 ], [ 109.2363387, -7.350491 ], [ 109.236397, -7.3508193 ], [ 109.2364581, -7.3511783 ], [ 109.2365514, -7.3517221 ], [ 109.2366037, -7.3521065 ], [ 109.2367078, -7.3524648 ], [ 109.2369201, -7.3531795 ], [ 109.237137, -7.3537909 ], [ 109.2376104, -7.3550784 ], [ 109.2377324, -7.3554229 ], [ 109.2378089, -7.3556782 ], [ 109.2378558, -7.3559017 ], [ 109.2380165, -7.3566097 ], [ 109.2380184, -7.3568971 ], [ 109.238057, -7.3573047 ], [ 109.2380893, -7.3575373 ], [ 109.2381138, -7.3577568 ], [ 109.2381253, -7.35807 ], [ 109.238156, -7.3586901 ], [ 109.2382485, -7.3597671 ], [ 109.238346, -7.3613429 ], [ 109.2384258, -7.362266 ] ] } },
{ "type": "Feature", "properties": { "name": "Jalan Raya Baturaden", "highway": "primary", "length": 3159.2093871824759, "latitude": -7.3322085345301593, "longitude": 109.23016689024993 }, "geometry": { "type": "LineString", "coordinates": [ [ 109.2344102, -7.3453392 ], [ 109.2342363, -7.3449971 ], [ 109.2340562, -7.3446432 ], [ 109.2338201, -7.3441994 ], [ 109.2332214, -7.3428794 ], [ 109.23316, -7.3427498 ], [ 109.2331402, -7.3427122 ], [ 109.2330035, -7.3424368 ], [ 109.2328865, -7.3421835 ], [ 109.23278, -7.3419531 ], [ 109.2326706, -7.3417059 ], [ 109.232647, -7.3416525 ], [ 109.2324797, -7.3412514 ], [ 109.2324029, -7.3409808 ], [ 109.2321038, -7.3399011 ], [ 109.2320851, -7.3397451 ], [ 109.232073, -7.3395921 ], [ 109.2320797, -7.3388366 ], [ 109.2320693, -7.3386604 ], [ 109.2320636, -7.3385221 ], [ 109.2320361, -7.3383917 ], [ 109.2319899, -7.33829 ], [ 109.2319248, -7.3381749 ], [ 109.2318131, -7.3379951 ], [ 109.2317323, -7.3378644 ], [ 109.2316022, -7.3376357 ], [ 109.2313791, -7.3372668 ], [ 109.2312945, -7.3371406 ], [ 109.2311423, -7.3368587 ], [ 109.231092, -7.3367781 ], [ 109.230916, -7.3364657 ], [ 109.2307386, -7.3361507 ], [ 109.2303771, -7.3355607 ], [ 109.2300938, -7.3350983 ], [ 109.2299885, -7.3349439 ], [ 109.2298548, -7.3346381 ], [ 109.2296801, -7.3344425 ], [ 109.2295296, -7.3342843 ], [ 109.2293947, -7.3341432 ], [ 109.2293011, -7.3340642 ], [ 109.228971, -7.3337848 ], [ 109.2288738, -7.3336451 ], [ 109.2288291, -7.333503 ], [ 109.2287929, -7.3333893 ], [ 109.2287689, -7.3332217 ], [ 109.2287511, -7.3330935 ], [ 109.2287428, -7.3329937 ], [ 109.2287329, -7.3327308 ], [ 109.228723, -7.332468 ], [ 109.228721, -7.3319176 ], [ 109.2287129, -7.331791 ], [ 109.2287426, -7.33161 ], [ 109.228783, -7.3311848 ], [ 109.228806, -7.3310101 ], [ 109.2288134, -7.3309654 ], [ 109.2288211, -7.330839 ], [ 109.2288424, -7.3304464 ], [ 109.228777, -7.3297784 ], [ 109.2288087, -7.3286073 ], [ 109.2287898, -7.3284719 ], [ 109.2287975, -7.3282315 ], [ 109.2287844, -7.3279014 ], [ 109.2287768, -7.3278055 ], [ 109.2287674, -7.3274175 ], [ 109.2287573, -7.3266215 ], [ 109.2287584, -7.3265572 ], [ 109.2287594, -7.3264928 ], [ 109.2287346, -7.3257592 ], [ 109.2287033, -7.3251758 ], [ 109.2286688, -7.3247064 ], [ 109.2286503, -7.3245538 ], [ 109.2286291, -7.3241924 ], [ 109.228617, -7.3238802 ], [ 109.2286018, -7.3237949 ], [ 109.2285887, -7.3235629 ], [ 109.2285843, -7.3234876 ], [ 109.2285761, -7.3233953 ], [ 109.2285669, -7.3231155 ], [ 109.2285652, -7.3228416 ], [ 109.2285838, -7.3223388 ], [ 109.2285876, -7.3221991 ], [ 109.2285204, -7.3218693 ], [ 109.2284713, -7.3216013 ], [ 109.2284358, -7.3213032 ], [ 109.2284089, -7.3210624 ], [ 109.2283933, -7.3202595 ], [ 109.2284131, -7.3198767 ], [ 109.2284291, -7.3197905 ], [ 109.2284432, -7.3196771 ], [ 109.2284825, -7.3195037 ], [ 109.2285128, -7.319342 ], [ 109.2285344, -7.319262 ], [ 109.2285631, -7.3191483 ], [ 109.2286872, -7.3187226 ], [ 109.2287575, -7.3184914 ] ] } },
{ "type": "Feature", "properties": { "name": "Jalan Perintis Kemerdekaan", "highway": "secondary", "length": 172.84136091724608, "latitude": -7.4286442069990404, "longitude": 109.24071026097215 }, "geometry": { "type": "LineString", "coordinates": [ [ 109.2407136, -7.4278675 ], [ 109.2407077, -7.4280337 ], [ 109.2407059, -7.4280506 ], [ 109.2407049, -7.4282585 ], [ 109.2406969, -7.4285862 ], [ 109.2406981, -7.4286552 ], [ 109.2406991, -7.4287105 ], [ 109.2407187, -7.429109 ], [ 109.2407206, -7.4291367 ], [ 109.2407265, -7.4291947 ], [ 109.2407392, -7.4294204 ] ] } },
{ "type": "Feature", "properties": { "name": "Jalan Jenderal Sudirman", "highway": "primary", "length": 25.866749761445554, "latitude": -7.4278629051718763, "longitude": 109.24059639492424 }, "geometry": { "type": "LineString", "coordinates": [ [ 109.2407136, -7.4278675 ], [ 109.2404914, -7.4278588 ], [ 109.2404792, -7.4278581 ] ] } },
{ "type": "Feature", "properties": { "name": "Jalan Brawijaya Banjar Anyar", "highway": "tertiary", "length": 2642.3412525308941, "latitude": -7.4329694582143651, "longitude": 109.31794501973373 }, "geometry": { "type": "LineString", "coordinates": [ [ 109.3156963, -7.4216056 ], [ 109.3159838, -7.4222077 ], [ 109.3161564, -7.4225629 ], [ 109.3162211, -7.4227025 ], [ 109.3162994, -7.4228692 ], [ 109.3163459, -7.4229829 ], [ 109.3164456, -7.423168 ], [ 109.3165871, -7.423471 ], [ 109.3167162, -7.4237269 ], [ 109.3169986, -7.4242978 ], [ 109.3172276, -7.424746 ], [ 109.3173097, -7.4249442 ], [ 109.3173901, -7.4251503 ], [ 109.3174195, -7.4252333 ], [ 109.3174473, -7.4253242 ], [ 109.3174756, -7.4254267 ], [ 109.3175103, -7.4255542 ], [ 109.3175282, -7.4256483 ], [ 109.3175425, -7.4257404 ], [ 109.31757, -7.4259293 ], [ 109.3175939, -7.426109 ], [ 109.3176081, -7.4261895 ], [ 109.3176063, -7.4262457 ], [ 109.3176099, -7.4263434 ], [ 109.3176426, -7.426539 ], [ 109.317649, -7.4266712 ], [ 109.3176544, -7.4267842 ], [ 109.3177743, -7.4270493 ], [ 109.3178111, -7.427278 ], [ 109.3178353, -7.4274549 ], [ 109.3178567, -7.4276331 ], [ 109.3178795, -7.4277966 ], [ 109.317928, -7.4281102 ], [ 109.3179891, -7.4284806 ], [ 109.3180326, -7.4287782 ], [ 109.3180567, -7.4289801 ], [ 109.3180941, -7.4292681 ], [ 109.3181332, -7.4295674 ], [ 109.3181634, -7.4297914 ], [ 109.3181787, -7.429921 ], [ 109.318187, -7.4300213 ], [ 109.3181922, -7.4300621 ], [ 109.3182269, -7.4304337 ], [ 109.3182352, -7.4305145 ], [ 109.3182463, -7.4306019 ], [ 109.3182557, -7.430709 ], [ 109.3182579, -7.4308207 ], [ 109.3182647, -7.4308889 ], [ 109.3182671, -7.4309125 ], [ 109.3182693, -7.4309853 ], [ 109.3182726, -7.4311806 ], [ 109.3182753, -7.4312934 ], [ 109.3182719, -7.4314491 ], [ 109.3182618, -7.4316459 ], [ 109.3182598, -7.4317661 ], [ 109.318259, -7.4318174 ], [ 109.3182411, -7.4320126 ], [ 109.3182357, -7.4321233 ], [ 109.3182285, -7.43219 ], [ 109.3182296, -7.4322523 ], [ 109.3182221, -7.4323613 ], [ 109.3182144, -7.4325047 ], [ 109.3182082, -7.4327549 ], [ 109.3182036, -7.4330122 ], [ 109.3182081, -7.4331825 ], [ 109.3182111, -7.4333381 ], [ 109.3182151, -7.4334375 ], [ 109.3182242, -7.4336034 ], [ 109.3182246, -7.4337479 ], [ 109.3182262, -7.43389 ], [ 109.3182258, -7.43404 ], [ 109.3182347, -7.434295 ], [ 109.3182419, -7.4345587 ], [ 109.3182409, -7.4346978 ], [ 109.3182405, -7.434749 ], [ 109.3182399, -7.4348272 ], [ 109.3182537, -7.4350722 ], [ 109.3182577, -7.4352371 ], [ 109.3182584, -7.4352663 ], [ 109.3182637, -7.4355313 ], [ 109.3182713, -7.4356795 ], [ 109.3182661, -7.4357998 ], [ 109.3182633, -7.4358658 ], [ 109.3182528, -7.4359671 ], [ 109.3182356, -7.4360988 ], [ 109.3182129, -7.4362057 ], [ 109.3181345, -7.4363744 ], [ 109.3180707, -7.4364765 ], [ 109.3180065, -7.4365666 ], [ 109.3179162, -7.4367051 ], [ 109.317802, -7.4368718 ], [ 109.3177597, -7.4369455 ], [ 109.3177352, -7.4370137 ], [ 109.3177287, -7.4370663 ], [ 109.3177262, -7.4371039 ], [ 109.3177372, -7.4371526 ], [ 109.3177562, -7.4372192 ], [ 109.3178008, -7.4373221 ], [ 109.3178553, -7.4374086 ], [ 109.3179086, -7.437502 ], [ 109.3179544, -7.4376074 ], [ 109.3179895, -7.4376687 ], [ 109.3180351, -7.4377325 ], [ 109.3180955, -7.4378329 ], [ 109.3181659, -7.4379552 ], [ 109.3182758, -7.4381501 ], [ 109.3183388, -7.4382544 ], [ 109.3183908, -7.4383633 ], [ 109.3184421, -7.4384732 ], [ 109.3184609, -7.4385284 ], [ 109.3184701, -7.438573 ], [ 109.3184837, -7.4386428 ], [ 109.3185016, -7.4388854 ], [ 109.3185126, -7.4391361 ], [ 109.3185266, -7.4393669 ], [ 109.3185333, -7.4395617 ], [ 109.3185521, -7.4398988 ], [ 109.3185556, -7.4402189 ], [ 109.318589, -7.4406501 ], [ 109.3186241, -7.44109 ], [ 109.3186304, -7.4411715 ], [ 109.318644, -7.4413476 ], [ 109.3186567, -7.4416275 ], [ 109.3186723, -7.4421252 ], [ 109.3186735, -7.4422792 ], [ 109.3186687, -7.4424345 ], [ 109.3186762, -7.4426615 ], [ 109.3186672, -7.442903 ], [ 109.3186667, -7.4431349 ], [ 109.3186641, -7.443345 ], [ 109.3186432, -7.4437245 ], [ 109.3186308, -7.4439245 ], [ 109.3186278, -7.4440936 ], [ 109.3186184, -7.4443184 ], [ 109.3186198, -7.4444793 ], [ 109.3186142, -7.4445717 ] ] } },
{ "type": "Feature", "properties": { "name": "Jalan Brawijaya Banjar Anyar", "highway": "tertiary", "length": 651.8896268883808, "latitude": -7.418948856461415, "longitude": 109.31445167409852 }, "geometry": { "type": "LineString", "coordinates": [ [ 109.3156963, -7.4216056 ], [ 109.3155701, -7.421279 ], [ 109.3154108, -7.4209563 ], [ 109.3152831, -7.4206859 ], [ 109.3151304, -7.4203535 ], [ 109.3148674, -7.4197643 ], [ 109.314761, -7.4195355 ], [ 109.3146289, -7.4192513 ], [ 109.3145335, -7.4190421 ], [ 109.3144208, -7.4187974 ], [ 109.3143404, -7.4186432 ], [ 109.3141432, -7.4182056 ], [ 109.3140346, -7.4179862 ], [ 109.3138978, -7.4177269 ], [ 109.3137451, -7.4174586 ], [ 109.3134916, -7.417046 ], [ 109.3134096, -7.4169157 ], [ 109.3133052, -7.4167485 ], [ 109.3132219, -7.4166337 ], [ 109.3131353, -7.4165051 ], [ 109.3130441, -7.41638 ] ] } },
{ "type": "Feature", "properties": { "name": "Jalan Raya Padamara", "highway": "secondary", "length": 2331.3493287840965, "latitude": -7.3874441972256788, "longitude": 109.28975367349878 }, "geometry": { "type": "LineString", "coordinates": [ [ 109.3001038, -7.3855951 ], [ 109.2996965, -7.3856727 ], [ 109.2995386, -7.3857028 ], [ 109.2984654, -7.3859006 ], [ 109.2978569, -7.3859802 ], [ 109.2971085, -7.3860959 ], [ 109.2959625, -7.3862654 ], [ 109.2956467, -7.3863166 ], [ 109.295467, -7.3863572 ], [ 109.2950921, -7.3864576 ], [ 109.2947669, -7.3865561 ], [ 109.2932119, -7.3870727 ], [ 109.2928914, -7.3871791 ], [ 109.292418, -7.3873138 ], [ 109.2921746, -7.3873698 ], [ 109.2917977, -7.3874498 ], [ 109.2917277, -7.387464 ], [ 109.2915235, -7.3875016 ], [ 109.2912868, -7.3875368 ], [ 109.2909719, -7.3875603 ], [ 109.2906893, -7.3875668 ], [ 109.2904519, -7.3875828 ], [ 109.2894092, -7.3876466 ], [ 109.2884973, -7.387741 ], [ 109.2883739, -7.387751 ], [ 109.28786, -7.3878004 ], [ 109.28781, -7.3878008 ], [ 109.2867596, -7.3879003 ], [ 109.2865745, -7.3879306 ], [ 109.2858305, -7.3880341 ], [ 109.2855945, -7.3880669 ], [ 109.2851237, -7.3881281 ], [ 109.2848521, -7.388158 ], [ 109.2846716, -7.3881674 ], [ 109.2838788, -7.388157 ], [ 109.2834574, -7.388158 ], [ 109.2832086, -7.3881713 ], [ 109.2830767, -7.3881845 ], [ 109.2828968, -7.3882025 ], [ 109.282695, -7.3882285 ], [ 109.2825233, -7.3882633 ], [ 109.2820922, -7.3883608 ], [ 109.2818843, -7.3884233 ], [ 109.2817689, -7.3884652 ], [ 109.2816583, -7.3885344 ], [ 109.2815812, -7.3886068 ], [ 109.2812687, -7.3889533 ], [ 109.2811909, -7.3890205 ], [ 109.2811078, -7.3890637 ], [ 109.2809844, -7.3891009 ], [ 109.2808644, -7.3891275 ], [ 109.2805217, -7.3892186 ], [ 109.2800827, -7.3893184 ], [ 109.2799655, -7.389359 ], [ 109.2797562, -7.3894283 ], [ 109.2796902, -7.3894549 ], [ 109.2795755, -7.3895039 ] ] } },
{ "type": "Feature", "properties": { "name": null, "highway": "tertiary", "length": 2170.6891468629906, "latitude": -7.3948449192238979, "longitude": 109.30233722358722 }, "geometry": { "type": "LineString", "coordinates": [ [ 109.3001038, -7.3855951 ], [ 109.3002588, -7.3866492 ], [ 109.3002957, -7.3869519 ], [ 109.300299, -7.3869754 ], [ 109.3003429, -7.3874127 ], [ 109.3003607, -7.3874883 ], [ 109.3003855, -7.3877203 ], [ 109.3004117, -7.3879663 ], [ 109.3004666, -7.3884074 ], [ 109.3005407, -7.388909 ], [ 109.3007486, -7.3902377 ], [ 109.300767, -7.3904156 ], [ 109.3007727, -7.3905635 ], [ 109.300761, -7.3906497 ], [ 109.3007436, -7.3907109 ], [ 109.3007186, -7.3907649 ], [ 109.3006893, -7.3907958 ], [ 109.3009173, -7.3916144 ], [ 109.3015543, -7.39369 ], [ 109.3018976, -7.3947898 ], [ 109.3020008, -7.3951449 ], [ 109.302076, -7.3954162 ], [ 109.3021296, -7.3955891 ], [ 109.3021954, -7.3957758 ], [ 109.3023992, -7.3963525 ], [ 109.3026204, -7.3969696 ], [ 109.3027975, -7.3974737 ], [ 109.3029601, -7.397946 ], [ 109.3031703, -7.398511 ], [ 109.303291, -7.3988608 ], [ 109.3033782, -7.3991095 ], [ 109.3034672, -7.3993587 ], [ 109.3036022, -7.3997231 ], [ 109.3036773, -7.3999345 ], [ 109.3037155, -7.4000169 ], [ 109.3039068, -7.4005905 ], [ 109.3039188, -7.4006487 ], [ 109.3039508, -7.4008051 ], [ 109.3040192, -7.4010485 ], [ 109.3041239, -7.4013597 ], [ 109.3042067, -7.4016478 ], [ 109.3042419, -7.4017481 ], [ 109.3042625, -7.4017939 ], [ 109.3043782, -7.4017635 ], [ 109.3045137, -7.4017213 ], [ 109.3046385, -7.4016895 ], [ 109.3047615, -7.401654 ], [ 109.3049696, -7.4015947 ], [ 109.3051918, -7.4015235 ], [ 109.305369, -7.4014735 ], [ 109.3054897, -7.4014355 ], [ 109.3056094, -7.4014062 ], [ 109.3057266, -7.4013883 ], [ 109.3060162, -7.4013451 ], [ 109.3062056, -7.4013414 ], [ 109.3064197, -7.4013464 ], [ 109.3066213, -7.4013734 ], [ 109.3067832, -7.4014063 ], [ 109.3068932, -7.4014741 ] ] } },
{ "type": "Feature", "properties": { "name": null, "highway": "tertiary", "length": 2170.689146862991, "latitude": -7.3948449192239005, "longitude": 109.30233722358722 }, "geometry": { "type": "LineString", "coordinates": [ [ 109.3068932, -7.4014741 ], [ 109.3067832, -7.4014063 ], [ 109.3066213, -7.4013734 ], [ 109.3064197, -7.4013464 ], [ 109.3062056, -7.4013414 ], [ 109.3060162, -7.4013451 ], [ 109.3057266, -7.4013883 ], [ 109.3056094, -7.4014062 ], [ 109.3054897, -7.4014355 ], [ 109.305369, -7.4014735 ], [ 109.3051918, -7.4015235 ], [ 109.3049696, -7.4015947 ], [ 109.3047615, -7.401654 ], [ 109.3046385, -7.4016895 ], [ 109.3045137, -7.4017213 ], [ 109.3043782, -7.4017635 ], [ 109.3042625, -7.4017939 ], [ 109.3042419, -7.4017481 ], [ 109.3042067, -7.4016478 ], [ 109.3041239, -7.4013597 ], [ 109.3040192, -7.4010485 ], [ 109.3039508, -7.4008051 ], [ 109.3039188, -7.4006487 ], [ 109.3039068, -7.4005905 ], [ 109.3037155, -7.4000169 ], [ 109.3036773, -7.3999345 ], [ 109.3036022, -7.3997231 ], [ 109.3034672, -7.3993587 ], [ 109.3033782, -7.3991095 ], [ 109.303291, -7.3988608 ], [ 109.3031703, -7.398511 ], [ 109.3029601, -7.397946 ], [ 109.3027975, -7.3974737 ], [ 109.3026204, -7.3969696 ], [ 109.3023992, -7.3963525 ], [ 109.3021954, -7.3957758 ], [ 109.3021296, -7.3955891 ], [ 109.302076, -7.3954162 ], [ 109.3020008, -7.3951449 ], [ 109.3018976, -7.3947898 ], [ 109.3015543, -7.39369 ], [ 109.3009173, -7.3916144 ], [ 109.3006893, -7.3907958 ], [ 109.3007186, -7.3907649 ], [ 109.3007436, -7.3907109 ], [ 109.300761, -7.3906497 ], [ 109.3007727, -7.3905635 ], [ 109.300767, -7.3904156 ], [ 109.3007486, -7.3902377 ], [ 109.3005407, -7.388909 ], [ 109.3004666, -7.3884074 ], [ 109.3004117, -7.3879663 ], [ 109.3003855, -7.3877203 ], [ 109.3003607, -7.3874883 ], [ 109.3003429, -7.3874127 ], [ 109.300299, -7.3869754 ], [ 109.3002957, -7.3869519 ], [ 109.3002588, -7.3866492 ], [ 109.3001038, -7.3855951 ] ] } },
{ "type": "Feature", "properties": { "name": "Jalan Brawijaya Banjar Anyar", "highway": "tertiary", "length": 1533.5956490184126, "latitude": -7.4078621173068422, "longitude": 109.30945828176874 }, "geometry": { "type": "LineString", "coordinates": [ [ 109.3068932, -7.4014741 ], [ 109.3070863, -7.4021657 ], [ 109.3072298, -7.4026311 ], [ 109.3073358, -7.4029942 ], [ 109.3074028, -7.4032389 ], [ 109.3074616, -7.4034408 ], [ 109.3075436, -7.4036898 ], [ 109.3076026, -7.4038853 ], [ 109.3076617, -7.4040103 ], [ 109.3077294, -7.4041911 ], [ 109.3077358, -7.4042063 ], [ 109.3078296, -7.4044272 ], [ 109.3078984, -7.4045698 ], [ 109.3079607, -7.4046945 ], [ 109.3081351, -7.4050583 ], [ 109.3082705, -7.4053362 ], [ 109.3083711, -7.4055517 ], [ 109.3085535, -7.4059546 ], [ 109.3086299, -7.4061209 ], [ 109.3087319, -7.4063363 ], [ 109.3088888, -7.4066355 ], [ 109.3090403, -7.4069712 ], [ 109.3091825, -7.4072686 ], [ 109.3092938, -7.4075045 ], [ 109.3094136, -7.4077552 ], [ 109.3095271, -7.4079827 ], [ 109.309613, -7.4081703 ], [ 109.3097082, -7.4083754 ], [ 109.3098637, -7.4087222 ], [ 109.3100367, -7.4091012 ], [ 109.310132, -7.4093073 ], [ 109.3102285, -7.4094948 ], [ 109.3104123, -7.4098832 ], [ 109.310427, -7.4099137 ], [ 109.3106966, -7.4104723 ], [ 109.3108428, -7.4107769 ], [ 109.3111445, -7.4114538 ], [ 109.3113631, -7.4119538 ], [ 109.3115469, -7.4124733 ], [ 109.3116167, -7.4127238 ], [ 109.3116862, -7.4130062 ], [ 109.3117289, -7.4131369 ], [ 109.3117426, -7.4132119 ], [ 109.3118888, -7.4140431 ], [ 109.3119221, -7.4142716 ] ] } },
{ "type": "Feature", "properties": { "name": "Jalan Menteri Supeno", "highway": "secondary", "length": 1536.9897879713867, "latitude": -7.4585798293394028, "longitude": 109.28046858480022 }, "geometry": { "type": "LineString", "coordinates": [ [ 109.2735668, -7.4590736 ], [ 109.2740363, -7.4589438 ], [ 109.2741002, -7.4589302 ], [ 109.2745002, -7.4588449 ], [ 109.2745817, -7.4588357 ], [ 109.2748287, -7.4588077 ], [ 109.2753825, -7.4588163 ], [ 109.2766272, -7.4588356 ], [ 109.276894, -7.4588489 ], [ 109.2772159, -7.4588489 ], [ 109.2773718, -7.4588476 ], [ 109.2785545, -7.4588947 ], [ 109.2788856, -7.4588914 ], [ 109.2791179, -7.4589216 ], [ 109.2796362, -7.4589056 ], [ 109.2800817, -7.458905 ], [ 109.2802481, -7.4589021 ], [ 109.2807713, -7.4588991 ], [ 109.2810695, -7.4588914 ], [ 109.2814645, -7.4588582 ], [ 109.2816237, -7.4588289 ], [ 109.2817142, -7.4588118 ], [ 109.2821377, -7.4587199 ], [ 109.2823477, -7.4586574 ], [ 109.2826899, -7.4585314 ], [ 109.2827508, -7.4585142 ], [ 109.2830502, -7.4584231 ], [ 109.2839976, -7.4582224 ], [ 109.28406, -7.4582092 ], [ 109.284621, -7.458106 ], [ 109.2851645, -7.4580117 ], [ 109.2852269, -7.4580013 ], [ 109.2860263, -7.4578536 ], [ 109.2864337, -7.4577838 ], [ 109.2864464, -7.4577839 ], [ 109.286652, -7.4577461 ], [ 109.2870794, -7.4576626 ], [ 109.2870946, -7.4576592 ], [ 109.2873296, -7.4576081 ] ] } },
{ "type": "Feature", "properties": { "name": "Jalan Menteri Supeno", "highway": "secondary", "length": 933.34944326676339, "latitude": -7.4579902860320422, "longitude": 109.26987011100675 }, "geometry": { "type": "LineString", "coordinates": [ [ 109.2735668, -7.4590736 ], [ 109.2730071, -7.4592331 ], [ 109.272581, -7.4593422 ], [ 109.2723161, -7.4593797 ], [ 109.2722418, -7.4593902 ], [ 109.2721237, -7.4593933 ], [ 109.2718884, -7.4593914 ], [ 109.2716279, -7.4593691 ], [ 109.271442, -7.4593431 ], [ 109.271305, -7.4593143 ], [ 109.2710382, -7.4592582 ], [ 109.2709906, -7.4592399 ], [ 109.2709054, -7.4592071 ], [ 109.2706213, -7.4590679 ], [ 109.2704568, -7.4589865 ], [ 109.2702294, -7.4588359 ], [ 109.2699923, -7.4586226 ], [ 109.2696098, -7.458272 ], [ 109.2693222, -7.4579859 ], [ 109.2690164, -7.4576747 ], [ 109.2687676, -7.457422 ], [ 109.2686071, -7.4572624 ], [ 109.2684343, -7.4570909 ], [ 109.2680393, -7.4566951 ], [ 109.2676377, -7.4562917 ], [ 109.2675235, -7.4561812 ], [ 109.2672669, -7.4559176 ], [ 109.2667578, -7.4553948 ], [ 109.2667162, -7.4553541 ] ] } },
{ "type": "Feature", "properties": { "name": "Jalan Koperades", "highway": "tertiary", "length": 2868.3192035464681, "latitude": -7.4678359990664083, "longitude": 109.27542663693124 }, "geometry": { "type": "LineString", "coordinates": [ [ 109.2735668, -7.4590736 ], [ 109.2735176, -7.4594926 ], [ 109.2733026, -7.4606068 ], [ 109.2732677, -7.4607823 ], [ 109.2730853, -7.4615111 ], [ 109.2730477, -7.4620257 ], [ 109.2730276, -7.4621467 ], [ 109.2729954, -7.4622291 ], [ 109.2728661, -7.4624855 ], [ 109.2728211, -7.4625748 ], [ 109.2727934, -7.4626254 ], [ 109.2727339, -7.4627105 ], [ 109.2726441, -7.4628341 ], [ 109.2723209, -7.4631746 ], [ 109.2720929, -7.4634073 ], [ 109.2718507, -7.4636133 ], [ 109.2717549, -7.4637197 ], [ 109.2717033, -7.4637709 ], [ 109.2716597, -7.4638334 ], [ 109.271649, -7.463872 ], [ 109.271649, -7.4639106 ], [ 109.2717066, -7.4641406 ], [ 109.2717294, -7.4644551 ], [ 109.2717352, -7.4646546 ], [ 109.2717361, -7.4647829 ], [ 109.2717365, -7.4650708 ], [ 109.2717348, -7.4651771 ], [ 109.2717335, -7.4652423 ], [ 109.2717281, -7.4652942 ], [ 109.2717308, -7.4653932 ], [ 109.2717241, -7.4656266 ], [ 109.271704, -7.4657862 ], [ 109.2716758, -7.4659776 ], [ 109.2716651, -7.4661026 ], [ 109.271661, -7.4661678 ], [ 109.271657, -7.466223 ], [ 109.2716584, -7.4662449 ], [ 109.2716584, -7.4662702 ], [ 109.2716889, -7.4662715 ], [ 109.2717512, -7.4662781 ], [ 109.2717912, -7.4662818 ], [ 109.2724, -7.4663114 ], [ 109.2727044, -7.4663287 ], [ 109.2727986, -7.4663353 ], [ 109.2728549, -7.4663486 ], [ 109.2729257, -7.4663872 ], [ 109.2729713, -7.4664444 ], [ 109.2729761, -7.4664687 ], [ 109.2729861, -7.4665188 ], [ 109.2729954, -7.4666079 ], [ 109.2730045, -7.4666972 ], [ 109.2730008, -7.4668912 ], [ 109.2730142, -7.4675148 ], [ 109.2730209, -7.4677436 ], [ 109.2730263, -7.4678686 ], [ 109.2730283, -7.4679135 ], [ 109.2730317, -7.4679793 ], [ 109.273045, -7.4680826 ], [ 109.2730839, -7.4681518 ], [ 109.2731001, -7.4682275 ], [ 109.2730987, -7.4683047 ], [ 109.2730906, -7.4684124 ], [ 109.2730839, -7.4685772 ], [ 109.273073, -7.4686908 ], [ 109.2730657, -7.4687358 ], [ 109.2730598, -7.4688399 ], [ 109.2730518, -7.4690227 ], [ 109.2730384, -7.4691252 ], [ 109.2730327, -7.4692316 ], [ 109.2730129, -7.4694842 ], [ 109.2730183, -7.4695719 ], [ 109.2730243, -7.4696975 ], [ 109.2730263, -7.4697893 ], [ 109.2730236, -7.4698512 ], [ 109.273027, -7.4698937 ], [ 109.2730307, -7.4700499 ], [ 109.2730303, -7.4700905 ], [ 109.2730551, -7.4702587 ], [ 109.2730605, -7.4703524 ], [ 109.2730538, -7.470417 ], [ 109.2730679, -7.4705174 ], [ 109.2730639, -7.4706503 ], [ 109.2730812, -7.470738 ], [ 109.2730826, -7.4707999 ], [ 109.2730866, -7.4708477 ], [ 109.2730956, -7.4709076 ], [ 109.2731112, -7.4709607 ], [ 109.2731469, -7.4709881 ], [ 109.2731969, -7.4710013 ], [ 109.2732607, -7.4710053 ], [ 109.2735832, -7.4710359 ], [ 109.2740638, -7.4710874 ], [ 109.2743652, -7.4711197 ], [ 109.2744482, -7.471129 ], [ 109.2746842, -7.4711543 ], [ 109.2749068, -7.4711782 ], [ 109.2751053, -7.4712021 ], [ 109.275278, -7.4712271 ], [ 109.2754245, -7.4712553 ], [ 109.2756174, -7.4712879 ], [ 109.2758108, -7.4713244 ], [ 109.2761702, -7.4713882 ], [ 109.2762936, -7.4714042 ], [ 109.2764089, -7.4714202 ], [ 109.2765376, -7.4714415 ], [ 109.2767254, -7.4714681 ], [ 109.2768514, -7.4714946 ], [ 109.2769547, -7.471508 ], [ 109.2770794, -7.4715239 ], [ 109.2771361, -7.4715294 ], [ 109.2771993, -7.4715314 ], [ 109.2773315, -7.4715239 ], [ 109.2775086, -7.4715 ], [ 109.2777322, -7.471488 ], [ 109.2779485, -7.4714893 ], [ 109.2781882, -7.4714827 ], [ 109.2783964, -7.4714601 ], [ 109.2785734, -7.4714494 ], [ 109.2787531, -7.4714454 ], [ 109.2788779, -7.4714401 ], [ 109.2790247, -7.4714322 ], [ 109.2791954, -7.4714309 ], [ 109.2793115, -7.4714327 ], [ 109.2795333, -7.4714362 ], [ 109.2797048, -7.4714233 ], [ 109.2797453, -7.4713973 ], [ 109.2797778, -7.4713763 ], [ 109.2798184, -7.4713484 ], [ 109.2798476, -7.4713241 ], [ 109.2798641, -7.4713032 ], [ 109.2798733, -7.4712739 ], [ 109.2798652, -7.4712228 ], [ 109.2797535, -7.4708875 ], [ 109.2796674, -7.4705596 ], [ 109.2796528, -7.4703208 ], [ 109.2796296, -7.4700999 ], [ 109.2796234, -7.4699619 ], [ 109.2796226, -7.4699065 ], [ 109.2796812, -7.4699059 ], [ 109.2797114, -7.4699092 ], [ 109.2797578, -7.4699083 ], [ 109.2798097, -7.4699076 ], [ 109.2798663, -7.4699089 ], [ 109.2799383, -7.4699142 ], [ 109.2800153, -7.4699268 ], [ 109.2800996, -7.4699609 ], [ 109.2801813, -7.4700228 ], [ 109.2804352, -7.4702072 ], [ 109.2805919, -7.4702939 ], [ 109.2806833, -7.4703366 ], [ 109.2810219, -7.470393 ], [ 109.2815069, -7.4704921 ], [ 109.2819469, -7.4705821 ], [ 109.2821708, -7.4706089 ], [ 109.2823226, -7.470626 ], [ 109.2825752, -7.4706546 ], [ 109.2831657, -7.4707212 ], [ 109.2834251, -7.4707505 ] ] } },
{ "type": "Feature", "properties": { "name": "Jalan Gereja", "highway": "tertiary", "length": 525.33025352184768, "latitude": -7.4182589738196079, "longitude": 109.23357556394581 }, "geometry": { "type": "LineString", "coordinates": [ [ 109.2329864, -7.420546 ], [ 109.2332688, -7.419477 ], [ 109.2332797, -7.4194449 ], [ 109.2333061, -7.4193523 ], [ 109.2333154, -7.4193138 ], [ 109.2334309, -7.4188624 ], [ 109.233555, -7.4184115 ], [ 109.2335957, -7.4182479 ], [ 109.2336852, -7.4179384 ], [ 109.233696, -7.4178993 ], [ 109.2337712, -7.4176261 ], [ 109.2338293, -7.417415 ], [ 109.2338781, -7.4172388 ], [ 109.2339142, -7.4169635 ], [ 109.2339653, -7.4166404 ], [ 109.2339974, -7.4163597 ], [ 109.2340386, -7.4159481 ] ] } },
{ "type": "Feature", "properties": { "name": "Jalan Jenderal Gatot Subroto", "highway": "primary", "length": 244.92836162566348, "latitude": -7.4208041532883726, "longitude": 109.23406603566951 }, "geometry": { "type": "LineString", "coordinates": [ [ 109.2329864, -7.420546 ], [ 109.2330233, -7.4205549 ], [ 109.2336696, -7.42071 ], [ 109.2338446, -7.4207465 ], [ 109.2340969, -7.4208082 ], [ 109.2344079, -7.4208852 ], [ 109.2350221, -7.4210374 ], [ 109.2350309, -7.4210395 ], [ 109.2351447, -7.4210664 ] ] } },
{ "type": "Feature", "properties": { "name": "Jalan Jenderal Gatot Subroto", "highway": "primary", "length": 165.89534001523245, "latitude": -7.4203705073518496, "longitude": 109.23225524823535 }, "geometry": { "type": "LineString", "coordinates": [ [ 109.2315241, -7.420195 ], [ 109.2322377, -7.4203663 ], [ 109.2326239, -7.420459 ], [ 109.2329864, -7.420546 ] ] } },
{ "type": "Feature", "properties": { "name": "Jalan Jenderal Gatot Subroto", "highway": "primary", "length": 113.20778954465176, "latitude": -7.42119035, "longitude": 109.2356426 }, "geometry": { "type": "LineString", "coordinates": [ [ 109.2351447, -7.4210664 ], [ 109.2361405, -7.4213143 ] ] } },
{ "type": "Feature", "properties": { "name": "Jalan Kolonel Sugiri", "highway": "secondary", "length": 586.81096923219559, "latitude": -7.4236774636087102, "longitude": 109.2350073746843 }, "geometry": { "type": "LineString", "coordinates": [ [ 109.2351447, -7.4210664 ], [ 109.2350624, -7.4216299 ], [ 109.2350169, -7.4219764 ], [ 109.234937, -7.4223757 ], [ 109.2348987, -7.4225995 ], [ 109.2348982, -7.4227777 ], [ 109.2348976, -7.4227868 ], [ 109.2348893, -7.4229107 ], [ 109.2349067, -7.4231381 ], [ 109.234963, -7.4234586 ], [ 109.2350117, -7.4236372 ], [ 109.2350541, -7.4237967 ], [ 109.2350822, -7.4240542 ], [ 109.2350799, -7.4241121 ], [ 109.2350809, -7.4241263 ], [ 109.235083, -7.4241565 ], [ 109.2350773, -7.4242297 ], [ 109.235051, -7.4248601 ], [ 109.2350485, -7.4249199 ], [ 109.2350006, -7.4255392 ], [ 109.2349604, -7.4260884 ], [ 109.234926, -7.4262978 ] ] } },
{ "type": "Feature", "properties": { "name": "Jalan Kertawibawa", "highway": "secondary", "length": 1207.3793162787886, "latitude": -7.4148958688990207, "longitude": 109.20096017968898 }, "geometry": { "type": "LineString", "coordinates": [ [ 109.2018389, -7.4095421 ], [ 109.2017392, -7.4100341 ], [ 109.2016524, -7.4105182 ], [ 109.2016292, -7.4106349 ], [ 109.2015611, -7.4109772 ], [ 109.2015226, -7.4111694 ], [ 109.2014351, -7.4116699 ], [ 109.201395, -7.4119149 ], [ 109.2013329, -7.4122191 ], [ 109.2012543, -7.4126689 ], [ 109.2012015, -7.412918 ], [ 109.2010644, -7.4135817 ], [ 109.2009714, -7.4140538 ], [ 109.200949, -7.4142087 ], [ 109.2009155, -7.4144508 ], [ 109.2008713, -7.4148477 ], [ 109.2008551, -7.4149638 ], [ 109.2008086, -7.4153207 ], [ 109.2007541, -7.4158784 ], [ 109.2007447, -7.4160309 ], [ 109.200744, -7.4160499 ], [ 109.2007425, -7.4161161 ], [ 109.200515, -7.4182823 ], [ 109.2004827, -7.4185902 ], [ 109.2004577, -7.418828 ], [ 109.2004362, -7.4190223 ], [ 109.2003909, -7.419431 ], [ 109.2003666, -7.4197923 ], [ 109.2003517, -7.4200422 ], [ 109.200325, -7.4202709 ], [ 109.2003237, -7.4202842 ] ] } },
{ "type": "Feature", "properties": { "name": "Jalan Kertawibawa", "highway": "secondary", "length": 1133.3598351967653, "latitude": -7.4045456531810876, "longitude": 109.20148106588722 }, "geometry": { "type": "LineString", "coordinates": [ [ 109.2018389, -7.4095421 ], [ 109.2019236, -7.4091065 ], [ 109.2019546, -7.4089613 ], [ 109.2020011, -7.4087189 ], [ 109.2020703, -7.4082945 ], [ 109.2020887, -7.408113 ], [ 109.202084, -7.4078823 ], [ 109.2020793, -7.4076475 ], [ 109.2020765, -7.4075186 ], [ 109.2020824, -7.4072126 ], [ 109.2020885, -7.4068963 ], [ 109.2020896, -7.4068397 ], [ 109.2020836, -7.4066742 ], [ 109.2020826, -7.4066455 ], [ 109.2020782, -7.4064854 ], [ 109.2020483, -7.4060477 ], [ 109.2020255, -7.4058708 ], [ 109.2019935, -7.4056912 ], [ 109.2019506, -7.4054718 ], [ 109.2017386, -7.4044716 ], [ 109.2016862, -7.4042961 ], [ 109.2016598, -7.4040947 ], [ 109.2015481, -7.4037097 ], [ 109.201355, -7.4032293 ], [ 109.2012185, -7.4028236 ], [ 109.2010297, -7.4022707 ], [ 109.2008127, -7.4016294 ], [ 109.2007716, -7.401486 ], [ 109.2004873, -7.4006867 ], [ 109.2001662, -7.3996547 ] ] } },
{ "type": "Feature", "properties": { "name": "Kyai Nur Chakim", "highway": "secondary", "length": 593.96999263755902, "latitude": -7.409744228274751, "longitude": 109.2044372309835 }, "geometry": { "type": "LineString", "coordinates": [ [ 109.2018389, -7.4095421 ], [ 109.2022446, -7.4096244 ], [ 109.202267, -7.4096292 ], [ 109.2028275, -7.4097356 ], [ 109.2029764, -7.4097582 ], [ 109.2030365, -7.4097574 ], [ 109.2030865, -7.4097568 ], [ 109.203179, -7.4097475 ], [ 109.2032863, -7.4097023 ], [ 109.2033723, -7.4096384 ], [ 109.2035811, -7.4095141 ], [ 109.2036069, -7.4094988 ], [ 109.2036872, -7.4094682 ], [ 109.2038062, -7.4094597 ], [ 109.2039674, -7.4094959 ], [ 109.2041286, -7.409532 ], [ 109.2050822, -7.4097408 ], [ 109.2055821, -7.4098459 ], [ 109.2058277, -7.4098946 ], [ 109.2062784, -7.409984 ], [ 109.2066014, -7.410048 ], [ 109.2070517, -7.4101618 ] ] } },
{ "type": "Feature", "properties": { "name": "Jatiwinangun", "highway": "tertiary", "length": 690.11256406359871, "latitude": -7.4198594956835331, "longitude": 109.24314039859743 }, "geometry": { "type": "LineString", "coordinates": [ [ 109.2435329, -7.4167814 ], [ 109.243415, -7.417672 ], [ 109.243317, -7.4185403 ], [ 109.2432529, -7.4191791 ], [ 109.2431618, -7.4197855 ], [ 109.2430884, -7.4203917 ], [ 109.2430302, -7.4207295 ], [ 109.242989, -7.4210367 ], [ 109.2429412, -7.4213583 ], [ 109.2429099, -7.4216736 ], [ 109.2428665, -7.4219612 ], [ 109.2428211, -7.4222617 ], [ 109.2428074, -7.4223521 ], [ 109.2426761, -7.4229257 ] ] } },
{ "type": "Feature", "properties": { "name": "Doktor Angka", "highway": "tertiary", "length": 132.91602114999773, "latitude": -7.4168663051703012, "longitude": 109.2441292816975 }, "geometry": { "type": "LineString", "coordinates": [ [ 109.2435329, -7.4167814 ], [ 109.243635, -7.4167944 ], [ 109.2440906, -7.4168517 ], [ 109.2444885, -7.4169256 ], [ 109.2447235, -7.4169655 ] ] } },
{ "type": "Feature", "properties": { "name": "Doktor Angka", "highway": "tertiary", "length": 682.39179256178375, "latitude": -7.4164265185827523, "longitude": 109.24045968212421 }, "geometry": { "type": "LineString", "coordinates": [ [ 109.2435329, -7.4167814 ], [ 109.2424256, -7.4166372 ], [ 109.2423577, -7.4166291 ], [ 109.2421952, -7.4166096 ], [ 109.2416123, -7.4165397 ], [ 109.241106, -7.416482 ], [ 109.2410259, -7.4164729 ], [ 109.2409097, -7.4164632 ], [ 109.2406836, -7.4164424 ], [ 109.2405973, -7.4164345 ], [ 109.2402951, -7.4164068 ], [ 109.2401809, -7.4163951 ], [ 109.2399442, -7.4163687 ], [ 109.2398861, -7.4163625 ], [ 109.2394938, -7.416321 ], [ 109.2394234, -7.416312 ], [ 109.2392241, -7.4162867 ], [ 109.2391294, -7.4162778 ], [ 109.2390356, -7.4162667 ], [ 109.2389301, -7.4162601 ], [ 109.2385117, -7.4162144 ], [ 109.2384784, -7.4162108 ], [ 109.2384604, -7.4162088 ], [ 109.2384153, -7.4162039 ], [ 109.2382132, -7.4161791 ], [ 109.2379887, -7.4161667 ], [ 109.2376349, -7.4161421 ], [ 109.2375034, -7.4161358 ], [ 109.237381, -7.4161281 ] ] } },
{ "type": "Feature", "properties": { "name": [ "HM Bahroen", "Jalan HM. Bahroen" ], "highway": "secondary", "length": 1216.2201518637573, "latitude": -7.4324518658605641, "longitude": 109.2626487744125 }, "geometry": { "type": "LineString", "coordinates": [ [ 109.2624725, -7.4371727 ], [ 109.2624964, -7.4371135 ], [ 109.2625454, -7.4369923 ], [ 109.2625925, -7.4369288 ], [ 109.2631839, -7.4362052 ], [ 109.2638598, -7.435414 ], [ 109.2639283, -7.4352982 ], [ 109.2639577, -7.4352012 ], [ 109.2639685, -7.4351327 ], [ 109.263892, -7.435003 ], [ 109.2637458, -7.4347836 ], [ 109.2636205, -7.434609 ], [ 109.2634582, -7.4344183 ], [ 109.2634259, -7.4343801 ], [ 109.2633176, -7.4342533 ], [ 109.2630847, -7.4339432 ], [ 109.2629451, -7.4337333 ], [ 109.2629109, -7.4336567 ], [ 109.2628733, -7.4335807 ], [ 109.26275, -7.4333375 ], [ 109.262719, -7.4332774 ], [ 109.2626689, -7.4331812 ], [ 109.2626394, -7.433104 ], [ 109.262512, -7.4327011 ], [ 109.26239, -7.4323367 ], [ 109.2623257, -7.4319891 ], [ 109.2622779, -7.431646 ], [ 109.2622583, -7.4314452 ], [ 109.2622298, -7.4312265 ], [ 109.262202, -7.4309579 ], [ 109.262197, -7.4309037 ], [ 109.2621739, -7.430683 ], [ 109.2621607, -7.4305407 ], [ 109.2621543, -7.4304738 ], [ 109.2620916, -7.4298028 ], [ 109.2620082, -7.4290983 ], [ 109.2619758, -7.4288101 ], [ 109.2618694, -7.4275743 ], [ 109.2618641, -7.4275212 ], [ 109.2618347, -7.4272128 ] ] } },
{ "type": "Feature", "properties": { "name": "jalan raya tambaksari", "highway": "tertiary", "length": 1633.1945386484388, "latitude": -7.3898683143446666, "longitude": 109.27172611784745 }, "geometry": { "type": "LineString", "coordinates": [ [ 109.2787615, -7.3877331 ], [ 109.2779247, -7.388056 ], [ 109.2776303, -7.388132 ], [ 109.2774077, -7.3882198 ], [ 109.277287, -7.3882797 ], [ 109.2769839, -7.38843 ], [ 109.2768632, -7.3884871 ], [ 109.2767827, -7.3885177 ], [ 109.2767237, -7.388547 ], [ 109.2764676, -7.3886201 ], [ 109.2759579, -7.3887079 ], [ 109.2756316, -7.3887843 ], [ 109.2748549, -7.3889207 ], [ 109.2745404, -7.3890005 ], [ 109.2741474, -7.389083 ], [ 109.2735346, -7.38922 ], [ 109.2731993, -7.3892984 ], [ 109.2728157, -7.3893849 ], [ 109.2725193, -7.3894633 ], [ 109.2723973, -7.3895139 ], [ 109.2722989, -7.3895657 ], [ 109.2718649, -7.3897972 ], [ 109.2717549, -7.389853 ], [ 109.27167, -7.3898891 ], [ 109.2713804, -7.3899946 ], [ 109.2713325, -7.3900113 ], [ 109.2712305, -7.3900406 ], [ 109.2711125, -7.3900778 ], [ 109.2709824, -7.3901031 ], [ 109.2708363, -7.390107 ], [ 109.2706418, -7.390107 ], [ 109.2705171, -7.3900951 ], [ 109.2703977, -7.3901044 ], [ 109.2702489, -7.3901483 ], [ 109.2700531, -7.3902254 ], [ 109.2695318, -7.3904621 ], [ 109.2692368, -7.3905886 ], [ 109.2689119, -7.3907331 ], [ 109.2685953, -7.3908465 ], [ 109.268441, -7.3909117 ], [ 109.2683997, -7.3909256 ], [ 109.2682707, -7.3909689 ], [ 109.2679703, -7.3910341 ], [ 109.267859, -7.3910846 ], [ 109.2676806, -7.3911178 ], [ 109.2674687, -7.3911763 ], [ 109.2671228, -7.3912807 ], [ 109.2667787, -7.3913778 ], [ 109.2659124, -7.3916165 ], [ 109.2658239, -7.3916438 ], [ 109.2652836, -7.3918383 ], [ 109.2650557, -7.3919265 ], [ 109.2647034, -7.3920661 ] ] } },
{ "type": "Feature", "properties": { "name": "Jalan Baturaden timur", "highway": "primary", "length": 216.40369730550771, "latitude": -7.3886198857607308, "longitude": 109.27916547787977 }, "geometry": { "type": "LineString", "coordinates": [ [ 109.2787615, -7.3877331 ], [ 109.2791069, -7.3885004 ], [ 109.2793508, -7.3890227 ], [ 109.2795404, -7.3894288 ], [ 109.2795755, -7.3895039 ] ] } },
{ "type": "Feature", "properties": { "name": "Jalan Baturaden timur", "highway": "primary", "length": 879.32128498741508, "latitude": -7.3839972922747297, "longitude": 109.27746725755992 }, "geometry": { "type": "LineString", "coordinates": [ [ 109.2787615, -7.3877331 ], [ 109.2784417, -7.386959 ], [ 109.2781694, -7.3862355 ], [ 109.2778757, -7.385367 ], [ 109.2776337, -7.3846316 ], [ 109.2774352, -7.3840317 ], [ 109.2773748, -7.3838622 ], [ 109.277, -7.3826964 ], [ 109.2769101, -7.3823659 ], [ 109.2766259, -7.3812087 ], [ 109.2765775, -7.3810115 ], [ 109.2765043, -7.3807133 ], [ 109.27643, -7.3804487 ], [ 109.2763676, -7.3801994 ] ] } },
{ "type": "Feature", "properties": { "name": "jalan raya tambaksari", "highway": "tertiary", "length": 1633.1945386484385, "latitude": -7.3898683143446657, "longitude": 109.27172611784738 }, "geometry": { "type": "LineString", "coordinates": [ [ 109.2647034, -7.3920661 ], [ 109.2650557, -7.3919265 ], [ 109.2652836, -7.3918383 ], [ 109.2658239, -7.3916438 ], [ 109.2659124, -7.3916165 ], [ 109.2667787, -7.3913778 ], [ 109.2671228, -7.3912807 ], [ 109.2674687, -7.3911763 ], [ 109.2676806, -7.3911178 ], [ 109.267859, -7.3910846 ], [ 109.2679703, -7.3910341 ], [ 109.2682707, -7.3909689 ], [ 109.2683997, -7.3909256 ], [ 109.268441, -7.3909117 ], [ 109.2685953, -7.3908465 ], [ 109.2689119, -7.3907331 ], [ 109.2692368, -7.3905886 ], [ 109.2695318, -7.3904621 ], [ 109.2700531, -7.3902254 ], [ 109.2702489, -7.3901483 ], [ 109.2703977, -7.3901044 ], [ 109.2705171, -7.3900951 ], [ 109.2706418, -7.390107 ], [ 109.2708363, -7.390107 ], [ 109.2709824, -7.3901031 ], [ 109.2711125, -7.3900778 ], [ 109.2712305, -7.3900406 ], [ 109.2713325, -7.3900113 ], [ 109.2713804, -7.3899946 ], [ 109.27167, -7.3898891 ], [ 109.2717549, -7.389853 ], [ 109.2718649, -7.3897972 ], [ 109.2722989, -7.3895657 ], [ 109.2723973, -7.3895139 ], [ 109.2725193, -7.3894633 ], [ 109.2728157, -7.3893849 ], [ 109.2731993, -7.3892984 ], [ 109.2735346, -7.38922 ], [ 109.2741474, -7.389083 ], [ 109.2745404, -7.3890005 ], [ 109.2748549, -7.3889207 ], [ 109.2756316, -7.3887843 ], [ 109.2759579, -7.3887079 ], [ 109.2764676, -7.3886201 ], [ 109.2767237, -7.388547 ], [ 109.2767827, -7.3885177 ], [ 109.2768632, -7.3884871 ], [ 109.2769839, -7.38843 ], [ 109.277287, -7.3882797 ], [ 109.2774077, -7.3882198 ], [ 109.2776303, -7.388132 ], [ 109.2779247, -7.388056 ], [ 109.2787615, -7.3877331 ] ] } },
{ "type": "Feature", "properties": { "name": "jalan raya sunan bonang", "highway": "primary", "length": 2445.0280239703384, "latitude": -7.4027160179715707, "longitude": 109.26714141968999 }, "geometry": { "type": "LineString", "coordinates": [ [ 109.2647034, -7.3920661 ], [ 109.2647865, -7.3922962 ], [ 109.2648523, -7.3924558 ], [ 109.2649142, -7.3927141 ], [ 109.2649646, -7.392967 ], [ 109.2650158, -7.3932058 ], [ 109.2650635, -7.3934333 ], [ 109.2651147, -7.3936535 ], [ 109.2651792, -7.3940012 ], [ 109.2653347, -7.3946634 ], [ 109.2654718, -7.3952646 ], [ 109.2655604, -7.3955918 ], [ 109.2655751, -7.3957115 ], [ 109.2656194, -7.3959017 ], [ 109.265665, -7.3961424 ], [ 109.2656945, -7.3964523 ], [ 109.2657146, -7.3965467 ], [ 109.265732, -7.3966611 ], [ 109.265779, -7.3970175 ], [ 109.2658339, -7.3974032 ], [ 109.2659064, -7.3979139 ], [ 109.2659305, -7.3980814 ], [ 109.2659533, -7.398253 ], [ 109.2660069, -7.3986374 ], [ 109.2661129, -7.3994074 ], [ 109.2661625, -7.3997878 ], [ 109.2662309, -7.4002798 ], [ 109.2663355, -7.4011469 ], [ 109.2663635, -7.401414 ], [ 109.2663664, -7.4014422 ], [ 109.2664016, -7.4017586 ], [ 109.2664026, -7.401768 ], [ 109.2664146, -7.4018997 ], [ 109.2663999, -7.4021816 ], [ 109.2664106, -7.4023798 ], [ 109.2664254, -7.4025061 ], [ 109.2664602, -7.4026298 ], [ 109.2665032, -7.4027535 ], [ 109.2665528, -7.4028586 ], [ 109.2666695, -7.4031192 ], [ 109.2668934, -7.4035382 ], [ 109.2669426, -7.4036239 ], [ 109.2671563, -7.4039943 ], [ 109.2672783, -7.404235 ], [ 109.2673856, -7.4044465 ], [ 109.2675117, -7.4047165 ], [ 109.2676471, -7.4049891 ], [ 109.2679006, -7.4055876 ], [ 109.2680548, -7.4059879 ], [ 109.2682305, -7.406444 ], [ 109.268382, -7.4069268 ], [ 109.2684156, -7.4070412 ], [ 109.2684612, -7.4072114 ], [ 109.268606, -7.4077912 ], [ 109.268626, -7.4078703 ], [ 109.2687222, -7.4082565 ], [ 109.268775, -7.4084602 ], [ 109.2688528, -7.4087873 ], [ 109.2688702, -7.4088605 ], [ 109.2689614, -7.409165 ], [ 109.2690325, -7.4094536 ], [ 109.2691129, -7.4097489 ], [ 109.2691566, -7.4099078 ], [ 109.2692994, -7.4104271 ], [ 109.2693651, -7.4107011 ], [ 109.269518, -7.4113607 ], [ 109.2695823, -7.4116639 ], [ 109.2696038, -7.4117743 ], [ 109.2696896, -7.4121779 ], [ 109.269825, -7.4129047 ], [ 109.2698646, -7.413297 ] ] } },
{ "type": "Feature", "properties": { "name": "jalan raya sunan bonang", "highway": "primary", "length": 87.889604215944502, "latitude": -7.3917003839706741, "longitude": 109.26455250852028 }, "geometry": { "type": "LineString", "coordinates": [ [ 109.2647034, -7.3920661 ], [ 109.2646853, -7.3920276 ], [ 109.2644036, -7.3913338 ] ] } },
{ "type": "Feature", "properties": { "name": null, "highway": "tertiary", "length": 612.60785681183336, "latitude": -7.4445802245049588, "longitude": 109.27610299906198 }, "geometry": { "type": "LineString", "coordinates": [ [ 109.2766795, -7.4472745 ], [ 109.276658, -7.4471402 ], [ 109.2766012, -7.4468451 ], [ 109.2765266, -7.446458 ], [ 109.2764381, -7.446075 ], [ 109.2763046, -7.4454629 ], [ 109.2760923, -7.4444842 ], [ 109.2759322, -7.4438078 ], [ 109.2758658, -7.4435075 ], [ 109.2754906, -7.4418935 ] ] } },
{ "type": "Feature", "properties": { "name": null, "highway": "tertiary", "length": 1203.8595755081599, "latitude": -7.4370076757739252, "longitude": 109.2735536091426 }, "geometry": { "type": "LineString", "coordinates": [ [ 109.2754906, -7.4418935 ], [ 109.2753933, -7.4414207 ], [ 109.2753687, -7.4412978 ], [ 109.2752767, -7.4409221 ], [ 109.275052, -7.4396973 ], [ 109.275046, -7.4395996 ], [ 109.2750508, -7.4393432 ], [ 109.2750722, -7.4390098 ], [ 109.2750688, -7.4388542 ], [ 109.2749416, -7.4385465 ], [ 109.2748951, -7.4384772 ], [ 109.2747751, -7.4382212 ], [ 109.2746732, -7.4379872 ], [ 109.2746477, -7.437918 ], [ 109.2745847, -7.4378077 ], [ 109.2738652, -7.4367805 ], [ 109.2731283, -7.4357969 ], [ 109.2730042, -7.4356528 ], [ 109.2728325, -7.4354613 ], [ 109.2727401, -7.4353468 ], [ 109.2725247, -7.4351293 ], [ 109.2723677, -7.4349513 ], [ 109.2722532, -7.4348443 ], [ 109.2722429, -7.4348381 ], [ 109.2720044, -7.4345961 ], [ 109.2718502, -7.4344171 ], [ 109.2717274, -7.4342591 ], [ 109.2715015, -7.4339644 ], [ 109.2712936, -7.4337011 ], [ 109.2710193, -7.4333549 ], [ 109.2708805, -7.4331532 ], [ 109.2707236, -7.4329325 ], [ 109.2706096, -7.4327503 ], [ 109.2705318, -7.432604 ] ] } },
{ "type": "Feature", "properties": { "name": null, "highway": "tertiary", "length": 612.60785681183324, "latitude": -7.4445802245049588, "longitude": 109.27610299906199 }, "geometry": { "type": "LineString", "coordinates": [ [ 109.2754906, -7.4418935 ], [ 109.2758658, -7.4435075 ], [ 109.2759322, -7.4438078 ], [ 109.2760923, -7.4444842 ], [ 109.2763046, -7.4454629 ], [ 109.2764381, -7.446075 ], [ 109.2765266, -7.446458 ], [ 109.2766012, -7.4468451 ], [ 109.276658, -7.4471402 ], [ 109.2766795, -7.4472745 ] ] } },
{ "type": "Feature", "properties": { "name": null, "highway": "tertiary", "length": 1607.361608071637, "latitude": -7.4431948698467689, "longitude": 109.28121491116671 }, "geometry": { "type": "LineString", "coordinates": [ [ 109.2754906, -7.4418935 ], [ 109.2756779, -7.4418656 ], [ 109.2762027, -7.4417639 ], [ 109.27643, -7.4417213 ], [ 109.2766575, -7.4416801 ], [ 109.2768672, -7.4416362 ], [ 109.2772239, -7.4415683 ], [ 109.2774546, -7.4415125 ], [ 109.2776343, -7.441458 ], [ 109.2777005, -7.4414319 ], [ 109.2777389, -7.4414168 ], [ 109.2778181, -7.4413715 ], [ 109.2779108, -7.4413151 ], [ 109.2779951, -7.4412532 ], [ 109.2780407, -7.4412266 ], [ 109.278211, -7.4411029 ], [ 109.2783196, -7.4410178 ], [ 109.2783585, -7.4409886 ], [ 109.2784028, -7.4409513 ], [ 109.2784497, -7.4409128 ], [ 109.2785369, -7.4408782 ], [ 109.2785946, -7.4408609 ], [ 109.2787018, -7.4408303 ], [ 109.2789969, -7.4407452 ], [ 109.2790586, -7.4407279 ], [ 109.2791015, -7.4407186 ], [ 109.2792088, -7.4406893 ], [ 109.2792986, -7.4406721 ], [ 109.2793831, -7.4406481 ], [ 109.2795601, -7.4405963 ], [ 109.279642, -7.4405776 ], [ 109.2797794, -7.4405596 ], [ 109.2797855, -7.4405962 ], [ 109.2798029, -7.4406668 ], [ 109.2798317, -7.4407432 ], [ 109.2798458, -7.4407831 ], [ 109.2798632, -7.4408543 ], [ 109.2798994, -7.4409946 ], [ 109.2799008, -7.4410351 ], [ 109.2798988, -7.4410823 ], [ 109.2799119, -7.4411388 ], [ 109.279948, -7.4411694 ], [ 109.2799883, -7.4411747 ], [ 109.2800795, -7.4411614 ], [ 109.2801331, -7.4411521 ], [ 109.2802082, -7.4411361 ], [ 109.280286, -7.4411188 ], [ 109.2803769, -7.4411042 ], [ 109.2804308, -7.4411016 ], [ 109.2804925, -7.4410949 ], [ 109.2805408, -7.4410989 ], [ 109.2805772, -7.4411111 ], [ 109.2805945, -7.4411175 ], [ 109.2806374, -7.4411388 ], [ 109.2807125, -7.4412026 ], [ 109.2807648, -7.4412678 ], [ 109.2808654, -7.4414127 ], [ 109.2811483, -7.4417904 ], [ 109.2814192, -7.442184 ], [ 109.2819047, -7.4427718 ], [ 109.2820952, -7.4430032 ], [ 109.2823231, -7.4433117 ], [ 109.2825458, -7.4436016 ], [ 109.2828676, -7.4439979 ], [ 109.2831358, -7.444341 ], [ 109.2834255, -7.4447053 ], [ 109.283542, -7.4448639 ], [ 109.2837388, -7.445132 ], [ 109.2837849, -7.4451947 ], [ 109.2841739, -7.4456841 ], [ 109.2844072, -7.4459819 ], [ 109.2845789, -7.4461894 ], [ 109.2846942, -7.4463277 ], [ 109.2847935, -7.4464607 ], [ 109.2848739, -7.4465617 ], [ 109.2849758, -7.4466974 ], [ 109.2850456, -7.4467984 ], [ 109.2851073, -7.4468782 ], [ 109.285169, -7.446958 ], [ 109.2852146, -7.4470272 ], [ 109.2852597, -7.4470932 ], [ 109.2852709, -7.4471096 ], [ 109.285295, -7.4471708 ], [ 109.2853487, -7.4472506 ], [ 109.2854586, -7.4473569 ], [ 109.2854975, -7.4474753 ], [ 109.2855257, -7.4475724 ], [ 109.2855954, -7.4478117 ], [ 109.2856357, -7.447942 ], [ 109.2856834, -7.4480627 ] ] } },
{ "type": "Feature", "properties": { "name": "Mangunjaya", "highway": "tertiary", "length": 710.199899028142, "latitude": -7.4202554758113317, "longitude": 109.24673343149541 }, "geometry": { "type": "LineString", "coordinates": [ [ 109.2472628, -7.4171099 ], [ 109.2472422, -7.4172828 ], [ 109.2471799, -7.4175924 ], [ 109.2470918, -7.4180929 ], [ 109.2470179, -7.4186067 ], [ 109.2469165, -7.4190946 ], [ 109.2468313, -7.4195897 ], [ 109.2467901, -7.4198457 ], [ 109.246747, -7.4200898 ], [ 109.2467093, -7.4202979 ], [ 109.2466729, -7.4204824 ], [ 109.2466563, -7.4205385 ], [ 109.2466414, -7.4206327 ], [ 109.2466188, -7.4208174 ], [ 109.2466159, -7.4209758 ], [ 109.2466065, -7.4212125 ], [ 109.246601, -7.4213315 ], [ 109.2465853, -7.4213906 ], [ 109.2465703, -7.4214545 ], [ 109.2465249, -7.4216368 ], [ 109.2464697, -7.4218575 ], [ 109.2464378, -7.4219518 ], [ 109.2463978, -7.4220836 ], [ 109.2463732, -7.4221846 ], [ 109.246345, -7.4223642 ], [ 109.2463251, -7.4224917 ], [ 109.2463216, -7.4225582 ], [ 109.2463061, -7.4226873 ], [ 109.246304, -7.4228655 ], [ 109.2463026, -7.4229782 ], [ 109.2463033, -7.4234059 ] ] } },
{ "type": "Feature", "properties": { "name": "Jalan Profesor Dokter Soeharso", "highway": "tertiary", "length": 771.78714784869214, "latitude": -7.4173685789175954, "longitude": 109.25075147254589 }, "geometry": { "type": "LineString", "coordinates": [ [ 109.2472628, -7.4171099 ], [ 109.247989, -7.417144 ], [ 109.2480309, -7.417146 ], [ 109.2482874, -7.4171651 ], [ 109.2484253, -7.4171774 ], [ 109.2485422, -7.4171854 ], [ 109.2488557, -7.4172068 ], [ 109.249077, -7.4172219 ], [ 109.249418, -7.417244 ], [ 109.2496017, -7.4172433 ], [ 109.2496578, -7.4172454 ], [ 109.2497168, -7.4172513 ], [ 109.249835, -7.4172635 ], [ 109.2498556, -7.4172654 ], [ 109.2500333, -7.4172792 ], [ 109.2501601, -7.4172886 ], [ 109.2505571, -7.4173285 ], [ 109.251055, -7.4173826 ], [ 109.2511164, -7.417392 ], [ 109.25136, -7.4174209 ], [ 109.2515066, -7.4174352 ], [ 109.2523461, -7.4175092 ], [ 109.2528472, -7.4175595 ], [ 109.2530136, -7.4175761 ], [ 109.2542374, -7.4176684 ] ] } },
{ "type": "Feature", "properties": { "name": "Jalan Profesor Dokter Soeharso", "highway": "tertiary", "length": 280.51071980790334, "latitude": -7.4170451021304116, "longitude": 109.24599279132511 }, "geometry": { "type": "LineString", "coordinates": [ [ 109.2472628, -7.4171099 ], [ 109.2470923, -7.4171048 ], [ 109.2469294, -7.4170955 ], [ 109.2468222, -7.417095 ], [ 109.2466735, -7.4170819 ], [ 109.2460672, -7.4170559 ], [ 109.2457695, -7.4170366 ], [ 109.2453245, -7.4170061 ], [ 109.2451908, -7.4169999 ], [ 109.2449688, -7.4169803 ], [ 109.2447235, -7.4169655 ] ] } },
{ "type": "Feature", "properties": { "name": null, "highway": "tertiary", "length": 38.558219132545311, "latitude": -7.31548625, "longitude": 109.23245 }, "geometry": { "type": "LineString", "coordinates": [ [ 109.2322752, -7.3154874 ], [ 109.2326248, -7.3154851 ] ] } },
{ "type": "Feature", "properties": { "name": "Jalan Pariwisata Baturaden", "highway": "primary", "length": 33.480948088378071, "latitude": -7.3153660266034137, "longitude": 109.23235822691916 }, "geometry": { "type": "LineString", "coordinates": [ [ 109.2322752, -7.3154874 ], [ 109.2323235, -7.3154426 ], [ 109.2323613, -7.3153893 ], [ 109.2323937, -7.3153057 ], [ 109.2324016, -7.3152253 ] ] } },
{ "type": "Feature", "properties": { "name": "Jalan Pariwisata Baturaden", "highway": "primary", "length": 333.15226866190369, "latitude": -7.3152925187381612, "longitude": 109.23103078725917 }, "geometry": { "type": "LineString", "coordinates": [ [ 109.2322752, -7.3154874 ], [ 109.2321159, -7.3154991 ], [ 109.2318544, -7.3155317 ], [ 109.231621, -7.3155224 ], [ 109.2315567, -7.3155091 ], [ 109.2315285, -7.3154997 ], [ 109.2314581, -7.3154519 ], [ 109.2314172, -7.3154046 ], [ 109.2311283, -7.3150179 ], [ 109.2310649, -7.3149486 ], [ 109.2310144, -7.3149181 ], [ 109.23095, -7.3148977 ], [ 109.2308884, -7.3148935 ], [ 109.2306786, -7.3149258 ], [ 109.2305786, -7.3149613 ], [ 109.2305149, -7.3149843 ], [ 109.2304616, -7.3150205 ], [ 109.2304234, -7.3150707 ], [ 109.2303925, -7.3151493 ], [ 109.2303491, -7.315262 ], [ 109.2303179, -7.3154924 ], [ 109.2302457, -7.3155981 ], [ 109.2300968, -7.3156753 ], [ 109.230001, -7.3157039 ] ] } },
{ "type": "Feature", "properties": { "name": "Jalan Raya Desa Kemutug Lor", "highway": "tertiary", "length": 39.410336560127668, "latitude": -7.3153401444867532, "longitude": 109.23253381452479 }, "geometry": { "type": "LineString", "coordinates": [ [ 109.2324016, -7.3152253 ], [ 109.2324974, -7.3152929 ], [ 109.2325491, -7.3153348 ], [ 109.2325873, -7.315378 ], [ 109.2326108, -7.3154252 ], [ 109.2326248, -7.3154851 ] ] } },
{ "type": "Feature", "properties": { "name": "Jalan Pariwisata Baturaden", "highway": "primary", "length": 5264.1414769023686, "latitude": -7.3102050989756773, "longitude": 109.24319397597955 }, "geometry": { "type": "LineString", "coordinates": [ [ 109.2324016, -7.3152253 ], [ 109.2324129, -7.3148579 ], [ 109.2324143, -7.3146444 ], [ 109.2323358, -7.3131646 ], [ 109.2326845, -7.313122 ], [ 109.2330319, -7.3130728 ], [ 109.2331834, -7.3130568 ], [ 109.2337172, -7.3130376 ], [ 109.2351924, -7.312969 ], [ 109.2354847, -7.3129288 ], [ 109.2356846, -7.3128969 ], [ 109.2357815, -7.3128746 ], [ 109.2358562, -7.3128264 ], [ 109.2359112, -7.3127881 ], [ 109.2360299, -7.3126777 ], [ 109.2360621, -7.3126555 ], [ 109.2360976, -7.3126395 ], [ 109.2361241, -7.3126368 ], [ 109.2361627, -7.3126428 ], [ 109.2361996, -7.3126621 ], [ 109.2363072, -7.3127256 ], [ 109.2363286, -7.3127313 ], [ 109.2363618, -7.3127309 ], [ 109.2363936, -7.312721 ], [ 109.2364222, -7.312703 ], [ 109.2364396, -7.3126831 ], [ 109.2364564, -7.3126428 ], [ 109.2364611, -7.3125933 ], [ 109.2364537, -7.3125378 ], [ 109.2364262, -7.3124802 ], [ 109.2363859, -7.3124323 ], [ 109.2363049, -7.3123385 ], [ 109.2362898, -7.3123086 ], [ 109.2362847, -7.3122694 ], [ 109.2362891, -7.3122341 ], [ 109.2363045, -7.3122075 ], [ 109.2363327, -7.3121895 ], [ 109.2363652, -7.3121819 ], [ 109.2364141, -7.3121836 ], [ 109.2365576, -7.3122142 ], [ 109.2366119, -7.3122228 ], [ 109.2366455, -7.3122215 ], [ 109.2366817, -7.3122088 ], [ 109.2367038, -7.3121882 ], [ 109.2367179, -7.312163 ], [ 109.2367219, -7.3121334 ], [ 109.2367155, -7.3121058 ], [ 109.2366917, -7.3120678 ], [ 109.2366207, -7.312 ], [ 109.2365965, -7.3119501 ], [ 109.2365912, -7.3118989 ], [ 109.2366046, -7.3118371 ], [ 109.2366622, -7.3117213 ], [ 109.2367266, -7.3116309 ], [ 109.2367668, -7.3115963 ], [ 109.2368071, -7.311581 ], [ 109.2368587, -7.311575 ], [ 109.2369271, -7.311581 ], [ 109.2369918, -7.3116026 ], [ 109.2370545, -7.3116389 ], [ 109.2371216, -7.3116907 ], [ 109.2372315, -7.3118071 ], [ 109.2373154, -7.3119182 ], [ 109.2374191, -7.3121069 ], [ 109.2374682, -7.312272 ], [ 109.237481, -7.312407 ], [ 109.2374749, -7.3125308 ], [ 109.2374495, -7.3126505 ], [ 109.2373871, -7.312846 ], [ 109.237369, -7.3129252 ], [ 109.2373703, -7.312971 ], [ 109.2373858, -7.313005 ], [ 109.2374159, -7.3130289 ], [ 109.2374555, -7.3130449 ], [ 109.2375045, -7.3130509 ], [ 109.2375447, -7.3130475 ], [ 109.2375836, -7.3130309 ], [ 109.2376104, -7.3129923 ], [ 109.2376265, -7.3129371 ], [ 109.2376728, -7.3125101 ], [ 109.2376976, -7.3123745 ], [ 109.2377452, -7.3122102 ], [ 109.2377626, -7.3121297 ], [ 109.2378062, -7.3120067 ], [ 109.237831, -7.3119209 ], [ 109.2378391, -7.3118257 ], [ 109.2378471, -7.3115617 ], [ 109.2378484, -7.3114759 ], [ 109.2378605, -7.3113648 ], [ 109.2378733, -7.311301 ], [ 109.237894, -7.3112657 ], [ 109.238006, -7.311168 ], [ 109.2380489, -7.3111081 ], [ 109.2380778, -7.3110443 ], [ 109.2380825, -7.3109757 ], [ 109.2380751, -7.3108946 ], [ 109.2379993, -7.3104949 ], [ 109.2379685, -7.3103911 ], [ 109.2379262, -7.3102973 ], [ 109.2379121, -7.3102495 ], [ 109.2379128, -7.3102009 ], [ 109.2379256, -7.3101597 ], [ 109.2379423, -7.3101198 ], [ 109.2379966, -7.3100539 ], [ 109.2380305, -7.3099921 ], [ 109.2380436, -7.3099342 ], [ 109.2380489, -7.3097852 ], [ 109.2380533, -7.3097586 ], [ 109.2380615, -7.3097385 ], [ 109.2380732, -7.3097195 ], [ 109.2380934, -7.3097049 ], [ 109.23812, -7.3096988 ], [ 109.2381391, -7.3097001 ], [ 109.2381596, -7.3097074 ], [ 109.2382555, -7.30975 ], [ 109.2382709, -7.309753 ], [ 109.238288, -7.3097526 ], [ 109.2383054, -7.309747 ], [ 109.2383229, -7.3097367 ], [ 109.2383363, -7.309721 ], [ 109.2383514, -7.3096948 ], [ 109.2384003, -7.3095943 ], [ 109.2384466, -7.3095112 ], [ 109.2385169, -7.3093988 ], [ 109.2385606, -7.309317 ], [ 109.2386355, -7.3091512 ], [ 109.2386417, -7.3091294 ], [ 109.2386571, -7.3091055 ], [ 109.2386823, -7.3090819 ], [ 109.2387114, -7.3090636 ], [ 109.2387416, -7.3090579 ], [ 109.2387829, -7.3090593 ], [ 109.2388268, -7.3090702 ], [ 109.2392948, -7.3092458 ], [ 109.2393807, -7.3092871 ], [ 109.2394759, -7.3093562 ], [ 109.2395141, -7.3094008 ], [ 109.2395376, -7.3094467 ], [ 109.23961, -7.3096475 ], [ 109.2396402, -7.3097081 ], [ 109.2396757, -7.3097466 ], [ 109.239722, -7.3097673 ], [ 109.2397837, -7.3097746 ], [ 109.2398608, -7.3097593 ], [ 109.2399137, -7.309742 ], [ 109.2399781, -7.3096961 ], [ 109.2400284, -7.3096529 ], [ 109.2400526, -7.3095923 ], [ 109.2400619, -7.3095152 ], [ 109.2400593, -7.3094194 ], [ 109.240013, -7.3091447 ], [ 109.2400016, -7.3090576 ], [ 109.2400002, -7.3090104 ], [ 109.2400049, -7.3089898 ], [ 109.2400157, -7.3089718 ], [ 109.2400289, -7.3089588 ], [ 109.2400526, -7.3089474 ], [ 109.2400861, -7.3089452 ], [ 109.2401122, -7.3089528 ], [ 109.2401401, -7.3089675 ], [ 109.2401645, -7.3089911 ], [ 109.2402054, -7.3090416 ], [ 109.2402933, -7.309176 ], [ 109.2403194, -7.3092033 ], [ 109.2403476, -7.3092245 ], [ 109.2403878, -7.3092358 ], [ 109.2404274, -7.3092342 ], [ 109.2404579, -7.3092235 ], [ 109.2404844, -7.3092006 ], [ 109.2405062, -7.3091717 ], [ 109.2405239, -7.3091427 ], [ 109.2405729, -7.3090177 ], [ 109.2405883, -7.3089871 ], [ 109.2406017, -7.3089731 ], [ 109.2406218, -7.3089618 ], [ 109.240656, -7.3089565 ], [ 109.2406762, -7.3089575 ], [ 109.2406976, -7.3089665 ], [ 109.2407161, -7.3089781 ], [ 109.2407318, -7.3089951 ], [ 109.2408498, -7.3092139 ], [ 109.2408877, -7.3092531 ], [ 109.2409343, -7.3092777 ], [ 109.2409913, -7.3092877 ], [ 109.2410644, -7.3092731 ], [ 109.2411415, -7.3092345 ], [ 109.2411965, -7.3091899 ], [ 109.2412247, -7.3091401 ], [ 109.2412569, -7.309047 ], [ 109.2412756, -7.3090084 ], [ 109.2413051, -7.3089658 ], [ 109.2414272, -7.3088368 ], [ 109.2415532, -7.3086785 ], [ 109.2415895, -7.3086459 ], [ 109.2417531, -7.3085461 ], [ 109.2417913, -7.3085122 ], [ 109.2418443, -7.308445 ], [ 109.2418952, -7.3083213 ], [ 109.2419395, -7.3080746 ], [ 109.2419542, -7.3079748 ], [ 109.2419448, -7.307877 ], [ 109.2419026, -7.3077487 ], [ 109.2418778, -7.3077134 ], [ 109.2417625, -7.3076176 ], [ 109.2417155, -7.3075724 ], [ 109.2416431, -7.3074494 ], [ 109.2416022, -7.3073496 ], [ 109.2415915, -7.3072891 ], [ 109.2415955, -7.3072625 ], [ 109.2416069, -7.3072405 ], [ 109.241623, -7.3072266 ], [ 109.2416505, -7.3072186 ], [ 109.2416793, -7.3072219 ], [ 109.2417018, -7.3072322 ], [ 109.2417246, -7.3072522 ], [ 109.2417705, -7.3073217 ], [ 109.2418637, -7.3074354 ], [ 109.2419334, -7.3074879 ], [ 109.2421259, -7.3075777 ], [ 109.2421742, -7.3076136 ], [ 109.2422198, -7.3076509 ], [ 109.2426181, -7.30803 ], [ 109.2428833, -7.3082971 ], [ 109.2429829, -7.3083885 ], [ 109.2430881, -7.3084484 ], [ 109.2431404, -7.3084657 ], [ 109.2431934, -7.3084703 ], [ 109.2432404, -7.3084583 ], [ 109.2432806, -7.3084331 ], [ 109.2433111, -7.3083951 ], [ 109.2433202, -7.3083519 ], [ 109.2433188, -7.3083087 ], [ 109.2433108, -7.3082202 ], [ 109.2433014, -7.3080959 ], [ 109.2432994, -7.3079768 ], [ 109.243296, -7.3078331 ], [ 109.2432906, -7.3077693 ], [ 109.2432805, -7.3077061 ], [ 109.2432625, -7.3076064 ], [ 109.2432491, -7.3075431 ], [ 109.2432457, -7.307486 ], [ 109.2432524, -7.3074534 ], [ 109.2432643, -7.3074324 ], [ 109.2432806, -7.30742 ], [ 109.2432999, -7.3074125 ], [ 109.2433213, -7.307412 ], [ 109.2433388, -7.3074153 ], [ 109.2433567, -7.3074273 ], [ 109.2433718, -7.307448 ], [ 109.2433899, -7.3074973 ], [ 109.2433979, -7.3075545 ], [ 109.2434033, -7.3076575 ], [ 109.243408, -7.3078291 ], [ 109.2434234, -7.3078804 ], [ 109.2434523, -7.3079209 ], [ 109.2434978, -7.3079362 ], [ 109.2435585, -7.3079306 ], [ 109.2435998, -7.307907 ], [ 109.243634, -7.3078617 ], [ 109.2437104, -7.3077201 ], [ 109.2437392, -7.3076748 ], [ 109.2437741, -7.3076449 ], [ 109.243819, -7.307624 ], [ 109.2438734, -7.3076137 ], [ 109.2439471, -7.3076176 ], [ 109.2440598, -7.3076595 ], [ 109.2441436, -7.3077181 ], [ 109.2442046, -7.3077859 ], [ 109.2442334, -7.3078511 ], [ 109.2442536, -7.3079296 ], [ 109.2442931, -7.308308 ], [ 109.2443132, -7.3084051 ], [ 109.2443427, -7.308477 ], [ 109.2443971, -7.3085322 ], [ 109.2444648, -7.3085687 ], [ 109.2445288, -7.3085844 ], [ 109.2445969, -7.3085774 ], [ 109.2446519, -7.3085514 ], [ 109.2447048, -7.3085069 ], [ 109.2447853, -7.3084065 ], [ 109.2449087, -7.3082867 ], [ 109.2452225, -7.3080367 ], [ 109.245486, -7.3078637 ], [ 109.2457603, -7.3077174 ], [ 109.2458408, -7.3076536 ], [ 109.2458696, -7.307613 ], [ 109.2458877, -7.3075724 ], [ 109.2459172, -7.3074893 ], [ 109.245936, -7.3073928 ], [ 109.2459494, -7.3072625 ], [ 109.2459668, -7.3071428 ], [ 109.2460305, -7.30689 ], [ 109.2460459, -7.3067636 ], [ 109.2460533, -7.3066725 ], [ 109.2460473, -7.3065661 ], [ 109.2459977, -7.3062209 ], [ 109.2459869, -7.3060121 ], [ 109.245995, -7.3059589 ], [ 109.2460117, -7.3059256 ], [ 109.2460506, -7.3058957 ], [ 109.2460936, -7.3058877 ], [ 109.2461398, -7.305895 ], [ 109.2461868, -7.3059136 ], [ 109.246233, -7.3059522 ], [ 109.2463182, -7.3060373 ], [ 109.2463772, -7.3060879 ], [ 109.2464261, -7.3061092 ], [ 109.2464979, -7.3061231 ], [ 109.2466119, -7.3061198 ], [ 109.2467876, -7.3060773 ], [ 109.2468499, -7.3060513 ], [ 109.2469177, -7.3060048 ], [ 109.2469733, -7.3059496 ], [ 109.2470404, -7.3058744 ], [ 109.2473488, -7.3054075 ], [ 109.2474192, -7.3053097 ], [ 109.2474689, -7.3052026 ], [ 109.2475064, -7.305057 ], [ 109.2475283, -7.3049788 ], [ 109.2475443, -7.3049484 ], [ 109.2475614, -7.3049313 ], [ 109.2475839, -7.30492 ], [ 109.2476137, -7.3049122 ], [ 109.2476321, -7.3049116 ], [ 109.2476499, -7.3049133 ], [ 109.2476844, -7.3049203 ], [ 109.247715, -7.3049369 ], [ 109.2477773, -7.3049948 ], [ 109.2479014, -7.3051501 ], [ 109.2479349, -7.3051857 ], [ 109.2479899, -7.3052209 ], [ 109.24807, -7.3052465 ], [ 109.2481552, -7.3052565 ], [ 109.2482702, -7.3052552 ], [ 109.2483694, -7.3052731 ], [ 109.2485464, -7.3053377 ], [ 109.2486101, -7.3053731 ], [ 109.2486665, -7.3054235 ], [ 109.2487134, -7.3054873 ], [ 109.2489421, -7.3059063 ], [ 109.2490185, -7.3060107 ], [ 109.2491312, -7.3061404 ], [ 109.2492297, -7.3062389 ], [ 109.2494953, -7.306475 ], [ 109.2495301, -7.3065215 ], [ 109.2495529, -7.3065588 ], [ 109.2495824, -7.3066665 ], [ 109.2496401, -7.3075578 ], [ 109.2496495, -7.3079435 ], [ 109.2496696, -7.3081683 ], [ 109.2497045, -7.3084198 ], [ 109.2497367, -7.308618 ], [ 109.2497943, -7.3088255 ], [ 109.2498225, -7.3089345 ], [ 109.2500518, -7.3095957 ], [ 109.250147, -7.3098617 ], [ 109.2501819, -7.3099628 ], [ 109.2503093, -7.3104058 ], [ 109.2505185, -7.3112318 ], [ 109.2505614, -7.3114127 ], [ 109.2505682, -7.3115218 ], [ 109.2505708, -7.3116202 ], [ 109.2505051, -7.3119727 ], [ 109.2503442, -7.3124795 ], [ 109.2503147, -7.3125873 ], [ 109.2502356, -7.3127629 ], [ 109.2500773, -7.3130675 ], [ 109.2499124, -7.3133841 ], [ 109.2496495, -7.313968 ], [ 109.2496448, -7.313982 ], [ 109.24962, -7.3140904 ], [ 109.2496012, -7.3142553 ], [ 109.2495851, -7.3144003 ], [ 109.2495865, -7.3145081 ], [ 109.24962, -7.3146211 ], [ 109.2496602, -7.3146557 ], [ 109.2497306, -7.314675 ], [ 109.2502325, -7.3146943 ], [ 109.2503294, -7.314693 ], [ 109.2504381, -7.3146817 ], [ 109.2505346, -7.3146644 ], [ 109.2506044, -7.3146491 ], [ 109.2506634, -7.3146491 ], [ 109.2507344, -7.3146677 ], [ 109.2508136, -7.3147023 ], [ 109.2508873, -7.3147515 ], [ 109.2510885, -7.3150069 ], [ 109.2511837, -7.3151146 ], [ 109.2513031, -7.3152224 ], [ 109.2514244, -7.3153208 ], [ 109.2515586, -7.31538 ], [ 109.2516176, -7.3153933 ], [ 109.2517135, -7.3153927 ], [ 109.252612, -7.3151599 ], [ 109.2533295, -7.3150009 ] ] } },
{ "type": "Feature", "properties": { "name": "Jalan Pariwisata Baturaden", "highway": "primary", "length": 33.480948088378064, "latitude": -7.3153660266034137, "longitude": 109.23235822691917 }, "geometry": { "type": "LineString", "coordinates": [ [ 109.2324016, -7.3152253 ], [ 109.2323937, -7.3153057 ], [ 109.2323613, -7.3153893 ], [ 109.2323235, -7.3154426 ], [ 109.2322752, -7.3154874 ] ] } },
{ "type": "Feature", "properties": { "name": "Jalan Pariwisata Baturaden", "highway": "primary", "length": 333.15226866190375, "latitude": -7.3152925187381603, "longitude": 109.23103078725912 }, "geometry": { "type": "LineString", "coordinates": [ [ 109.230001, -7.3157039 ], [ 109.2300968, -7.3156753 ], [ 109.2302457, -7.3155981 ], [ 109.2303179, -7.3154924 ], [ 109.2303491, -7.315262 ], [ 109.2303925, -7.3151493 ], [ 109.2304234, -7.3150707 ], [ 109.2304616, -7.3150205 ], [ 109.2305149, -7.3149843 ], [ 109.2305786, -7.3149613 ], [ 109.2306786, -7.3149258 ], [ 109.2308884, -7.3148935 ], [ 109.23095, -7.3148977 ], [ 109.2310144, -7.3149181 ], [ 109.2310649, -7.3149486 ], [ 109.2311283, -7.3150179 ], [ 109.2314172, -7.3154046 ], [ 109.2314581, -7.3154519 ], [ 109.2315285, -7.3154997 ], [ 109.2315567, -7.3155091 ], [ 109.231621, -7.3155224 ], [ 109.2318544, -7.3155317 ], [ 109.2321159, -7.3154991 ], [ 109.2322752, -7.3154874 ] ] } },
{ "type": "Feature", "properties": { "name": "Jalan Raya Baturaden", "highway": "tertiary", "length": 663.49411965917375, "latitude": -7.3156925256718308, "longitude": 109.22933740770499 }, "geometry": { "type": "LineString", "coordinates": [ [ 109.230001, -7.3157039 ], [ 109.2299903, -7.315549 ], [ 109.2299969, -7.3152437 ], [ 109.2300063, -7.3148765 ], [ 109.2299366, -7.3146099 ], [ 109.229832, -7.3142747 ], [ 109.2297962, -7.3142038 ], [ 109.2297542, -7.314141 ], [ 109.2296278, -7.314149 ], [ 109.22948, -7.3141496 ], [ 109.2294222, -7.3141738 ], [ 109.2294132, -7.3141815 ], [ 109.2294136, -7.3144442 ], [ 109.2294055, -7.3146265 ], [ 109.229357, -7.3147728 ], [ 109.2293089, -7.3149445 ], [ 109.2292111, -7.3153121 ], [ 109.2291677, -7.3154614 ], [ 109.2291196, -7.3157488 ], [ 109.2290501, -7.3160252 ], [ 109.2290219, -7.3161828 ], [ 109.2290136, -7.3162976 ], [ 109.2289877, -7.3164621 ], [ 109.2289851, -7.3166224 ], [ 109.2289814, -7.3167724 ], [ 109.2289307, -7.3168944 ], [ 109.2288704, -7.3170374 ], [ 109.2288356, -7.3171425 ], [ 109.2287933, -7.3172469 ], [ 109.2288188, -7.3174724 ], [ 109.2288184, -7.3175915 ], [ 109.2288181, -7.3176726 ], [ 109.2288343, -7.3181057 ] ] } },
{ "type": "Feature", "properties": { "name": null, "highway": "primary", "length": 378.66146741713067, "latitude": -7.3171937845913693, "longitude": 109.22981249152983 }, "geometry": { "type": "LineString", "coordinates": [ [ 109.230001, -7.3157039 ], [ 109.2299347, -7.3160654 ], [ 109.2299593, -7.3161683 ], [ 109.2299888, -7.3164176 ], [ 109.2300392, -7.3165617 ], [ 109.2300416, -7.3168803 ], [ 109.2300483, -7.3171291 ], [ 109.2300801, -7.3176254 ], [ 109.2300369, -7.3177576 ], [ 109.2300077, -7.3178316 ], [ 109.2299529, -7.3178974 ], [ 109.2299098, -7.3179227 ], [ 109.2298618, -7.3179342 ], [ 109.2298077, -7.3179356 ], [ 109.2297475, -7.3179293 ], [ 109.2296872, -7.3179047 ], [ 109.2295976, -7.3178488 ], [ 109.2294903, -7.3178229 ], [ 109.2293901, -7.3178316 ], [ 109.2292169, -7.3179288 ], [ 109.2290356, -7.3180479 ], [ 109.2289143, -7.3181467 ] ] } },
{ "type": "Feature", "properties": { "name": "Pangebatan", "highway": "tertiary", "length": 1159.9615724755356, "latitude": -7.4360757052050372, "longitude": 109.20997296973856 }, "geometry": { "type": "LineString", "coordinates": [ [ 109.2129604, -7.4345254 ], [ 109.2129462, -7.4346314 ], [ 109.2129931, -7.4348568 ], [ 109.2130789, -7.4351839 ], [ 109.2131111, -7.4353182 ], [ 109.2131379, -7.4354405 ], [ 109.2131554, -7.435523 ], [ 109.2131661, -7.4355775 ], [ 109.2132143, -7.4358633 ], [ 109.2132613, -7.4361321 ], [ 109.2132635, -7.4361671 ], [ 109.2132594, -7.4363106 ], [ 109.2132506, -7.4364712 ], [ 109.2132385, -7.4365775 ], [ 109.2132331, -7.4365982 ], [ 109.2132264, -7.4366174 ], [ 109.2132037, -7.4366534 ], [ 109.2131941, -7.43667 ], [ 109.2131858, -7.4366823 ], [ 109.2131793, -7.4366919 ], [ 109.2131714, -7.4367058 ], [ 109.2130864, -7.4366684 ], [ 109.213002, -7.4366285 ], [ 109.2128504, -7.4365594 ], [ 109.2125733, -7.4364486 ], [ 109.2123172, -7.4363408 ], [ 109.212271, -7.4363267 ], [ 109.2122313, -7.4363209 ], [ 109.2121804, -7.4363182 ], [ 109.2120798, -7.4363182 ], [ 109.2118325, -7.4363294 ], [ 109.2114522, -7.4363315 ], [ 109.211366, -7.4363284 ], [ 109.2111432, -7.436328 ], [ 109.2110418, -7.4363262 ], [ 109.2109144, -7.4363236 ], [ 109.2107762, -7.4363169 ], [ 109.2104269, -7.4362977 ], [ 109.2100212, -7.4362757 ], [ 109.2099541, -7.436269 ], [ 109.2098865, -7.4362655 ], [ 109.2095344, -7.4362384 ], [ 109.2092123, -7.4362204 ], [ 109.2090244, -7.4362098 ], [ 109.208672, -7.4361693 ], [ 109.2086157, -7.436164 ], [ 109.2085581, -7.4361573 ], [ 109.2085018, -7.436152 ], [ 109.208042, -7.4361039 ], [ 109.2080263, -7.436102 ], [ 109.2079916, -7.4361013 ], [ 109.2079045, -7.4360935 ], [ 109.207744, -7.4360829 ], [ 109.2074516, -7.4360735 ], [ 109.2069997, -7.4360576 ], [ 109.2067497, -7.436035 ], [ 109.2063694, -7.4360057 ], [ 109.206105, -7.4359881 ], [ 109.2059363, -7.4359768 ], [ 109.2058102, -7.4359684 ], [ 109.2054183, -7.4359375 ], [ 109.2051396, -7.4359219 ], [ 109.2050953, -7.4359166 ], [ 109.2050598, -7.4359113 ], [ 109.2050015, -7.4358925 ] ] } },
{ "type": "Feature", "properties": { "name": "Ragasemangsang", "highway": "tertiary", "length": 228.79034293932935, "latitude": -7.4242451958957485, "longitude": 109.23125850648664 }, "geometry": { "type": "LineString", "coordinates": [ [ 109.2312012, -7.4252722 ], [ 109.2312041, -7.4252134 ], [ 109.231206, -7.4251914 ], [ 109.2312211, -7.4248055 ], [ 109.2312261, -7.4246767 ], [ 109.2312664, -7.42397 ], [ 109.231278, -7.4238654 ], [ 109.2312902, -7.4237436 ], [ 109.2313425, -7.4232201 ] ] } },
{ "type": "Feature", "properties": { "name": "Jalan Jenderal Sudirman", "highway": "primary", "length": 68.561389710065271, "latitude": -7.4252206654726409, "longitude": 109.23089476651901 }, "geometry": { "type": "LineString", "coordinates": [ [ 109.2312012, -7.4252722 ], [ 109.231079, -7.4252553 ], [ 109.2309494, -7.4252313 ], [ 109.2308376, -7.4252105 ], [ 109.2307519, -7.425193 ], [ 109.230701, -7.4251848 ], [ 109.2306523, -7.4251771 ], [ 109.2305884, -7.4251688 ] ] } },
{ "type": "Feature", "properties": { "name": "Jalan Letnan Jenderal Suprapto", "highway": "primary", "length": 69.390989180245342, "latitude": -7.4575288979218275, "longitude": 109.2990059989862 }, "geometry": { "type": "LineString", "coordinates": [ [ 109.2987605, -7.4577214 ], [ 109.2987858, -7.4577084 ], [ 109.2988661, -7.4576593 ], [ 109.299195, -7.4573601 ], [ 109.2992241, -7.4573323 ], [ 109.2992404, -7.4573212 ] ] } },
{ "type": "Feature", "properties": { "name": "Jalan Dokter Gumbreg", "highway": "primary", "length": 459.95451253496003, "latitude": -7.4305542373365956, "longitude": 109.27027591722845 }, "geometry": { "type": "LineString", "coordinates": [ [ 109.2705318, -7.432604 ], [ 109.2705332, -7.4324591 ], [ 109.2704803, -7.4320458 ], [ 109.2703892, -7.4313573 ], [ 109.270387, -7.4313407 ], [ 109.2703758, -7.4312652 ], [ 109.2703575, -7.4311425 ], [ 109.2703234, -7.4306677 ], [ 109.2703059, -7.4305232 ], [ 109.2702261, -7.4299443 ], [ 109.2702138, -7.4298771 ], [ 109.2700544, -7.4290574 ], [ 109.2700242, -7.4289301 ], [ 109.2698573, -7.42854 ] ] } },
{ "type": "Feature", "properties": { "name": "Jalan Dokter Gumbreg", "highway": "primary", "length": 719.5910186928528, "latitude": -7.4355666591502949, "longitude": 109.26922492477378 }, "geometry": { "type": "LineString", "coordinates": [ [ 109.2705318, -7.432604 ], [ 109.2704916, -7.4327436 ], [ 109.2703816, -7.4329883 ], [ 109.2698879, -7.4341103 ], [ 109.269872, -7.4341559 ], [ 109.2698242, -7.4342718 ], [ 109.2697653, -7.4344101 ], [ 109.2694057, -7.435203 ], [ 109.2692035, -7.4356101 ], [ 109.268922, -7.4362189 ], [ 109.2689202, -7.4362233 ], [ 109.2687681, -7.4365993 ], [ 109.2686448, -7.4368505 ], [ 109.2686236, -7.4368957 ], [ 109.2683909, -7.4373907 ], [ 109.2682267, -7.4377401 ], [ 109.2680655, -7.4380829 ], [ 109.2680514, -7.4381265 ], [ 109.2679167, -7.4385278 ] ] } },
{ "type": "Feature", "properties": { "name": null, "highway": "tertiary", "length": 1203.8595755081599, "latitude": -7.4370076757739216, "longitude": 109.27355360914258 }, "geometry": { "type": "LineString", "coordinates": [ [ 109.2705318, -7.432604 ], [ 109.2706096, -7.4327503 ], [ 109.2707236, -7.4329325 ], [ 109.2708805, -7.4331532 ], [ 109.2710193, -7.4333549 ], [ 109.2712936, -7.4337011 ], [ 109.2715015, -7.4339644 ], [ 109.2717274, -7.4342591 ], [ 109.2718502, -7.4344171 ], [ 109.2720044, -7.4345961 ], [ 109.2722429, -7.4348381 ], [ 109.2722532, -7.4348443 ], [ 109.2723677, -7.4349513 ], [ 109.2725247, -7.4351293 ], [ 109.2727401, -7.4353468 ], [ 109.2728325, -7.4354613 ], [ 109.2730042, -7.4356528 ], [ 109.2731283, -7.4357969 ], [ 109.2738652, -7.4367805 ], [ 109.2745847, -7.4378077 ], [ 109.2746477, -7.437918 ], [ 109.2746732, -7.4379872 ], [ 109.2747751, -7.4382212 ], [ 109.2748951, -7.4384772 ], [ 109.2749416, -7.4385465 ], [ 109.2750688, -7.4388542 ], [ 109.2750722, -7.4390098 ], [ 109.2750508, -7.4393432 ], [ 109.275046, -7.4395996 ], [ 109.275052, -7.4396973 ], [ 109.2752767, -7.4409221 ], [ 109.2753687, -7.4412978 ], [ 109.2753933, -7.4414207 ], [ 109.2754906, -7.4418935 ] ] } },
{ "type": "Feature", "properties": { "name": "Jalan Overste Isdiman", "highway": "secondary", "length": 702.77679850978302, "latitude": -7.4201033615964231, "longitude": 109.24434977931266 }, "geometry": { "type": "LineString", "coordinates": [ [ 109.2439588, -7.4232393 ], [ 109.2439832, -7.4230449 ], [ 109.2440273, -7.4227444 ], [ 109.2441088, -7.4220725 ], [ 109.2441426, -7.4217895 ], [ 109.2441533, -7.4217019 ], [ 109.244177, -7.421503 ], [ 109.2441865, -7.42142 ], [ 109.2442984, -7.4205383 ], [ 109.2443301, -7.4202704 ], [ 109.2443962, -7.4198286 ], [ 109.2444467, -7.4193637 ], [ 109.2445001, -7.4188746 ], [ 109.2445665, -7.418414 ], [ 109.2445967, -7.4180701 ], [ 109.2446011, -7.4180175 ], [ 109.2446043, -7.4179791 ], [ 109.2446202, -7.417829 ], [ 109.2446918, -7.4172081 ], [ 109.2447235, -7.4169655 ] ] } },
{ "type": "Feature", "properties": { "name": "Jalan Komisaris Bambang Suprapto", "highway": "primary", "length": 190.37908895223154, "latitude": -7.4233777935823868, "longitude": 109.24480822593856 }, "geometry": { "type": "LineString", "coordinates": [ [ 109.2439588, -7.4232393 ], [ 109.2442284, -7.4232974 ], [ 109.2446731, -7.4233867 ], [ 109.2450277, -7.4234373 ], [ 109.2456663, -7.4234252 ] ] } },
{ "type": "Feature", "properties": { "name": [ "Jalan Gerilya - Soedirman", "Jalan Bung Karno" ], "highway": "secondary", "length": 2012.0143523676588, "latitude": -7.4342012472703329, "longitude": 109.23115566240435 }, "geometry": { "type": "LineString", "coordinates": [ [ 109.2315699, -7.4423356 ], [ 109.2316223, -7.441702 ], [ 109.2316304, -7.4414494 ], [ 109.2316113, -7.4409363 ], [ 109.2314192, -7.4402698 ], [ 109.2311312, -7.4393282 ], [ 109.2308588, -7.4386296 ], [ 109.2307439, -7.4384592 ], [ 109.2306081, -7.4383069 ], [ 109.2302853, -7.4380231 ], [ 109.2299305, -7.4377744 ], [ 109.2297542, -7.4376215 ], [ 109.2296121, -7.4374299 ], [ 109.2294785, -7.4371989 ], [ 109.2293894, -7.4369858 ], [ 109.229354, -7.4368012 ], [ 109.2293479, -7.436769 ], [ 109.2293385, -7.4366334 ], [ 109.2293384, -7.4365655 ], [ 109.2293438, -7.436274 ], [ 109.2293599, -7.4361666 ], [ 109.2293948, -7.4360602 ], [ 109.2294667, -7.4359214 ], [ 109.2309035, -7.4336142 ], [ 109.2309599, -7.4335238 ], [ 109.2315686, -7.4325463 ], [ 109.2316753, -7.4322289 ], [ 109.231846, -7.4315938 ], [ 109.231854, -7.4311684 ], [ 109.2318204, -7.4308431 ], [ 109.2317984, -7.4306682 ], [ 109.2317793, -7.4304944 ], [ 109.231587, -7.4292213 ], [ 109.2315763, -7.4291042 ], [ 109.2315537, -7.428875 ], [ 109.2315776, -7.4286717 ], [ 109.2316665, -7.4283592 ], [ 109.2318161, -7.4280412 ], [ 109.2319675, -7.4278569 ], [ 109.2321225, -7.4277026 ], [ 109.2323543, -7.4274753 ], [ 109.2326857, -7.4271675 ], [ 109.2328889, -7.4269746 ], [ 109.2330189, -7.4268129 ], [ 109.2331, -7.4266608 ], [ 109.2332417, -7.4262766 ], [ 109.2332659, -7.4262147 ] ] } },
{ "type": "Feature", "properties": { "name": "Kaliputih", "highway": "secondary", "length": 358.43389730451423, "latitude": -7.425889678246901, "longitude": 109.25546754721263 }, "geometry": { "type": "LineString", "coordinates": [ [ 109.2556027, -7.4274881 ], [ 109.2555995, -7.4266385 ], [ 109.2556037, -7.4264249 ], [ 109.2555945, -7.4263362 ], [ 109.2555481, -7.4260474 ], [ 109.2555119, -7.4257876 ], [ 109.255364, -7.4251981 ], [ 109.2552726, -7.4247888 ], [ 109.2552647, -7.4247446 ], [ 109.2552295, -7.4245809 ], [ 109.2551712, -7.4243096 ] ] } },
{ "type": "Feature", "properties": { "name": "Supriyadi", "highway": "secondary", "length": 138.62435435626094, "latitude": -7.4275327642000022, "longitude": 109.25497571663455 }, "geometry": { "type": "LineString", "coordinates": [ [ 109.2556027, -7.4274881 ], [ 109.254684, -7.4275546 ], [ 109.2544955, -7.4275635 ], [ 109.2543488, -7.4275774 ] ] } },
{ "type": "Feature", "properties": { "name": "Supriyadi", "highway": "secondary", "length": 688.21766225379929, "latitude": -7.4273555577971759, "longitude": 109.25871861668058 }, "geometry": { "type": "LineString", "coordinates": [ [ 109.2556027, -7.4274881 ], [ 109.2560345, -7.4274709 ], [ 109.2565415, -7.4274575 ], [ 109.2568733, -7.4274213 ], [ 109.2570261, -7.4274114 ], [ 109.2572093, -7.4274016 ], [ 109.2572743, -7.4273937 ], [ 109.2575063, -7.4273996 ], [ 109.2576217, -7.4273997 ], [ 109.2577404, -7.4273957 ], [ 109.2579447, -7.42739 ], [ 109.2580863, -7.4273844 ], [ 109.2583341, -7.4273603 ], [ 109.2586266, -7.4273532 ], [ 109.2590186, -7.4273568 ], [ 109.2596054, -7.4273122 ], [ 109.259837, -7.4273088 ], [ 109.260019, -7.4273037 ], [ 109.2604865, -7.4272886 ], [ 109.2609925, -7.4272707 ], [ 109.2618347, -7.4272128 ] ] } },
{ "type": "Feature", "properties": { "name": [ "Jalan HM. Bahroen", "HM Bahroen" ], "highway": "secondary", "length": 1216.2201518637578, "latitude": -7.4324518658605641, "longitude": 109.26264877441254 }, "geometry": { "type": "LineString", "coordinates": [ [ 109.2618347, -7.4272128 ], [ 109.2618641, -7.4275212 ], [ 109.2618694, -7.4275743 ], [ 109.2619758, -7.4288101 ], [ 109.2620082, -7.4290983 ], [ 109.2620916, -7.4298028 ], [ 109.2621543, -7.4304738 ], [ 109.2621607, -7.4305407 ], [ 109.2621739, -7.430683 ], [ 109.262197, -7.4309037 ], [ 109.262202, -7.4309579 ], [ 109.2622298, -7.4312265 ], [ 109.2622583, -7.4314452 ], [ 109.2622779, -7.431646 ], [ 109.2623257, -7.4319891 ], [ 109.26239, -7.4323367 ], [ 109.262512, -7.4327011 ], [ 109.2626394, -7.433104 ], [ 109.2626689, -7.4331812 ], [ 109.262719, -7.4332774 ], [ 109.26275, -7.4333375 ], [ 109.2628733, -7.4335807 ], [ 109.2629109, -7.4336567 ], [ 109.2629451, -7.4337333 ], [ 109.2630847, -7.4339432 ], [ 109.2633176, -7.4342533 ], [ 109.2634259, -7.4343801 ], [ 109.2634582, -7.4344183 ], [ 109.2636205, -7.434609 ], [ 109.2637458, -7.4347836 ], [ 109.263892, -7.435003 ], [ 109.2639685, -7.4351327 ], [ 109.2639577, -7.4352012 ], [ 109.2639283, -7.4352982 ], [ 109.2638598, -7.435414 ], [ 109.2631839, -7.4362052 ], [ 109.2625925, -7.4369288 ], [ 109.2625454, -7.4369923 ], [ 109.2624964, -7.4371135 ], [ 109.2624725, -7.4371727 ] ] } },
{ "type": "Feature", "properties": { "name": "Senopati", "highway": "secondary", "length": 828.78819042503949, "latitude": -7.4235075433687845, "longitude": 109.26144210899139 }, "geometry": { "type": "LineString", "coordinates": [ [ 109.2618347, -7.4272128 ], [ 109.2618155, -7.4268724 ], [ 109.2617342, -7.4261995 ], [ 109.2617248, -7.4261104 ], [ 109.2617087, -7.4259627 ], [ 109.261694, -7.4258019 ], [ 109.261647, -7.4253736 ], [ 109.2616136, -7.4251242 ], [ 109.261592, -7.4248284 ], [ 109.2615478, -7.4243696 ], [ 109.2614875, -7.423839 ], [ 109.2614204, -7.4233762 ], [ 109.2613976, -7.4231395 ], [ 109.2613879, -7.4230615 ], [ 109.2613775, -7.4229413 ], [ 109.2613614, -7.4228283 ], [ 109.2613345, -7.422557 ], [ 109.2612755, -7.4219373 ], [ 109.2612393, -7.4217192 ], [ 109.2612241, -7.4215152 ], [ 109.2612152, -7.4214545 ], [ 109.2611696, -7.4210941 ], [ 109.2611334, -7.4207324 ], [ 109.2611173, -7.4205569 ], [ 109.2611012, -7.4204372 ], [ 109.2610824, -7.4202005 ], [ 109.261065, -7.4200169 ], [ 109.2610435, -7.4198028 ] ] } },
{ "type": "Feature", "properties": { "name": "Supriyadi", "highway": "secondary", "length": 688.21766225379929, "latitude": -7.427355557797175, "longitude": 109.25871861668061 }, "geometry": { "type": "LineString", "coordinates": [ [ 109.2618347, -7.4272128 ], [ 109.2609925, -7.4272707 ], [ 109.2604865, -7.4272886 ], [ 109.260019, -7.4273037 ], [ 109.259837, -7.4273088 ], [ 109.2596054, -7.4273122 ], [ 109.2590186, -7.4273568 ], [ 109.2586266, -7.4273532 ], [ 109.2583341, -7.4273603 ], [ 109.2580863, -7.4273844 ], [ 109.2579447, -7.42739 ], [ 109.2577404, -7.4273957 ], [ 109.2576217, -7.4273997 ], [ 109.2575063, -7.4273996 ], [ 109.2572743, -7.4273937 ], [ 109.2572093, -7.4274016 ], [ 109.2570261, -7.4274114 ], [ 109.2568733, -7.4274213 ], [ 109.2565415, -7.4274575 ], [ 109.2560345, -7.4274709 ], [ 109.2556027, -7.4274881 ] ] } },
{ "type": "Feature", "properties": { "name": "Adipati Mersi", "highway": "secondary", "length": 1022.1342532307627, "latitude": -7.4275962126913404, "longitude": 109.26606093249784 }, "geometry": { "type": "LineString", "coordinates": [ [ 109.2618347, -7.4272128 ], [ 109.2630008, -7.4271497 ], [ 109.2633357, -7.4271343 ], [ 109.2639416, -7.4271184 ], [ 109.2647081, -7.4270539 ], [ 109.2653833, -7.4270173 ], [ 109.2657261, -7.426992 ], [ 109.2661546, -7.4269636 ], [ 109.2668331, -7.4268817 ], [ 109.2669229, -7.4268724 ], [ 109.2669578, -7.426867 ], [ 109.2670476, -7.4270519 ], [ 109.267108, -7.42727 ], [ 109.267159, -7.4274841 ], [ 109.2672535, -7.4277068 ], [ 109.267281, -7.4277647 ], [ 109.2673145, -7.4278219 ], [ 109.2678046, -7.4283045 ], [ 109.267819, -7.4283254 ], [ 109.2678537, -7.428378 ], [ 109.2678689, -7.4284016 ], [ 109.2678863, -7.4284286 ], [ 109.2679759, -7.4285774 ], [ 109.2681519, -7.4288697 ], [ 109.2683848, -7.4288605 ], [ 109.2686256, -7.4288307 ], [ 109.2690467, -7.4287528 ], [ 109.2693959, -7.428665 ], [ 109.2696716, -7.4285816 ], [ 109.2698573, -7.42854 ] ] } },
{ "type": "Feature", "properties": { "name": "Kaliputih", "highway": "secondary", "length": 358.43389730451429, "latitude": -7.4258896782469037, "longitude": 109.25546754721265 }, "geometry": { "type": "LineString", "coordinates": [ [ 109.2551712, -7.4243096 ], [ 109.2552295, -7.4245809 ], [ 109.2552647, -7.4247446 ], [ 109.2552726, -7.4247888 ], [ 109.255364, -7.4251981 ], [ 109.2555119, -7.4257876 ], [ 109.2555481, -7.4260474 ], [ 109.2555945, -7.4263362 ], [ 109.2556037, -7.4264249 ], [ 109.2555995, -7.4266385 ], [ 109.2556027, -7.4274881 ] ] } },
{ "type": "Feature", "properties": { "name": "Kaliputih", "highway": "secondary", "length": 151.82963937504007, "latitude": -7.4236448910322457, "longitude": 109.25501478996658 }, "geometry": { "type": "LineString", "coordinates": [ [ 109.2551712, -7.4243096 ], [ 109.2550676, -7.4238995 ], [ 109.255014, -7.4236568 ], [ 109.254992, -7.4235351 ], [ 109.254865, -7.4229786 ] ] } },
{ "type": "Feature", "properties": { "name": "Mohammad Yusuf", "highway": "tertiary", "length": 259.56832503946765, "latitude": -7.4246732005896234, "longitude": 109.25405376095922 }, "geometry": { "type": "LineString", "coordinates": [ [ 109.2551712, -7.4243096 ], [ 109.2546773, -7.4244866 ], [ 109.2543401, -7.4245936 ], [ 109.2539834, -7.4247007 ], [ 109.2536328, -7.4248188 ], [ 109.2534971, -7.4248683 ], [ 109.2533187, -7.4249095 ], [ 109.2531739, -7.4249281 ], [ 109.2529171, -7.4249541 ] ] } },
{ "type": "Feature", "properties": { "name": "Jalan Jenderal Ahmad Yani", "highway": "secondary", "length": 264.26466000985783, "latitude": -7.408706274360406, "longitude": 109.23095937400953 }, "geometry": { "type": "LineString", "coordinates": [ [ 109.2311038, -7.4075272 ], [ 109.2310879, -7.4076821 ], [ 109.2310636, -7.4079455 ], [ 109.2309916, -7.4084189 ], [ 109.2309337, -7.408798 ], [ 109.2309256, -7.4088697 ], [ 109.2308774, -7.4092896 ], [ 109.2308654, -7.4095002 ], [ 109.2308512, -7.4097299 ], [ 109.2308461, -7.4098882 ] ] } },
{ "type": "Feature", "properties": { "name": [ "Bobosan", "Jalan Bobosan" ], "highway": "secondary", "length": 783.12085938886992, "latitude": -7.4079378066329529, "longitude": 109.22807480743934 }, "geometry": { "type": "LineString", "coordinates": [ [ 109.2311038, -7.4075272 ], [ 109.2309109, -7.4075189 ], [ 109.2306301, -7.4075001 ], [ 109.2303215, -7.4074968 ], [ 109.2302051, -7.4074955 ], [ 109.2299708, -7.4074888 ], [ 109.2299218, -7.4074914 ], [ 109.2298415, -7.4075124 ], [ 109.2297528, -7.4076233 ], [ 109.2296309, -7.4077901 ], [ 109.2295357, -7.4079528 ], [ 109.2295217, -7.4079768 ], [ 109.2294143, -7.4081765 ], [ 109.2293502, -7.4084183 ], [ 109.2293348, -7.4084685 ], [ 109.2293214, -7.4084924 ], [ 109.2292798, -7.408516 ], [ 109.2292097, -7.4085241 ], [ 109.2288341, -7.4085074 ], [ 109.228795, -7.4085057 ], [ 109.2285606, -7.4085134 ], [ 109.2284178, -7.4084889 ], [ 109.228331, -7.4084506 ], [ 109.2280616, -7.4083109 ], [ 109.2277828, -7.408146 ], [ 109.2275491, -7.4080096 ], [ 109.2272046, -7.4079035 ], [ 109.2271173, -7.4078787 ], [ 109.2266521, -7.4077975 ], [ 109.2263028, -7.4077497 ], [ 109.2259696, -7.40775 ], [ 109.2259502, -7.40775 ], [ 109.2255948, -7.4077599 ], [ 109.2253864, -7.4077842 ], [ 109.2247856, -7.4078519 ] ] } },
{ "type": "Feature", "properties": { "name": "Jalan Brigadir Jenderal Encung", "highway": "secondary", "length": 877.51428188677733, "latitude": -7.4079866453921968, "longitude": 109.23504945601772 }, "geometry": { "type": "LineString", "coordinates": [ [ 109.2311038, -7.4075272 ], [ 109.2312625, -7.4075376 ], [ 109.2314365, -7.4075518 ], [ 109.2318248, -7.407574 ], [ 109.2323875, -7.4076052 ], [ 109.2325664, -7.4076205 ], [ 109.2327607, -7.4076457 ], [ 109.2329069, -7.4076616 ], [ 109.2330779, -7.4076801 ], [ 109.2334401, -7.4077194 ], [ 109.2336503, -7.4077441 ], [ 109.2342866, -7.4078246 ], [ 109.2348345, -7.4078938 ], [ 109.2350437, -7.4079097 ], [ 109.2361826, -7.4080683 ], [ 109.2362665, -7.40808 ], [ 109.2362984, -7.4080861 ], [ 109.2363299, -7.4080922 ], [ 109.2368285, -7.4081984 ], [ 109.2370893, -7.4082552 ], [ 109.2377437, -7.4084311 ], [ 109.2378426, -7.4084577 ], [ 109.2383934, -7.408598 ], [ 109.2389411, -7.4087621 ] ] } },
{ "type": "Feature", "properties": { "name": "Letnan Jenderal Polisi Sumarto", "highway": "secondary", "length": 1136.8948276336375, "latitude": -7.4024331507328238, "longitude": 109.23153250933915 }, "geometry": { "type": "LineString", "coordinates": [ [ 109.2311038, -7.4075272 ], [ 109.2311242, -7.4073615 ], [ 109.2311336, -7.4072551 ], [ 109.231147, -7.4070744 ], [ 109.2312157, -7.4062457 ], [ 109.2312255, -7.4061277 ], [ 109.2312453, -7.4058889 ], [ 109.2312912, -7.4053359 ], [ 109.2312994, -7.4052453 ], [ 109.2313181, -7.4050397 ], [ 109.2313421, -7.4047766 ], [ 109.2313455, -7.404713 ], [ 109.2313632, -7.4044492 ], [ 109.2313688, -7.4043684 ], [ 109.2313847, -7.4041969 ], [ 109.2313991, -7.4040012 ], [ 109.2314268, -7.403627 ], [ 109.2314319, -7.4035555 ], [ 109.2314493, -7.403319 ], [ 109.2314692, -7.4031153 ], [ 109.2315088, -7.4027095 ], [ 109.2315151, -7.4026445 ], [ 109.2315241, -7.4025526 ], [ 109.2315558, -7.4022281 ], [ 109.231562, -7.4021646 ], [ 109.231629, -7.4013451 ], [ 109.2316425, -7.4011804 ], [ 109.2316687, -7.4008862 ], [ 109.2316748, -7.4008171 ], [ 109.2316935, -7.4006065 ], [ 109.2316994, -7.4005403 ], [ 109.231703, -7.4004997 ], [ 109.2317068, -7.400457 ], [ 109.2317315, -7.3999195 ], [ 109.2317334, -7.3998786 ], [ 109.2317494, -7.3997002 ], [ 109.2318077, -7.3990512 ], [ 109.2318553, -7.3985202 ], [ 109.2318812, -7.3982321 ], [ 109.2318973, -7.3980523 ], [ 109.2319107, -7.3979035 ], [ 109.2319185, -7.3978209 ], [ 109.2319642, -7.3973394 ] ] } },
{ "type": "Feature", "properties": { "name": null, "highway": "tertiary", "length": 35.886348559119291, "latitude": -7.4243885497271718, "longitude": 109.28508509725442 }, "geometry": { "type": "LineString", "coordinates": [ [ 109.28517, -7.4244633 ], [ 109.2850966, -7.4243606 ], [ 109.2850624, -7.4243187 ], [ 109.285061, -7.4243521 ], [ 109.2850553, -7.4243756 ], [ 109.2850419, -7.4244035 ], [ 109.2850104, -7.4244481 ] ] } },
{ "type": "Feature", "properties": { "name": null, "highway": "tertiary", "length": 17.709158469883974, "latitude": -7.4244580066081154, "longitude": 109.28508996938521 }, "geometry": { "type": "LineString", "coordinates": [ [ 109.28517, -7.4244633 ], [ 109.2850833, -7.4244597 ], [ 109.2850104, -7.4244481 ] ] } },
{ "type": "Feature", "properties": { "name": null, "highway": "tertiary", "length": 373.79742270494506, "latitude": -7.4249489542054157, "longitude": 109.28678445165734 }, "geometry": { "type": "LineString", "coordinates": [ [ 109.28517, -7.4244633 ], [ 109.28541, -7.4245086 ], [ 109.2856883, -7.4245671 ], [ 109.2859954, -7.4246369 ], [ 109.286271, -7.4247127 ], [ 109.2864098, -7.4247559 ], [ 109.2865802, -7.4248171 ], [ 109.2867813, -7.4248902 ], [ 109.2870022, -7.4249679 ], [ 109.2873516, -7.4251319 ], [ 109.2878046, -7.4253696 ], [ 109.2880809, -7.4254827 ], [ 109.2883491, -7.4255838 ] ] } },
{ "type": "Feature", "properties": { "name": "Jalan Merdeka", "highway": "tertiary", "length": 568.50290340856884, "latitude": -7.4243326651668307, "longitude": 109.23725777226525 }, "geometry": { "type": "LineString", "coordinates": [ [ 109.2376754, -7.4218117 ], [ 109.2375788, -7.422368 ], [ 109.2375624, -7.4224812 ], [ 109.237489, -7.4229929 ], [ 109.237413, -7.4236238 ], [ 109.2373024, -7.4241539 ], [ 109.2372926, -7.4241926 ], [ 109.2371374, -7.425145 ], [ 109.2370629, -7.4255937 ], [ 109.2370313, -7.4257964 ], [ 109.2369877, -7.4259784 ], [ 109.2369248, -7.4262009 ], [ 109.2368747, -7.4263304 ], [ 109.2367585, -7.4266994 ], [ 109.2367217, -7.4268266 ] ] } },
{ "type": "Feature", "properties": { "name": null, "highway": "primary", "length": 21.487054989755002, "latitude": -7.4217564207419349, "longitude": 109.23760684482134 }, "geometry": { "type": "LineString", "coordinates": [ [ 109.2376754, -7.4218117 ], [ 109.2376376, -7.4218024 ], [ 109.2376058, -7.42178 ], [ 109.2375845, -7.4217476 ], [ 109.2375766, -7.4217098 ], [ 109.2375832, -7.4216717 ] ] } },
{ "type": "Feature", "properties": { "name": "Ragasemangsang", "highway": "tertiary", "length": 228.79034293932932, "latitude": -7.4242451958957441, "longitude": 109.2312585064866 }, "geometry": { "type": "LineString", "coordinates": [ [ 109.2313425, -7.4232201 ], [ 109.2312902, -7.4237436 ], [ 109.231278, -7.4238654 ], [ 109.2312664, -7.42397 ], [ 109.2312261, -7.4246767 ], [ 109.2312211, -7.4248055 ], [ 109.231206, -7.4251914 ], [ 109.2312041, -7.4252134 ], [ 109.2312012, -7.4252722 ] ] } },
{ "type": "Feature", "properties": { "name": "Ragasemangsang", "highway": "tertiary", "length": 337.08483366494488, "latitude": -7.4217067171445619, "longitude": 109.23142022090386 }, "geometry": { "type": "LineString", "coordinates": [ [ 109.2313425, -7.4232201 ], [ 109.23135, -7.4231226 ], [ 109.2313665, -7.4227566 ], [ 109.2313798, -7.4225174 ], [ 109.2313802, -7.4225095 ], [ 109.231388, -7.4224402 ], [ 109.2313964, -7.4222225 ], [ 109.2313984, -7.4221168 ], [ 109.2314058, -7.4217151 ], [ 109.2314314, -7.4212994 ], [ 109.2314485, -7.4210256 ], [ 109.2315241, -7.420195 ] ] } },
{ "type": "Feature", "properties": { "name": "Jalan Kolonel Sugiono", "highway": "secondary", "length": 269.03642869381645, "latitude": -7.4289378774643318, "longitude": 109.2392601334743 }, "geometry": { "type": "LineString", "coordinates": [ [ 109.2381487, -7.4284413 ], [ 109.2383426, -7.4285265 ], [ 109.2390094, -7.4288242 ], [ 109.2391753, -7.4288949 ], [ 109.239758, -7.4291933 ], [ 109.2401177, -7.4293022 ], [ 109.2403875, -7.4293906 ] ] } },
{ "type": "Feature", "properties": { "name": "Jalan Kolonel Sugiono", "highway": "secondary", "length": 471.22709630945974, "latitude": -7.4276243854681576, "longitude": 109.23623355783255 }, "geometry": { "type": "LineString", "coordinates": [ [ 109.2381487, -7.4284413 ], [ 109.2378759, -7.4283245 ], [ 109.2377707, -7.4282824 ], [ 109.2376728, -7.4282507 ], [ 109.2374643, -7.4281728 ], [ 109.2371995, -7.4280958 ], [ 109.237016, -7.4280341 ], [ 109.2367333, -7.4279534 ], [ 109.2363906, -7.4278725 ], [ 109.236133, -7.4278055 ], [ 109.2359944, -7.4277527 ], [ 109.2359461, -7.4277315 ], [ 109.23591, -7.4277095 ], [ 109.2354883, -7.4273959 ], [ 109.2353465, -7.4272775 ], [ 109.2352202, -7.4271748 ], [ 109.235005, -7.4269923 ], [ 109.2348882, -7.4268756 ], [ 109.2348774, -7.426833 ], [ 109.2348805, -7.4267886 ], [ 109.2348916, -7.426711 ], [ 109.234896, -7.4266643 ], [ 109.234911, -7.4264521 ], [ 109.234926, -7.4262978 ] ] } },
{ "type": "Feature", "properties": { "name": "Kalibener", "highway": "tertiary", "length": 989.26007935273458, "latitude": -7.4328533343727496, "longitude": 109.2379709868062 }, "geometry": { "type": "LineString", "coordinates": [ [ 109.2381487, -7.4284413 ], [ 109.2380469, -7.4289297 ], [ 109.238036, -7.4289721 ], [ 109.2380108, -7.4291017 ], [ 109.2379453, -7.4293728 ], [ 109.2379294, -7.4294517 ], [ 109.2379135, -7.4295684 ], [ 109.237889, -7.4298758 ], [ 109.2378709, -7.4302173 ], [ 109.2378647, -7.4302825 ], [ 109.2379242, -7.4310816 ], [ 109.2379496, -7.4313392 ], [ 109.2380613, -7.4323598 ], [ 109.238059, -7.4326287 ], [ 109.2380569, -7.4327066 ], [ 109.2380552, -7.4327876 ], [ 109.2380488, -7.4329599 ], [ 109.2380531, -7.4331375 ], [ 109.2380544, -7.433173 ], [ 109.2380622, -7.4332641 ], [ 109.238085, -7.43344 ], [ 109.238091, -7.4335493 ], [ 109.2380996, -7.4338038 ], [ 109.2380664, -7.4347987 ], [ 109.2380518, -7.4350102 ], [ 109.2380433, -7.4351338 ], [ 109.2379631, -7.4355196 ], [ 109.2379498, -7.435594 ], [ 109.2379006, -7.4358325 ], [ 109.2378106, -7.4362882 ], [ 109.2377793, -7.4365594 ], [ 109.2377555, -7.4367122 ], [ 109.2377531, -7.4367694 ], [ 109.2377491, -7.4368478 ], [ 109.2377539, -7.4369251 ], [ 109.2377574, -7.437043 ], [ 109.2377754, -7.4372713 ] ] } },
{ "type": "Feature", "properties": { "name": null, "highway": "tertiary", "length": 373.79742270494501, "latitude": -7.4249489542054175, "longitude": 109.28678445165737 }, "geometry": { "type": "LineString", "coordinates": [ [ 109.2883491, -7.4255838 ], [ 109.2880809, -7.4254827 ], [ 109.2878046, -7.4253696 ], [ 109.2873516, -7.4251319 ], [ 109.2870022, -7.4249679 ], [ 109.2867813, -7.4248902 ], [ 109.2865802, -7.4248171 ], [ 109.2864098, -7.4247559 ], [ 109.286271, -7.4247127 ], [ 109.2859954, -7.4246369 ], [ 109.2856883, -7.4245671 ], [ 109.28541, -7.4245086 ], [ 109.28517, -7.4244633 ] ] } },
{ "type": "Feature", "properties": { "name": "Jalan Imam Bonjol", "highway": "secondary", "length": 555.89201773497166, "latitude": -7.4279730971829476, "longitude": 109.28902923242306 }, "geometry": { "type": "LineString", "coordinates": [ [ 109.2883491, -7.4255838 ], [ 109.2883661, -7.4257264 ], [ 109.2883846, -7.4259807 ], [ 109.2884316, -7.4263394 ], [ 109.2884731, -7.4265359 ], [ 109.2885134, -7.4267141 ], [ 109.2886166, -7.427016 ], [ 109.2887646, -7.4273885 ], [ 109.2888641, -7.4276389 ], [ 109.2889458, -7.4278464 ], [ 109.2890259, -7.4280424 ], [ 109.289171, -7.4284338 ], [ 109.2892314, -7.4285718 ], [ 109.2894152, -7.4290422 ], [ 109.2894345, -7.4290916 ], [ 109.2894749, -7.4291896 ], [ 109.2895299, -7.4293067 ], [ 109.289587, -7.4294389 ], [ 109.2896877, -7.4296976 ], [ 109.2897931, -7.4299742 ], [ 109.2898604, -7.4301621 ], [ 109.2899166, -7.4303088 ] ] } },
{ "type": "Feature", "properties": { "name": "Jalan Imam Bonjol", "highway": "secondary", "length": 842.22397868912606, "latitude": -7.4218144040054224, "longitude": 109.28798453484313 }, "geometry": { "type": "LineString", "coordinates": [ [ 109.2883491, -7.4255838 ], [ 109.2883417, -7.4254534 ], [ 109.2883149, -7.4251981 ], [ 109.288272, -7.424589 ], [ 109.2882371, -7.4243151 ], [ 109.288213, -7.424081 ], [ 109.2881352, -7.4233097 ], [ 109.2880034, -7.4220643 ], [ 109.287926, -7.4212617 ], [ 109.2878213, -7.4202191 ], [ 109.2877261, -7.4192151 ], [ 109.2876342, -7.418157 ], [ 109.2876249, -7.4180442 ] ] } },
{ "type": "Feature", "properties": { "name": null, "highway": "tertiary", "length": 35.886348559119291, "latitude": -7.4243885497271718, "longitude": 109.28508509725442 }, "geometry": { "type": "LineString", "coordinates": [ [ 109.2850104, -7.4244481 ], [ 109.2850419, -7.4244035 ], [ 109.2850553, -7.4243756 ], [ 109.285061, -7.4243521 ], [ 109.2850624, -7.4243187 ], [ 109.2850966, -7.4243606 ], [ 109.28517, -7.4244633 ] ] } },
{ "type": "Feature", "properties": { "name": null, "highway": "tertiary", "length": 17.709158469883974, "latitude": -7.4244580066081154, "longitude": 109.28508996938521 }, "geometry": { "type": "LineString", "coordinates": [ [ 109.2850104, -7.4244481 ], [ 109.2850833, -7.4244597 ], [ 109.28517, -7.4244633 ] ] } },
{ "type": "Feature", "properties": { "name": null, "highway": "tertiary", "length": 1601.5717410059056, "latitude": -7.4236221767085597, "longitude": 109.2777977903114 }, "geometry": { "type": "LineString", "coordinates": [ [ 109.2850104, -7.4244481 ], [ 109.2849514, -7.4244441 ], [ 109.2847858, -7.4244354 ], [ 109.2844579, -7.4244128 ], [ 109.2839663, -7.4243669 ], [ 109.2835838, -7.4243247 ], [ 109.2828418, -7.4242566 ], [ 109.2825494, -7.4242257 ], [ 109.2820057, -7.4241761 ], [ 109.2815322, -7.4241229 ], [ 109.2814661, -7.4241146 ], [ 109.2812513, -7.4240877 ], [ 109.2811369, -7.4240736 ], [ 109.2809804, -7.4240544 ], [ 109.2809041, -7.4240444 ], [ 109.2805016, -7.4239919 ], [ 109.2801611, -7.4239549 ], [ 109.2800418, -7.4239419 ], [ 109.2799021, -7.4239267 ], [ 109.2796326, -7.4238935 ], [ 109.2792825, -7.4238456 ], [ 109.2789084, -7.4237951 ], [ 109.2785181, -7.4237432 ], [ 109.2782781, -7.423706 ], [ 109.2779334, -7.4236594 ], [ 109.2769128, -7.4235118 ], [ 109.2755985, -7.423331 ], [ 109.2750514, -7.4232592 ], [ 109.2739932, -7.4231315 ], [ 109.2731428, -7.4230188 ], [ 109.2725676, -7.4229426 ], [ 109.2719637, -7.4228729 ], [ 109.2712533, -7.422791 ], [ 109.2705922, -7.4227285 ] ] } },
{ "type": "Feature", "properties": { "name": "Jalan Sultan Agung", "highway": "secondary", "length": 67.210239526132625, "latitude": -7.45513525, "longitude": 109.266506 }, "geometry": { "type": "LineString", "coordinates": [ [ 109.2662958, -7.4549164 ], [ 109.2667162, -7.4553541 ] ] } },
{ "type": "Feature", "properties": { "name": "Jalan Sultan Agung", "highway": "secondary", "length": 643.54958987536213, "latitude": -7.4524177744504412, "longitude": 109.26489132516494 }, "geometry": { "type": "LineString", "coordinates": [ [ 109.2662958, -7.4549164 ], [ 109.2660928, -7.454712 ], [ 109.2658192, -7.4544447 ], [ 109.2657655, -7.4543662 ], [ 109.2657092, -7.4542519 ], [ 109.265504, -7.4537692 ], [ 109.2653176, -7.4533383 ], [ 109.2650574, -7.4527705 ], [ 109.2648652, -7.452394 ], [ 109.2647169, -7.4520745 ], [ 109.264635, -7.4518982 ], [ 109.2645631, -7.4517502 ], [ 109.2643991, -7.4514127 ], [ 109.2643553, -7.4513226 ], [ 109.2642099, -7.4510232 ], [ 109.2639437, -7.4503962 ], [ 109.2639006, -7.4503096 ], [ 109.2636848, -7.4498367 ], [ 109.2636717, -7.4498118 ], [ 109.2636607, -7.449797 ] ] } },
{ "type": "Feature", "properties": { "name": [ "Jalan Rasamala", "Jalan Karang Rau" ], "highway": "tertiary", "length": 1393.3588702179125, "latitude": -7.4542834397091235, "longitude": 109.26051435104256 }, "geometry": { "type": "LineString", "coordinates": [ [ 109.2662958, -7.4549164 ], [ 109.265793, -7.4549889 ], [ 109.2654257, -7.4550296 ], [ 109.2650408, -7.455069 ], [ 109.2647872, -7.4551083 ], [ 109.264403, -7.4551445 ], [ 109.2641202, -7.4551784 ], [ 109.263984, -7.455196 ], [ 109.2631839, -7.4553091 ], [ 109.2630658, -7.4553329 ], [ 109.2628907, -7.4553584 ], [ 109.2626647, -7.4553984 ], [ 109.262445, -7.4554141 ], [ 109.2623618, -7.4554149 ], [ 109.2621912, -7.4554164 ], [ 109.2621334, -7.4554094 ], [ 109.2617315, -7.4553609 ], [ 109.2616063, -7.4553532 ], [ 109.2615758, -7.4553502 ], [ 109.2605994, -7.4552345 ], [ 109.2605158, -7.4552245 ], [ 109.2603279, -7.455202 ], [ 109.2599348, -7.4551544 ], [ 109.2593068, -7.4550922 ], [ 109.2592639, -7.4550847 ], [ 109.2591469, -7.4550441 ], [ 109.2590126, -7.454955 ], [ 109.258616, -7.4546778 ], [ 109.2581816, -7.4544253 ], [ 109.2580392, -7.454302 ], [ 109.2579643, -7.4542186 ], [ 109.2579176, -7.4541073 ], [ 109.2578331, -7.453834 ], [ 109.2577433, -7.4534375 ], [ 109.257657, -7.4530492 ], [ 109.2575781, -7.4525994 ], [ 109.257557, -7.4524339 ], [ 109.2573952, -7.4522843 ], [ 109.2571495, -7.4520647 ], [ 109.2566539, -7.4516244 ], [ 109.2559699, -7.4510304 ] ] } },
{ "type": "Feature", "properties": { "name": null, "highway": "primary", "length": 34.347523726546989, "latitude": -7.4216423067917887, "longitude": 109.23770056167602 }, "geometry": { "type": "LineString", "coordinates": [ [ 109.2375832, -7.4216717 ], [ 109.2376065, -7.4216354 ], [ 109.2376365, -7.4216142 ], [ 109.237672, -7.4216047 ], [ 109.2377085, -7.4216079 ], [ 109.2377417, -7.4216234 ], [ 109.2377674, -7.4216492 ], [ 109.2377826, -7.4216824 ], [ 109.2377853, -7.4217182 ], [ 109.2377836, -7.4217296 ] ] } },
{ "type": "Feature", "properties": { "name": "Jalan Karang Kobar", "highway": "secondary", "length": 82.010006076328324, "latitude": -7.4091238, "longitude": 109.23886865 }, "geometry": { "type": "LineString", "coordinates": [ [ 109.2387962, -7.4094855 ], [ 109.2389411, -7.4087621 ] ] } },
{ "type": "Feature", "properties": { "name": "Jalan Karang Kobar", "highway": "secondary", "length": 756.29041338514446, "latitude": -7.4127930795044641, "longitude": 109.23801513648411 }, "geometry": { "type": "LineString", "coordinates": [ [ 109.2387962, -7.4094855 ], [ 109.2387121, -7.4098009 ], [ 109.2385298, -7.4105322 ], [ 109.2381546, -7.4120298 ], [ 109.2379944, -7.4126445 ], [ 109.2378643, -7.4131975 ], [ 109.2377263, -7.4137496 ], [ 109.2376958, -7.4138618 ], [ 109.2376503, -7.4142249 ], [ 109.2376392, -7.4143132 ], [ 109.2376309, -7.4145404 ], [ 109.2375983, -7.4149461 ], [ 109.2375421, -7.4153267 ], [ 109.237381, -7.4161281 ] ] } },
{ "type": "Feature", "properties": { "name": "Jalan Ringin Tirto", "highway": "tertiary", "length": 740.29446900298069, "latitude": -7.4100023263380432, "longitude": 109.24210656997782 }, "geometry": { "type": "LineString", "coordinates": [ [ 109.2387962, -7.4094855 ], [ 109.2391652, -7.409532 ], [ 109.2396531, -7.4095948 ], [ 109.2401182, -7.4096546 ], [ 109.2401595, -7.409659 ], [ 109.2401863, -7.4096618 ], [ 109.240968, -7.4097443 ], [ 109.2413788, -7.4097876 ], [ 109.2414254, -7.4097969 ], [ 109.2420434, -7.4099348 ], [ 109.2423764, -7.4100199 ], [ 109.242508, -7.4100536 ], [ 109.2430684, -7.410205 ], [ 109.2434334, -7.4103036 ], [ 109.2435048, -7.4103131 ], [ 109.2441058, -7.4103949 ], [ 109.2443936, -7.4104312 ], [ 109.2448839, -7.4104983 ], [ 109.2451098, -7.4105282 ], [ 109.2454085, -7.4105686 ] ] } },
{ "type": "Feature", "properties": { "name": "Jalan Karang Kobar", "highway": "secondary", "length": 82.010006076328324, "latitude": -7.4091238, "longitude": 109.23886865 }, "geometry": { "type": "LineString", "coordinates": [ [ 109.2389411, -7.4087621 ], [ 109.2387962, -7.4094855 ] ] } },
{ "type": "Feature", "properties": { "name": "Jalan Brigadir Jenderal Encung", "highway": "secondary", "length": 877.51428188677721, "latitude": -7.4079866453921985, "longitude": 109.23504945601773 }, "geometry": { "type": "LineString", "coordinates": [ [ 109.2389411, -7.4087621 ], [ 109.2383934, -7.408598 ], [ 109.2378426, -7.4084577 ], [ 109.2377437, -7.4084311 ], [ 109.2370893, -7.4082552 ], [ 109.2368285, -7.4081984 ], [ 109.2363299, -7.4080922 ], [ 109.2362984, -7.4080861 ], [ 109.2362665, -7.40808 ], [ 109.2361826, -7.4080683 ], [ 109.2350437, -7.4079097 ], [ 109.2348345, -7.4078938 ], [ 109.2342866, -7.4078246 ], [ 109.2336503, -7.4077441 ], [ 109.2334401, -7.4077194 ], [ 109.2330779, -7.4076801 ], [ 109.2329069, -7.4076616 ], [ 109.2327607, -7.4076457 ], [ 109.2325664, -7.4076205 ], [ 109.2323875, -7.4076052 ], [ 109.2318248, -7.407574 ], [ 109.2314365, -7.4075518 ], [ 109.2312625, -7.4075376 ], [ 109.2311038, -7.4075272 ] ] } },
{ "type": "Feature", "properties": { "name": "Jalan Jatisari", "highway": "secondary", "length": 1042.6064288167897, "latitude": -7.4041594242722075, "longitude": 109.23981843039388 }, "geometry": { "type": "LineString", "coordinates": [ [ 109.2389411, -7.4087621 ], [ 109.2390173, -7.4083945 ], [ 109.239079, -7.4081011 ], [ 109.2391294, -7.4078616 ], [ 109.2391808, -7.4076171 ], [ 109.2392653, -7.4070333 ], [ 109.2392729, -7.4069808 ], [ 109.2393137, -7.4066993 ], [ 109.239386, -7.4062761 ], [ 109.2393887, -7.4062605 ], [ 109.2394288, -7.4061019 ], [ 109.2395637, -7.4055684 ], [ 109.2395882, -7.4054671 ], [ 109.2398116, -7.4045423 ], [ 109.2399041, -7.4041173 ], [ 109.2399531, -7.4037176 ], [ 109.2399613, -7.4036507 ], [ 109.2400151, -7.4032126 ], [ 109.2400189, -7.4031812 ], [ 109.2400373, -7.4030296 ], [ 109.2400618, -7.4028279 ], [ 109.2402063, -7.4019823 ], [ 109.2403552, -7.4011068 ], [ 109.2404207, -7.4007279 ], [ 109.2405478, -7.4001319 ], [ 109.2406712, -7.3995514 ] ] } },
{ "type": "Feature", "properties": { "name": "Jalan Riyanto", "highway": "secondary", "length": 1001.425768093289, "latitude": -7.3987493375278515, "longitude": 109.23625168758345 }, "geometry": { "type": "LineString", "coordinates": [ [ 109.2319642, -7.3973394 ], [ 109.2322539, -7.3974511 ], [ 109.2325475, -7.3975625 ], [ 109.2330514, -7.3977537 ], [ 109.2335902, -7.3979838 ], [ 109.233636, -7.3980038 ], [ 109.2341388, -7.398187 ], [ 109.2344313, -7.3982936 ], [ 109.2344932, -7.3983175 ], [ 109.2350755, -7.3985417 ], [ 109.235768, -7.3988252 ], [ 109.2363453, -7.3990114 ], [ 109.2367359, -7.3990889 ], [ 109.2367967, -7.399101 ], [ 109.2371542, -7.399176 ], [ 109.237275, -7.3992013 ], [ 109.2373959, -7.399233 ], [ 109.237684, -7.3993145 ], [ 109.238093, -7.3994208 ], [ 109.2382679, -7.3994322 ], [ 109.2383318, -7.399434 ], [ 109.2385855, -7.399441 ], [ 109.238694, -7.3994408 ], [ 109.2387609, -7.3994407 ], [ 109.2396635, -7.3994457 ], [ 109.2398867, -7.3994375 ], [ 109.2400928, -7.3994446 ], [ 109.2406712, -7.3995514 ] ] } },
{ "type": "Feature", "properties": { "name": "Letnan Jenderal Polisi Sumarto", "highway": "secondary", "length": 1136.8948276336375, "latitude": -7.4024331507328212, "longitude": 109.2315325093391 }, "geometry": { "type": "LineString", "coordinates": [ [ 109.2319642, -7.3973394 ], [ 109.2319185, -7.3978209 ], [ 109.2319107, -7.3979035 ], [ 109.2318973, -7.3980523 ], [ 109.2318812, -7.3982321 ], [ 109.2318553, -7.3985202 ], [ 109.2318077, -7.3990512 ], [ 109.2317494, -7.3997002 ], [ 109.2317334, -7.3998786 ], [ 109.2317315, -7.3999195 ], [ 109.2317068, -7.400457 ], [ 109.231703, -7.4004997 ], [ 109.2316994, -7.4005403 ], [ 109.2316935, -7.4006065 ], [ 109.2316748, -7.4008171 ], [ 109.2316687, -7.4008862 ], [ 109.2316425, -7.4011804 ], [ 109.231629, -7.4013451 ], [ 109.231562, -7.4021646 ], [ 109.2315558, -7.4022281 ], [ 109.2315241, -7.4025526 ], [ 109.2315151, -7.4026445 ], [ 109.2315088, -7.4027095 ], [ 109.2314692, -7.4031153 ], [ 109.2314493, -7.403319 ], [ 109.2314319, -7.4035555 ], [ 109.2314268, -7.403627 ], [ 109.2313991, -7.4040012 ], [ 109.2313847, -7.4041969 ], [ 109.2313688, -7.4043684 ], [ 109.2313632, -7.4044492 ], [ 109.2313455, -7.404713 ], [ 109.2313421, -7.4047766 ], [ 109.2313181, -7.4050397 ], [ 109.2312994, -7.4052453 ], [ 109.2312912, -7.4053359 ], [ 109.2312453, -7.4058889 ], [ 109.2312255, -7.4061277 ], [ 109.2312157, -7.4062457 ], [ 109.231147, -7.4070744 ], [ 109.2311336, -7.4072551 ], [ 109.2311242, -7.4073615 ], [ 109.2311038, -7.4075272 ] ] } },
{ "type": "Feature", "properties": { "name": "Jalan Suparto", "highway": "secondary", "length": 143.6007688477182, "latitude": -7.3966968993136533, "longitude": 109.2320290932055 }, "geometry": { "type": "LineString", "coordinates": [ [ 109.2319642, -7.3973394 ], [ 109.2320211, -7.3967759 ], [ 109.2320508, -7.3964821 ], [ 109.2320835, -7.3961583 ], [ 109.232094, -7.3960544 ] ] } },
{ "type": "Feature", "properties": { "name": null, "highway": "secondary", "length": 35.38966940946483, "latitude": -7.4277478688960343, "longitude": 109.24060997148392 }, "geometry": { "type": "LineString", "coordinates": [ [ 109.2405159, -7.427621 ], [ 109.2405509, -7.4276873 ], [ 109.2406045, -7.4277526 ], [ 109.240665, -7.4278039 ], [ 109.2406783, -7.4278152 ], [ 109.2407136, -7.4278675 ] ] } },
{ "type": "Feature", "properties": { "name": [ "Jalan Kyai Mohammad Syafei", "Jalan Kapten Pierre Tendean" ], "highway": "secondary", "length": 633.72547437142612, "latitude": -7.4249993390096476, "longitude": 109.24093521275891 }, "geometry": { "type": "LineString", "coordinates": [ [ 109.2405159, -7.427621 ], [ 109.2405092, -7.4275848 ], [ 109.2404715, -7.427293 ], [ 109.2404644, -7.4271748 ], [ 109.2404623, -7.4271487 ], [ 109.2404611, -7.4270731 ], [ 109.2405352, -7.426592 ], [ 109.2405616, -7.426398 ], [ 109.2406523, -7.4258083 ], [ 109.2406542, -7.4257963 ], [ 109.2407773, -7.424752 ], [ 109.2408835, -7.4240263 ], [ 109.240907, -7.4238815 ], [ 109.2409322, -7.4237402 ], [ 109.2410156, -7.4233376 ], [ 109.2422883, -7.4236556 ], [ 109.2423569, -7.4236702 ] ] } },
{ "type": "Feature", "properties": { "name": "Jalan Riyanto", "highway": "secondary", "length": 1001.4257680932892, "latitude": -7.3987493375278488, "longitude": 109.23625168758348 }, "geometry": { "type": "LineString", "coordinates": [ [ 109.2406712, -7.3995514 ], [ 109.2400928, -7.3994446 ], [ 109.2398867, -7.3994375 ], [ 109.2396635, -7.3994457 ], [ 109.2387609, -7.3994407 ], [ 109.238694, -7.3994408 ], [ 109.2385855, -7.399441 ], [ 109.2383318, -7.399434 ], [ 109.2382679, -7.3994322 ], [ 109.238093, -7.3994208 ], [ 109.237684, -7.3993145 ], [ 109.2373959, -7.399233 ], [ 109.237275, -7.3992013 ], [ 109.2371542, -7.399176 ], [ 109.2367967, -7.399101 ], [ 109.2367359, -7.3990889 ], [ 109.2363453, -7.3990114 ], [ 109.235768, -7.3988252 ], [ 109.2350755, -7.3985417 ], [ 109.2344932, -7.3983175 ], [ 109.2344313, -7.3982936 ], [ 109.2341388, -7.398187 ], [ 109.233636, -7.3980038 ], [ 109.2335902, -7.3979838 ], [ 109.2330514, -7.3977537 ], [ 109.2325475, -7.3975625 ], [ 109.2322539, -7.3974511 ], [ 109.2319642, -7.3973394 ] ] } },
{ "type": "Feature", "properties": { "name": "Jalan Riyanto", "highway": "secondary", "length": 491.44869109609812, "latitude": -7.3999320053567343, "longitude": 109.24285436592187 }, "geometry": { "type": "LineString", "coordinates": [ [ 109.2406712, -7.3995514 ], [ 109.2410936, -7.3997023 ], [ 109.2414002, -7.3997865 ], [ 109.2416292, -7.3998321 ], [ 109.2417886, -7.3998496 ], [ 109.2419267, -7.3998642 ], [ 109.2423436, -7.3998969 ], [ 109.2426635, -7.3999448 ], [ 109.2432769, -7.3999947 ], [ 109.244028, -7.4000533 ], [ 109.2450687, -7.4001602 ] ] } },
{ "type": "Feature", "properties": { "name": "Jalan Jatisari", "highway": "secondary", "length": 1042.6064288167895, "latitude": -7.4041594242722057, "longitude": 109.23981843039388 }, "geometry": { "type": "LineString", "coordinates": [ [ 109.2406712, -7.3995514 ], [ 109.2405478, -7.4001319 ], [ 109.2404207, -7.4007279 ], [ 109.2403552, -7.4011068 ], [ 109.2402063, -7.4019823 ], [ 109.2400618, -7.4028279 ], [ 109.2400373, -7.4030296 ], [ 109.2400189, -7.4031812 ], [ 109.2400151, -7.4032126 ], [ 109.2399613, -7.4036507 ], [ 109.2399531, -7.4037176 ], [ 109.2399041, -7.4041173 ], [ 109.2398116, -7.4045423 ], [ 109.2395882, -7.4054671 ], [ 109.2395637, -7.4055684 ], [ 109.2394288, -7.4061019 ], [ 109.2393887, -7.4062605 ], [ 109.239386, -7.4062761 ], [ 109.2393137, -7.4066993 ], [ 109.2392729, -7.4069808 ], [ 109.2392653, -7.4070333 ], [ 109.2391808, -7.4076171 ], [ 109.2391294, -7.4078616 ], [ 109.239079, -7.4081011 ], [ 109.2390173, -7.4083945 ], [ 109.2389411, -7.4087621 ] ] } },
{ "type": "Feature", "properties": { "name": "Jalan Riyanto", "highway": "secondary", "length": 491.44869109609812, "latitude": -7.3999320053567343, "longitude": 109.24285436592187 }, "geometry": { "type": "LineString", "coordinates": [ [ 109.2450687, -7.4001602 ], [ 109.244028, -7.4000533 ], [ 109.2432769, -7.3999947 ], [ 109.2426635, -7.3999448 ], [ 109.2423436, -7.3998969 ], [ 109.2419267, -7.3998642 ], [ 109.2417886, -7.3998496 ], [ 109.2416292, -7.3998321 ], [ 109.2414002, -7.3997865 ], [ 109.2410936, -7.3997023 ], [ 109.2406712, -7.3995514 ] ] } },
{ "type": "Feature", "properties": { "name": "Jalan HR Bunyamin", "highway": "secondary", "length": 703.30730426299499, "latitude": -7.3970011814306034, "longitude": 109.24492647745195 }, "geometry": { "type": "LineString", "coordinates": [ [ 109.2450687, -7.4001602 ], [ 109.2450631, -7.3998824 ], [ 109.2450545, -7.3996589 ], [ 109.2450377, -7.399226 ], [ 109.2450283, -7.398984 ], [ 109.2450112, -7.3985017 ], [ 109.2450031, -7.3982748 ], [ 109.2448852, -7.3964015 ], [ 109.2448631, -7.3957837 ], [ 109.2448485, -7.3953438 ], [ 109.2448399, -7.3950856 ], [ 109.2447959, -7.3944575 ], [ 109.2447886, -7.3943021 ], [ 109.2447663, -7.393843 ] ] } },
{ "type": "Feature", "properties": { "name": "Jalan HR Bunyamin", "highway": "secondary", "length": 283.16234180373277, "latitude": -7.4014311142236719, "longitude": 109.24514369455795 }, "geometry": { "type": "LineString", "coordinates": [ [ 109.2450687, -7.4001602 ], [ 109.2450728, -7.4002321 ], [ 109.2450852, -7.4004481 ], [ 109.245104, -7.4007747 ], [ 109.2451164, -7.4009333 ], [ 109.2451204, -7.4009846 ], [ 109.2451565, -7.4014443 ], [ 109.2451593, -7.4015938 ], [ 109.2451638, -7.4017036 ], [ 109.2451717, -7.4018994 ], [ 109.2451839, -7.4022025 ], [ 109.2452042, -7.4027028 ] ] } },
{ "type": "Feature", "properties": { "name": "Jalan Overste Isdiman", "highway": "secondary", "length": 702.77679850978302, "latitude": -7.4201033615964223, "longitude": 109.24434977931264 }, "geometry": { "type": "LineString", "coordinates": [ [ 109.2447235, -7.4169655 ], [ 109.2446918, -7.4172081 ], [ 109.2446202, -7.417829 ], [ 109.2446043, -7.4179791 ], [ 109.2446011, -7.4180175 ], [ 109.2445967, -7.4180701 ], [ 109.2445665, -7.418414 ], [ 109.2445001, -7.4188746 ], [ 109.2444467, -7.4193637 ], [ 109.2443962, -7.4198286 ], [ 109.2443301, -7.4202704 ], [ 109.2442984, -7.4205383 ], [ 109.2441865, -7.42142 ], [ 109.244177, -7.421503 ], [ 109.2441533, -7.4217019 ], [ 109.2441426, -7.4217895 ], [ 109.2441088, -7.4220725 ], [ 109.2440273, -7.4227444 ], [ 109.2439832, -7.4230449 ], [ 109.2439588, -7.4232393 ] ] } },
{ "type": "Feature", "properties": { "name": "Jalan Profesor Dokter Soeharso", "highway": "tertiary", "length": 280.5107198079034, "latitude": -7.4170451021304116, "longitude": 109.24599279132511 }, "geometry": { "type": "LineString", "coordinates": [ [ 109.2447235, -7.4169655 ], [ 109.2449688, -7.4169803 ], [ 109.2451908, -7.4169999 ], [ 109.2453245, -7.4170061 ], [ 109.2457695, -7.4170366 ], [ 109.2460672, -7.4170559 ], [ 109.2466735, -7.4170819 ], [ 109.2468222, -7.417095 ], [ 109.2469294, -7.4170955 ], [ 109.2470923, -7.4171048 ], [ 109.2472628, -7.4171099 ] ] } },
{ "type": "Feature", "properties": { "name": "Doktor Angka", "highway": "tertiary", "length": 132.91602114999773, "latitude": -7.4168663051703012, "longitude": 109.2441292816975 }, "geometry": { "type": "LineString", "coordinates": [ [ 109.2447235, -7.4169655 ], [ 109.2444885, -7.4169256 ], [ 109.2440906, -7.4168517 ], [ 109.243635, -7.4167944 ], [ 109.2435329, -7.4167814 ] ] } },
{ "type": "Feature", "properties": { "name": "Jalan HR Bunyamin", "highway": "secondary", "length": 715.36231090995477, "latitude": -7.413767115702, "longitude": 109.24506594146102 }, "geometry": { "type": "LineString", "coordinates": [ [ 109.2447235, -7.4169655 ], [ 109.2447434, -7.4167172 ], [ 109.244775, -7.4164944 ], [ 109.2448458, -7.4157831 ], [ 109.2448519, -7.415731 ], [ 109.2449119, -7.415194 ], [ 109.2449809, -7.4145152 ], [ 109.2449862, -7.4144885 ], [ 109.2450317, -7.4140738 ], [ 109.2451148, -7.4133092 ], [ 109.2451737, -7.4127716 ], [ 109.2451993, -7.4125375 ], [ 109.2452494, -7.4121235 ], [ 109.2452861, -7.4117128 ], [ 109.2453021, -7.4115936 ], [ 109.2453611, -7.4110566 ], [ 109.2454085, -7.4105686 ] ] } },
{ "type": "Feature", "properties": { "name": null, "highway": "secondary", "length": 374.11133021429424, "latitude": -7.3672401019131133, "longitude": 109.2330424649528 }, "geometry": { "type": "LineString", "coordinates": [ [ 109.2324096, -7.3656802 ], [ 109.2326333, -7.3663097 ], [ 109.2335709, -7.3684674 ], [ 109.2337084, -7.368787 ] ] } },
{ "type": "Feature", "properties": { "name": "Jalan Raya Baturaden Barat", "highway": "secondary", "length": 5005.7335665010623, "latitude": -7.3465697405478387, "longitude": 109.22730481529065 }, "geometry": { "type": "LineString", "coordinates": [ [ 109.2324096, -7.3656802 ], [ 109.2323391, -7.3655711 ], [ 109.2322968, -7.3650818 ], [ 109.2322974, -7.3650219 ], [ 109.2322842, -7.3644735 ], [ 109.2322554, -7.3639956 ], [ 109.2322451, -7.3637062 ], [ 109.2322413, -7.3636507 ], [ 109.2322339, -7.3635566 ], [ 109.2321954, -7.3630642 ], [ 109.2321945, -7.3629763 ], [ 109.2321774, -7.3616928 ], [ 109.2321184, -7.3603255 ], [ 109.2321174, -7.3599006 ], [ 109.2321146, -7.358671 ], [ 109.2320651, -7.3572158 ], [ 109.2319631, -7.3567857 ], [ 109.2318444, -7.3565302 ], [ 109.2317631, -7.3563921 ], [ 109.2312667, -7.3558846 ], [ 109.2304629, -7.3551154 ], [ 109.2302506, -7.3548673 ], [ 109.2299281, -7.3545633 ], [ 109.2296891, -7.3544448 ], [ 109.2294757, -7.3543977 ], [ 109.2292764, -7.3543812 ], [ 109.2290966, -7.3543901 ], [ 109.2285692, -7.3544588 ], [ 109.2281184, -7.3545171 ], [ 109.2268266, -7.3547006 ], [ 109.2267987, -7.3546994 ], [ 109.2266335, -7.354692 ], [ 109.2264471, -7.3546521 ], [ 109.2263666, -7.3546208 ], [ 109.2263109, -7.3545789 ], [ 109.2262874, -7.3545496 ], [ 109.2262159, -7.3544601 ], [ 109.2260765, -7.3542782 ], [ 109.2260271, -7.3541332 ], [ 109.2260032, -7.3539686 ], [ 109.2259462, -7.3531071 ], [ 109.2259347, -7.3530028 ], [ 109.2259107, -7.3528717 ], [ 109.2258805, -7.3527772 ], [ 109.225785, -7.3525566 ], [ 109.2257333, -7.3524375 ], [ 109.2257009, -7.3523239 ], [ 109.2256635, -7.3521374 ], [ 109.225646, -7.3520176 ], [ 109.2256253, -7.351779 ], [ 109.2255586, -7.3509415 ], [ 109.2255548, -7.3508799 ], [ 109.2255235, -7.3504015 ], [ 109.2254841, -7.3501164 ], [ 109.225438, -7.3499594 ], [ 109.2252702, -7.3492584 ], [ 109.2252478, -7.3491642 ], [ 109.2251817, -7.3488354 ], [ 109.2251537, -7.3486943 ], [ 109.2251217, -7.348472 ], [ 109.2250894, -7.3482334 ], [ 109.2250569, -7.3479203 ], [ 109.2250634, -7.3476642 ], [ 109.2250541, -7.3474645 ], [ 109.2250046, -7.3469585 ], [ 109.2249278, -7.3462632 ], [ 109.2248752, -7.3457511 ], [ 109.2248592, -7.3455483 ], [ 109.2248807, -7.3451905 ], [ 109.2249269, -7.3446299 ], [ 109.2249509, -7.3443601 ], [ 109.2249566, -7.3442963 ], [ 109.224962, -7.3441447 ], [ 109.2249679, -7.3440067 ], [ 109.2249818, -7.343839 ], [ 109.2249924, -7.3437528 ], [ 109.2250203, -7.3434818 ], [ 109.2250753, -7.3432798 ], [ 109.2251935, -7.3428124 ], [ 109.2252139, -7.3426153 ], [ 109.2252286, -7.3421408 ], [ 109.225224, -7.3414375 ], [ 109.2252226, -7.3411463 ], [ 109.2252226, -7.3410313 ], [ 109.2252036, -7.3406223 ], [ 109.2251875, -7.3404133 ], [ 109.2251643, -7.3401122 ], [ 109.2251173, -7.3395994 ], [ 109.2251126, -7.339503 ], [ 109.2250336, -7.3385699 ], [ 109.2250269, -7.338333 ], [ 109.2249871, -7.3372865 ], [ 109.2249797, -7.3370002 ], [ 109.2249752, -7.3368934 ], [ 109.2249723, -7.3367307 ], [ 109.2249971, -7.3366013 ], [ 109.2250412, -7.336509 ], [ 109.2251376, -7.3363718 ], [ 109.2255167, -7.3359125 ], [ 109.2255922, -7.3357936 ], [ 109.2256357, -7.3356602 ], [ 109.2256659, -7.3355385 ], [ 109.2256766, -7.3354241 ], [ 109.2256733, -7.3351727 ], [ 109.2256273, -7.3342189 ], [ 109.2255989, -7.3337628 ], [ 109.2255727, -7.3335593 ], [ 109.225509, -7.3331457 ], [ 109.2254636, -7.3328865 ], [ 109.225397, -7.3322105 ], [ 109.2253602, -7.3318293 ], [ 109.2253521, -7.3317457 ], [ 109.2252609, -7.330766 ], [ 109.2251958, -7.3299978 ], [ 109.2251727, -7.3297585 ], [ 109.2251705, -7.3295917 ], [ 109.2251798, -7.3294538 ], [ 109.2252182, -7.3291445 ], [ 109.2252676, -7.3285933 ], [ 109.2252868, -7.3284796 ], [ 109.2253524, -7.3281993 ], [ 109.2254289, -7.3279505 ], [ 109.2256726, -7.3272412 ], [ 109.2261346, -7.3257929 ] ] } },
{ "type": "Feature", "properties": { "name": [ "Jalan Raya Karangnangka", "Jalan Raya Kebumen" ], "highway": "tertiary", "length": 2346.2324358471919, "latitude": -7.3675972071673339, "longitude": 109.22338143465518 }, "geometry": { "type": "LineString", "coordinates": [ [ 109.2324096, -7.3656802 ], [ 109.2318445, -7.3655668 ], [ 109.2309717, -7.3654197 ], [ 109.230791, -7.3653861 ], [ 109.2302797, -7.3653026 ], [ 109.2302159, -7.3652896 ], [ 109.2298597, -7.3652168 ], [ 109.2293339, -7.3651092 ], [ 109.2293028, -7.3651041 ], [ 109.228942, -7.365045 ], [ 109.2285416, -7.3649834 ], [ 109.2279086, -7.364893 ], [ 109.2278027, -7.3648802 ], [ 109.2272311, -7.3648113 ], [ 109.2267968, -7.3647892 ], [ 109.2261475, -7.3647687 ], [ 109.2253299, -7.3647985 ], [ 109.2251227, -7.3648438 ], [ 109.2249888, -7.3648847 ], [ 109.2247133, -7.3651291 ], [ 109.2243735, -7.3654473 ], [ 109.2230759, -7.366636 ], [ 109.2228304, -7.36686 ], [ 109.222662, -7.367013 ], [ 109.222522, -7.3670761 ], [ 109.2221528, -7.3673402 ], [ 109.2220255, -7.3674042 ], [ 109.2218521, -7.3674599 ], [ 109.2217746, -7.367469 ], [ 109.2216169, -7.3674778 ], [ 109.2213763, -7.3674732 ], [ 109.221352, -7.3674771 ], [ 109.2210236, -7.367529 ], [ 109.2208072, -7.3675816 ], [ 109.2206728, -7.3675892 ], [ 109.2205791, -7.3675566 ], [ 109.2202493, -7.3673543 ], [ 109.2201446, -7.3672984 ], [ 109.2200892, -7.367279 ], [ 109.2200481, -7.3672799 ], [ 109.2198408, -7.3674333 ], [ 109.2197644, -7.3675078 ], [ 109.2196302, -7.3676607 ], [ 109.2195753, -7.3677711 ], [ 109.2194666, -7.367968 ], [ 109.219222, -7.3684583 ], [ 109.219177, -7.3685275 ], [ 109.2191193, -7.3686063 ], [ 109.2190225, -7.3687678 ], [ 109.2189863, -7.3691601 ], [ 109.2189374, -7.3700184 ], [ 109.2188579, -7.3705203 ], [ 109.2188454, -7.3705836 ], [ 109.2187532, -7.3709886 ], [ 109.2187031, -7.3711666 ], [ 109.2186029, -7.3716083 ], [ 109.2184591, -7.3720972 ], [ 109.2183369, -7.3724989 ], [ 109.2180305, -7.3736539 ], [ 109.218021, -7.3736897 ], [ 109.2178251, -7.3745063 ] ] } },
{ "type": "Feature", "properties": { "name": [ "Jalan Raya Baturraden", "Jalan Raya Baturaden" ], "highway": "primary", "length": 1950.2485432510584, "latitude": -7.3536821972008006, "longitude": 109.23694334053154 }, "geometry": { "type": "LineString", "coordinates": [ [ 109.2384258, -7.362266 ], [ 109.238346, -7.3613429 ], [ 109.2382485, -7.3597671 ], [ 109.238156, -7.3586901 ], [ 109.2381253, -7.35807 ], [ 109.2381138, -7.3577568 ], [ 109.2380893, -7.3575373 ], [ 109.238057, -7.3573047 ], [ 109.2380184, -7.3568971 ], [ 109.2380165, -7.3566097 ], [ 109.2378558, -7.3559017 ], [ 109.2378089, -7.3556782 ], [ 109.2377324, -7.3554229 ], [ 109.2376104, -7.3550784 ], [ 109.237137, -7.3537909 ], [ 109.2369201, -7.3531795 ], [ 109.2367078, -7.3524648 ], [ 109.2366037, -7.3521065 ], [ 109.2365514, -7.3517221 ], [ 109.2364581, -7.3511783 ], [ 109.236397, -7.3508193 ], [ 109.2363387, -7.350491 ], [ 109.2360836, -7.3494882 ], [ 109.2359327, -7.3490438 ], [ 109.235804, -7.3486661 ], [ 109.2356805, -7.3483921 ], [ 109.2353198, -7.3475488 ], [ 109.2349647, -7.3467375 ], [ 109.2346747, -7.3460751 ], [ 109.2345232, -7.3455882 ], [ 109.2344102, -7.3453392 ] ] } },
{ "type": "Feature", "properties": { "name": "Jalan Raya Baturraden", "highway": "primary", "length": 2877.3300663297973, "latitude": -7.3749991208083374, "longitude": 109.24039655293208 }, "geometry": { "type": "LineString", "coordinates": [ [ 109.2384258, -7.362266 ], [ 109.2384557, -7.3627184 ], [ 109.2384977, -7.3633177 ], [ 109.2385221, -7.3637326 ], [ 109.2385945, -7.3648011 ], [ 109.2388143, -7.3678061 ], [ 109.2388392, -7.3682866 ], [ 109.2388969, -7.3686594 ], [ 109.2389994, -7.369432 ], [ 109.239041, -7.3701369 ], [ 109.2390912, -7.3704806 ], [ 109.2390967, -7.3706137 ], [ 109.2390972, -7.370663 ], [ 109.2391258, -7.3709964 ], [ 109.2393167, -7.3716145 ], [ 109.2394208, -7.3718875 ], [ 109.239461, -7.3720086 ], [ 109.239484, -7.3720876 ], [ 109.2395214, -7.3722393 ], [ 109.2399479, -7.3739803 ], [ 109.240085, -7.3745029 ], [ 109.2401484, -7.3747447 ], [ 109.240212, -7.374987 ], [ 109.2402965, -7.3753089 ], [ 109.2403905, -7.3756514 ], [ 109.2406305, -7.3762904 ], [ 109.2407539, -7.3767287 ], [ 109.2407886, -7.3768517 ], [ 109.2409097, -7.3772816 ], [ 109.2409269, -7.3776252 ], [ 109.2412072, -7.3787517 ], [ 109.2412791, -7.3790907 ], [ 109.2413218, -7.379292 ], [ 109.2413769, -7.3795517 ], [ 109.2414396, -7.3798655 ], [ 109.2417941, -7.3813526 ], [ 109.2420531, -7.3825452 ], [ 109.2422576, -7.3835107 ], [ 109.242376, -7.3841003 ], [ 109.2424623, -7.3846856 ], [ 109.2427114, -7.3859719 ], [ 109.2429129, -7.3868445 ], [ 109.2429647, -7.3870788 ], [ 109.2431178, -7.3876243 ] ] } },
{ "type": "Feature", "properties": { "name": null, "highway": "tertiary", "length": 1160.5912365261674, "latitude": -7.3642956642965682, "longitude": 109.23498922890487 }, "geometry": { "type": "LineString", "coordinates": [ [ 109.2384258, -7.362266 ], [ 109.238024, -7.3622559 ], [ 109.2379524, -7.3622541 ], [ 109.2374086, -7.3622275 ], [ 109.2366542, -7.3622075 ], [ 109.2354509, -7.362203 ], [ 109.2348319, -7.3621834 ], [ 109.2347006, -7.3621793 ], [ 109.2346117, -7.3622269 ], [ 109.2344276, -7.3628549 ], [ 109.2343542, -7.3631452 ], [ 109.2342818, -7.3634258 ], [ 109.2343086, -7.3636612 ], [ 109.2342643, -7.3641973 ], [ 109.2342067, -7.3646694 ], [ 109.2341878, -7.3648405 ], [ 109.2341504, -7.3651802 ], [ 109.2340398, -7.3660177 ], [ 109.233779, -7.3683942 ], [ 109.2337084, -7.368787 ] ] } },
{ "type": "Feature", "properties": { "name": null, "highway": "secondary", "length": 374.11133021429424, "latitude": -7.3672401019131115, "longitude": 109.2330424649528 }, "geometry": { "type": "LineString", "coordinates": [ [ 109.2337084, -7.368787 ], [ 109.2335709, -7.3684674 ], [ 109.2326333, -7.3663097 ], [ 109.2324096, -7.3656802 ] ] } },
{ "type": "Feature", "properties": { "name": null, "highway": "tertiary", "length": 1160.5912365261677, "latitude": -7.3642956642965682, "longitude": 109.23498922890489 }, "geometry": { "type": "LineString", "coordinates": [ [ 109.2337084, -7.368787 ], [ 109.233779, -7.3683942 ], [ 109.2340398, -7.3660177 ], [ 109.2341504, -7.3651802 ], [ 109.2341878, -7.3648405 ], [ 109.2342067, -7.3646694 ], [ 109.2342643, -7.3641973 ], [ 109.2343086, -7.3636612 ], [ 109.2342818, -7.3634258 ], [ 109.2343542, -7.3631452 ], [ 109.2344276, -7.3628549 ], [ 109.2346117, -7.3622269 ], [ 109.2347006, -7.3621793 ], [ 109.2348319, -7.3621834 ], [ 109.2354509, -7.362203 ], [ 109.2366542, -7.3622075 ], [ 109.2374086, -7.3622275 ], [ 109.2379524, -7.3622541 ], [ 109.238024, -7.3622559 ], [ 109.2384258, -7.362266 ] ] } },
{ "type": "Feature", "properties": { "name": "Mohammad Kutosari", "highway": "secondary", "length": 2124.2274381868788, "latitude": -7.3783070494762839, "longitude": 109.23311195055521 }, "geometry": { "type": "LineString", "coordinates": [ [ 109.2337084, -7.368787 ], [ 109.2336473, -7.3697568 ], [ 109.2335959, -7.3700841 ], [ 109.2335668, -7.3707403 ], [ 109.2335268, -7.3714261 ], [ 109.2334906, -7.3718837 ], [ 109.2334674, -7.3724536 ], [ 109.2334791, -7.3728177 ], [ 109.233412, -7.3739455 ], [ 109.233396, -7.3741344 ], [ 109.2333554, -7.3750185 ], [ 109.2333601, -7.3751502 ], [ 109.2333477, -7.3754122 ], [ 109.2333119, -7.3757843 ], [ 109.2332574, -7.3768985 ], [ 109.233213, -7.3778208 ], [ 109.2331524, -7.3789284 ], [ 109.23307, -7.3799712 ], [ 109.2329938, -7.3803138 ], [ 109.2329418, -7.380887 ], [ 109.2329134, -7.3811696 ], [ 109.2328823, -7.3814796 ], [ 109.2328732, -7.3815784 ], [ 109.2328699, -7.3816144 ], [ 109.2328509, -7.3818207 ], [ 109.232815, -7.3822307 ], [ 109.2328124, -7.3822603 ], [ 109.2327993, -7.38241 ], [ 109.2327627, -7.3826998 ], [ 109.2327359, -7.3829121 ], [ 109.2326802, -7.3833527 ], [ 109.2326618, -7.3837541 ], [ 109.2326481, -7.3838289 ], [ 109.2325611, -7.3848567 ], [ 109.2324468, -7.3857582 ], [ 109.232463, -7.3859975 ], [ 109.2325597, -7.3862956 ], [ 109.2326514, -7.3864557 ], [ 109.232676, -7.3865037 ], [ 109.2327688, -7.3866492 ], [ 109.2328047, -7.3867963 ], [ 109.2327779, -7.387057 ], [ 109.2326228, -7.3877364 ] ] } },
{ "type": "Feature", "properties": { "name": "Mohammad Kutosari", "highway": "secondary", "length": 34.513705831797218, "latitude": -7.38788885, "longitude": 109.2325935 }, "geometry": { "type": "LineString", "coordinates": [ [ 109.2326228, -7.3877364 ], [ 109.2325642, -7.3880413 ] ] } },
{ "type": "Feature", "properties": { "name": null, "highway": "secondary", "length": 28.239491018878013, "latitude": -7.3878299572720278, "longitude": 109.23269687277997 }, "geometry": { "type": "LineString", "coordinates": [ [ 109.2326228, -7.3877364 ], [ 109.2326537, -7.3878109 ], [ 109.2326641, -7.3878295 ], [ 109.2326778, -7.3878408 ], [ 109.232718, -7.3878587 ], [ 109.2328059, -7.387884 ] ] } },
{ "type": "Feature", "properties": { "name": "Mohammad Kutosari", "highway": "secondary", "length": 2124.2274381868788, "latitude": -7.3783070494762848, "longitude": 109.23311195055523 }, "geometry": { "type": "LineString", "coordinates": [ [ 109.2326228, -7.3877364 ], [ 109.2327779, -7.387057 ], [ 109.2328047, -7.3867963 ], [ 109.2327688, -7.3866492 ], [ 109.232676, -7.3865037 ], [ 109.2326514, -7.3864557 ], [ 109.2325597, -7.3862956 ], [ 109.232463, -7.3859975 ], [ 109.2324468, -7.3857582 ], [ 109.2325611, -7.3848567 ], [ 109.2326481, -7.3838289 ], [ 109.2326618, -7.3837541 ], [ 109.2326802, -7.3833527 ], [ 109.2327359, -7.3829121 ], [ 109.2327627, -7.3826998 ], [ 109.2327993, -7.38241 ], [ 109.2328124, -7.3822603 ], [ 109.232815, -7.3822307 ], [ 109.2328509, -7.3818207 ], [ 109.2328699, -7.3816144 ], [ 109.2328732, -7.3815784 ], [ 109.2328823, -7.3814796 ], [ 109.2329134, -7.3811696 ], [ 109.2329418, -7.380887 ], [ 109.2329938, -7.3803138 ], [ 109.23307, -7.3799712 ], [ 109.2331524, -7.3789284 ], [ 109.233213, -7.3778208 ], [ 109.2332574, -7.3768985 ], [ 109.2333119, -7.3757843 ], [ 109.2333477, -7.3754122 ], [ 109.2333601, -7.3751502 ], [ 109.2333554, -7.3750185 ], [ 109.233396, -7.3741344 ], [ 109.233412, -7.3739455 ], [ 109.2334791, -7.3728177 ], [ 109.2334674, -7.3724536 ], [ 109.2334906, -7.3718837 ], [ 109.2335268, -7.3714261 ], [ 109.2335668, -7.3707403 ], [ 109.2335959, -7.3700841 ], [ 109.2336473, -7.3697568 ], [ 109.2337084, -7.368787 ] ] } },
{ "type": "Feature", "properties": { "name": "jalan raya sunan bonang", "highway": "primary", "length": 2445.028023970337, "latitude": -7.402716017971569, "longitude": 109.26714141969001 }, "geometry": { "type": "LineString", "coordinates": [ [ 109.2698646, -7.413297 ], [ 109.269825, -7.4129047 ], [ 109.2696896, -7.4121779 ], [ 109.2696038, -7.4117743 ], [ 109.2695823, -7.4116639 ], [ 109.269518, -7.4113607 ], [ 109.2693651, -7.4107011 ], [ 109.2692994, -7.4104271 ], [ 109.2691566, -7.4099078 ], [ 109.2691129, -7.4097489 ], [ 109.2690325, -7.4094536 ], [ 109.2689614, -7.409165 ], [ 109.2688702, -7.4088605 ], [ 109.2688528, -7.4087873 ], [ 109.268775, -7.4084602 ], [ 109.2687222, -7.4082565 ], [ 109.268626, -7.4078703 ], [ 109.268606, -7.4077912 ], [ 109.2684612, -7.4072114 ], [ 109.2684156, -7.4070412 ], [ 109.268382, -7.4069268 ], [ 109.2682305, -7.406444 ], [ 109.2680548, -7.4059879 ], [ 109.2679006, -7.4055876 ], [ 109.2676471, -7.4049891 ], [ 109.2675117, -7.4047165 ], [ 109.2673856, -7.4044465 ], [ 109.2672783, -7.404235 ], [ 109.2671563, -7.4039943 ], [ 109.2669426, -7.4036239 ], [ 109.2668934, -7.4035382 ], [ 109.2666695, -7.4031192 ], [ 109.2665528, -7.4028586 ], [ 109.2665032, -7.4027535 ], [ 109.2664602, -7.4026298 ], [ 109.2664254, -7.4025061 ], [ 109.2664106, -7.4023798 ], [ 109.2663999, -7.4021816 ], [ 109.2664146, -7.4018997 ], [ 109.2664026, -7.401768 ], [ 109.2664016, -7.4017586 ], [ 109.2663664, -7.4014422 ], [ 109.2663635, -7.401414 ], [ 109.2663355, -7.4011469 ], [ 109.2662309, -7.4002798 ], [ 109.2661625, -7.3997878 ], [ 109.2661129, -7.3994074 ], [ 109.2660069, -7.3986374 ], [ 109.2659533, -7.398253 ], [ 109.2659305, -7.3980814 ], [ 109.2659064, -7.3979139 ], [ 109.2658339, -7.3974032 ], [ 109.265779, -7.3970175 ], [ 109.265732, -7.3966611 ], [ 109.2657146, -7.3965467 ], [ 109.2656945, -7.3964523 ], [ 109.265665, -7.3961424 ], [ 109.2656194, -7.3959017 ], [ 109.2655751, -7.3957115 ], [ 109.2655604, -7.3955918 ], [ 109.2654718, -7.3952646 ], [ 109.2653347, -7.3946634 ], [ 109.2651792, -7.3940012 ], [ 109.2651147, -7.3936535 ], [ 109.2650635, -7.3934333 ], [ 109.2650158, -7.3932058 ], [ 109.2649646, -7.392967 ], [ 109.2649142, -7.3927141 ], [ 109.2648523, -7.3924558 ], [ 109.2647865, -7.3922962 ], [ 109.2647034, -7.3920661 ] ] } },
{ "type": "Feature", "properties": { "name": "Jalan Raden Patah", "highway": "primary", "length": 1052.9299684552011, "latitude": -7.4180125440959719, "longitude": 109.27026567578163 }, "geometry": { "type": "LineString", "coordinates": [ [ 109.2698646, -7.413297 ], [ 109.2699075, -7.413702 ], [ 109.2699256, -7.4139806 ], [ 109.2699674, -7.4144652 ], [ 109.2700329, -7.4150764 ], [ 109.2700423, -7.4152174 ], [ 109.2700399, -7.4152866 ], [ 109.2700436, -7.4153982 ], [ 109.2700443, -7.4155745 ], [ 109.2700463, -7.4156935 ], [ 109.2700839, -7.4162614 ], [ 109.270104, -7.4164994 ], [ 109.2701358, -7.4167913 ], [ 109.2701563, -7.4169795 ], [ 109.2701738, -7.4172574 ], [ 109.2702126, -7.4176471 ], [ 109.2702408, -7.4179317 ], [ 109.2702971, -7.4185062 ], [ 109.270336, -7.4188623 ], [ 109.2703623, -7.419093 ], [ 109.270395, -7.4193759 ], [ 109.2704232, -7.4196127 ], [ 109.2704815, -7.4201153 ], [ 109.2704867, -7.4201774 ], [ 109.2704929, -7.4203248 ], [ 109.2705412, -7.4209744 ], [ 109.2705613, -7.4211713 ], [ 109.2705815, -7.421408 ], [ 109.2705989, -7.4215077 ], [ 109.2706069, -7.4215849 ], [ 109.2706191, -7.421745 ], [ 109.2706244, -7.4218136 ], [ 109.2706284, -7.422041 ], [ 109.2706183, -7.4221944 ], [ 109.2706043, -7.4224054 ], [ 109.2706016, -7.4224772 ], [ 109.2705922, -7.4227285 ] ] } },
{ "type": "Feature", "properties": { "name": "Jalan Senopati", "highway": "secondary", "length": 812.28227589178391, "latitude": -7.4146525853245207, "longitude": 109.26649743094715 }, "geometry": { "type": "LineString", "coordinates": [ [ 109.2698646, -7.413297 ], [ 109.2693476, -7.4136813 ], [ 109.2691565, -7.413809 ], [ 109.2690665, -7.4138559 ], [ 109.2690489, -7.4138643 ], [ 109.2688461, -7.4139713 ], [ 109.2687915, -7.4140037 ], [ 109.2686073, -7.4140644 ], [ 109.2678163, -7.4142729 ], [ 109.267348, -7.4143929 ], [ 109.267289, -7.4144115 ], [ 109.2672547, -7.4144212 ], [ 109.2664281, -7.4146243 ], [ 109.2661142, -7.4147001 ], [ 109.2659895, -7.41473 ], [ 109.2659439, -7.41474 ], [ 109.2658648, -7.4147639 ], [ 109.2655697, -7.4148397 ], [ 109.2653355, -7.4148986 ], [ 109.2652667, -7.4149248 ], [ 109.2648335, -7.4150804 ], [ 109.2646296, -7.4152027 ], [ 109.2644539, -7.4153119 ], [ 109.2643706, -7.4153591 ], [ 109.2643192, -7.4153882 ], [ 109.2642241, -7.4154496 ], [ 109.2641058, -7.4155533 ], [ 109.2640972, -7.4155645 ], [ 109.264039, -7.4156133 ], [ 109.2639886, -7.4156436 ], [ 109.2639403, -7.4156689 ], [ 109.2638869, -7.415692 ], [ 109.2637563, -7.4157278 ], [ 109.263712, -7.4157371 ], [ 109.2635563, -7.4157696 ], [ 109.2632014, -7.4158438 ], [ 109.2630833, -7.415901 ] ] } },
{ "type": "Feature", "properties": { "name": [ "Jalan Raya Karangsoka", "Jalan Raya Dukuhwaluh" ], "highway": "secondary", "length": 2128.7563170920171, "latitude": -7.4076220165631499, "longitude": 109.27761998279196 }, "geometry": { "type": "LineString", "coordinates": [ [ 109.2698646, -7.413297 ], [ 109.2705425, -7.4127478 ], [ 109.2712963, -7.4121374 ], [ 109.2713633, -7.4120895 ], [ 109.2714931, -7.4119764 ], [ 109.2715316, -7.4119465 ], [ 109.2717576, -7.4117803 ], [ 109.2718414, -7.4117151 ], [ 109.2718978, -7.4116705 ], [ 109.2720761, -7.411521 ], [ 109.2721411, -7.4114809 ], [ 109.2725301, -7.4111625 ], [ 109.2728667, -7.4109072 ], [ 109.2735929, -7.4103699 ], [ 109.2739114, -7.4101179 ], [ 109.2741287, -7.4099483 ], [ 109.2742661, -7.4098373 ], [ 109.2744331, -7.4097183 ], [ 109.274578, -7.4096212 ], [ 109.2749226, -7.4093885 ], [ 109.275105, -7.4092661 ], [ 109.2752498, -7.409173 ], [ 109.2753841, -7.4090835 ], [ 109.2756428, -7.408911 ], [ 109.2766942, -7.4082421 ], [ 109.2772441, -7.4078883 ], [ 109.2775284, -7.4077088 ], [ 109.2778167, -7.4075027 ], [ 109.2780112, -7.407375 ], [ 109.278155, -7.4072772 ], [ 109.2783375, -7.4071312 ], [ 109.2784756, -7.4070197 ], [ 109.2786401, -7.4068869 ], [ 109.2788199, -7.4067379 ], [ 109.278954, -7.4066262 ], [ 109.2790613, -7.4065424 ], [ 109.2791833, -7.406452 ], [ 109.2796125, -7.4060889 ], [ 109.2799846, -7.4058243 ], [ 109.2801657, -7.4056959 ], [ 109.2803253, -7.4055876 ], [ 109.2807128, -7.4053402 ], [ 109.2808825, -7.4052464 ], [ 109.2811547, -7.4050835 ], [ 109.2817448, -7.4047125 ], [ 109.2820278, -7.4045569 ], [ 109.2829612, -7.4039917 ], [ 109.2832093, -7.4038454 ], [ 109.2833402, -7.4037614 ], [ 109.2834809, -7.4036711 ], [ 109.2835794, -7.4036027 ], [ 109.2836492, -7.4035501 ], [ 109.2837162, -7.4034936 ], [ 109.2839175, -7.4032735 ], [ 109.2840006, -7.4031917 ], [ 109.2841286, -7.4030388 ], [ 109.2842138, -7.402949 ], [ 109.2843351, -7.4028579 ], [ 109.2843804, -7.4028436 ], [ 109.2845276, -7.4027535 ], [ 109.284659, -7.4026963 ], [ 109.2848103, -7.4026452 ], [ 109.2856188, -7.4024086 ] ] } },
{ "type": "Feature", "properties": { "name": "Jalan Baturaden timur", "highway": "primary", "length": 16.011537540493723, "latitude": -7.40228435, "longitude": 109.2858011 }, "geometry": { "type": "LineString", "coordinates": [ [ 109.2858187, -7.4023542 ], [ 109.2857835, -7.4022145 ] ] } },
{ "type": "Feature", "properties": { "name": "Jalan Imam Bonjol", "highway": "secondary", "length": 1760.4768168858575, "latitude": -7.4101602658708519, "longitude": 109.28697250223183 }, "geometry": { "type": "LineString", "coordinates": [ [ 109.2858187, -7.4023542 ], [ 109.2858461, -7.402474 ], [ 109.2859579, -7.4029736 ], [ 109.2860129, -7.4030587 ], [ 109.2861302, -7.403477 ], [ 109.2861785, -7.4036519 ], [ 109.2861865, -7.4036778 ], [ 109.286271, -7.4040801 ], [ 109.2862992, -7.4042277 ], [ 109.2863394, -7.4044884 ], [ 109.2864078, -7.404892 ], [ 109.2864528, -7.4051434 ], [ 109.2865433, -7.4056594 ], [ 109.2866177, -7.4060424 ], [ 109.2867123, -7.4065996 ], [ 109.2867659, -7.4069813 ], [ 109.2868397, -7.407363 ], [ 109.2868611, -7.4075731 ], [ 109.2869335, -7.4081397 ], [ 109.2869697, -7.4084934 ], [ 109.2870073, -7.4090001 ], [ 109.2870623, -7.4097249 ], [ 109.2870837, -7.4100734 ], [ 109.2871089, -7.4104294 ], [ 109.287122, -7.4106093 ], [ 109.2871387, -7.4108101 ], [ 109.2871729, -7.4112962 ], [ 109.287181, -7.4114283 ], [ 109.2872071, -7.4118501 ], [ 109.2872487, -7.4123794 ], [ 109.2872661, -7.4127797 ], [ 109.2872889, -7.4130496 ], [ 109.2873238, -7.4135963 ], [ 109.2873357, -7.4138221 ], [ 109.2873687, -7.4144122 ], [ 109.2873895, -7.4145937 ], [ 109.2874123, -7.4149208 ], [ 109.2874291, -7.4152167 ], [ 109.2874499, -7.4156055 ], [ 109.2874593, -7.4157813 ], [ 109.2874678, -7.4158835 ], [ 109.2874747, -7.4159663 ], [ 109.2874763, -7.4159861 ], [ 109.287478, -7.416006 ], [ 109.2874847, -7.41609 ], [ 109.2875169, -7.4164967 ], [ 109.2875344, -7.4168532 ], [ 109.2875437, -7.4171125 ], [ 109.2875812, -7.4175442 ], [ 109.2876249, -7.4180442 ] ] } },
{ "type": "Feature", "properties": { "name": "Jalan Raya Dukuhwaluh", "highway": "secondary", "length": 22.858508610513681, "latitude": -7.4023811638686636, "longitude": 109.28571868808929 }, "geometry": { "type": "LineString", "coordinates": [ [ 109.2858187, -7.4023542 ], [ 109.2857856, -7.4023626 ], [ 109.2857574, -7.4023702 ], [ 109.2856977, -7.4023871 ], [ 109.2856188, -7.4024086 ] ] } },
{ "type": "Feature", "properties": { "name": "Jalan Raya Baturaden Barat", "highway": "secondary", "length": 930.21424695260885, "latitude": -7.3217710698307643, "longitude": 109.22716530569477 }, "geometry": { "type": "LineString", "coordinates": [ [ 109.2287697, -7.3181689 ], [ 109.2287082, -7.3181853 ], [ 109.2286062, -7.3182379 ], [ 109.2282388, -7.3184507 ], [ 109.2280698, -7.3185405 ], [ 109.2280068, -7.318613 ], [ 109.2279491, -7.3186961 ], [ 109.2277097, -7.3191012 ], [ 109.2276152, -7.3192754 ], [ 109.2275133, -7.3195122 ], [ 109.2274328, -7.319725 ], [ 109.2273648, -7.3199463 ], [ 109.2273248, -7.3201048 ], [ 109.2272826, -7.3203203 ], [ 109.2271726, -7.3211164 ], [ 109.2271706, -7.3211328 ], [ 109.2270386, -7.3220747 ], [ 109.2270251, -7.3222244 ], [ 109.2269819, -7.322616 ], [ 109.2269218, -7.3231606 ], [ 109.2268945, -7.3233529 ], [ 109.2268492, -7.3235853 ], [ 109.2267421, -7.3239643 ], [ 109.2266028, -7.3244185 ], [ 109.22652, -7.3246883 ], [ 109.2264418, -7.3249133 ], [ 109.2261346, -7.3257929 ] ] } },
{ "type": "Feature", "properties": { "name": null, "highway": "primary", "length": 10.652658737383822, "latitude": -7.3181307924400594, "longitude": 109.22879560552535 }, "geometry": { "type": "LineString", "coordinates": [ [ 109.2287697, -7.3181689 ], [ 109.2287773, -7.3181462 ], [ 109.2287916, -7.3181269 ], [ 109.2288113, -7.318113 ], [ 109.2288343, -7.3181057 ] ] } },
{ "type": "Feature", "properties": { "name": "Jalan Raya Baturaden", "highway": "tertiary", "length": 663.49411965917341, "latitude": -7.3156925256718326, "longitude": 109.22933740770496 }, "geometry": { "type": "LineString", "coordinates": [ [ 109.2288343, -7.3181057 ], [ 109.2288181, -7.3176726 ], [ 109.2288184, -7.3175915 ], [ 109.2288188, -7.3174724 ], [ 109.2287933, -7.3172469 ], [ 109.2288356, -7.3171425 ], [ 109.2288704, -7.3170374 ], [ 109.2289307, -7.3168944 ], [ 109.2289814, -7.3167724 ], [ 109.2289851, -7.3166224 ], [ 109.2289877, -7.3164621 ], [ 109.2290136, -7.3162976 ], [ 109.2290219, -7.3161828 ], [ 109.2290501, -7.3160252 ], [ 109.2291196, -7.3157488 ], [ 109.2291677, -7.3154614 ], [ 109.2292111, -7.3153121 ], [ 109.2293089, -7.3149445 ], [ 109.229357, -7.3147728 ], [ 109.2294055, -7.3146265 ], [ 109.2294136, -7.3144442 ], [ 109.2294132, -7.3141815 ], [ 109.2294222, -7.3141738 ], [ 109.22948, -7.3141496 ], [ 109.2296278, -7.314149 ], [ 109.2297542, -7.314141 ], [ 109.2297962, -7.3142038 ], [ 109.229832, -7.3142747 ], [ 109.2299366, -7.3146099 ], [ 109.2300063, -7.3148765 ], [ 109.2299969, -7.3152437 ], [ 109.2299903, -7.315549 ], [ 109.230001, -7.3157039 ] ] } },
{ "type": "Feature", "properties": { "name": null, "highway": "primary", "length": 10.566468352855736, "latitude": -7.3181181942268356, "longitude": 109.2288784052394 }, "geometry": { "type": "LineString", "coordinates": [ [ 109.2288343, -7.3181057 ], [ 109.2288584, -7.3181059 ], [ 109.2288811, -7.3181134 ], [ 109.2289003, -7.3181275 ], [ 109.2289143, -7.3181467 ] ] } },
{ "type": "Feature", "properties": { "name": null, "highway": "primary", "length": 378.66146741713061, "latitude": -7.3171937845913737, "longitude": 109.22981249152981 }, "geometry": { "type": "LineString", "coordinates": [ [ 109.2289143, -7.3181467 ], [ 109.2290356, -7.3180479 ], [ 109.2292169, -7.3179288 ], [ 109.2293901, -7.3178316 ], [ 109.2294903, -7.3178229 ], [ 109.2295976, -7.3178488 ], [ 109.2296872, -7.3179047 ], [ 109.2297475, -7.3179293 ], [ 109.2298077, -7.3179356 ], [ 109.2298618, -7.3179342 ], [ 109.2299098, -7.3179227 ], [ 109.2299529, -7.3178974 ], [ 109.2300077, -7.3178316 ], [ 109.2300369, -7.3177576 ], [ 109.2300801, -7.3176254 ], [ 109.2300483, -7.3171291 ], [ 109.2300416, -7.3168803 ], [ 109.2300392, -7.3165617 ], [ 109.2299888, -7.3164176 ], [ 109.2299593, -7.3161683 ], [ 109.2299347, -7.3160654 ], [ 109.230001, -7.3157039 ] ] } },
{ "type": "Feature", "properties": { "name": null, "highway": "primary", "length": 15.882500936424716, "latitude": -7.3182107549437223, "longitude": 109.22890414815724 }, "geometry": { "type": "LineString", "coordinates": [ [ 109.2289143, -7.3181467 ], [ 109.2289217, -7.3181692 ], [ 109.2289218, -7.3181929 ], [ 109.2289145, -7.3182155 ], [ 109.2289006, -7.3182347 ], [ 109.2288811, -7.318249 ], [ 109.2288581, -7.3182566 ] ] } },
{ "type": "Feature", "properties": { "name": "Jalan Komisaris Bambang Suprapto", "highway": "primary", "length": 309.10186325058044, "latitude": -7.4232653921993537, "longitude": 109.24985003733751 }, "geometry": { "type": "LineString", "coordinates": [ [ 109.2484494, -7.4233179 ], [ 109.2487425, -7.4233058 ], [ 109.2497697, -7.4232697 ], [ 109.2503147, -7.4232512 ], [ 109.2503457, -7.4232504 ], [ 109.2512504, -7.4232065 ] ] } },
{ "type": "Feature", "properties": { "name": "Jalan Brigadir Jenderal Katamso", "highway": "tertiary", "length": 317.65813230824824, "latitude": -7.4247402019331474, "longitude": 109.24857669131555 }, "geometry": { "type": "LineString", "coordinates": [ [ 109.2484494, -7.4233179 ], [ 109.2484787, -7.4237194 ], [ 109.2484797, -7.4237329 ], [ 109.2485182, -7.4241026 ], [ 109.2486114, -7.4248989 ], [ 109.2486361, -7.4253069 ], [ 109.2486422, -7.4254196 ], [ 109.2486689, -7.4261649 ] ] } },
{ "type": "Feature", "properties": { "name": "Jalan Perintis Kemerdekaan", "highway": "secondary", "length": 30.185319394875837, "latitude": -7.4302863, "longitude": 109.2406884 }, "geometry": { "type": "LineString", "coordinates": [ [ 109.2406763, -7.4304215 ], [ 109.2407005, -7.4301511 ] ] } },
{ "type": "Feature", "properties": { "name": "Situmpur", "highway": "tertiary", "length": 417.70424770690556, "latitude": -7.429704112913746, "longitude": 109.2421615296302 }, "geometry": { "type": "LineString", "coordinates": [ [ 109.2406763, -7.4304215 ], [ 109.2407885, -7.4304142 ], [ 109.2410876, -7.4304016 ], [ 109.2413408, -7.4303699 ], [ 109.2416103, -7.4302746 ], [ 109.241808, -7.4301415 ], [ 109.2420041, -7.4299808 ], [ 109.2420547, -7.4298473 ], [ 109.2420355, -7.4294321 ], [ 109.2420814, -7.4293175 ], [ 109.2421197, -7.4292959 ], [ 109.2422221, -7.4292744 ], [ 109.2428151, -7.4292044 ], [ 109.2432915, -7.4291739 ], [ 109.2437226, -7.4291669 ] ] } },
{ "type": "Feature", "properties": { "name": "Perintis Kemerdekaan", "highway": "secondary", "length": 880.25822761565621, "latitude": -7.4341787413640708, "longitude": 109.23984046543798 }, "geometry": { "type": "LineString", "coordinates": [ [ 109.2406763, -7.4304215 ], [ 109.2406324, -7.4307562 ], [ 109.2406179, -7.4310001 ], [ 109.2406133, -7.4310774 ], [ 109.2406083, -7.4311619 ], [ 109.2405995, -7.431309 ], [ 109.2405755, -7.4316993 ], [ 109.240493, -7.4324784 ], [ 109.2404584, -7.4327203 ], [ 109.2404313, -7.4329427 ], [ 109.2404167, -7.43303 ], [ 109.240293, -7.4336319 ], [ 109.2402503, -7.4338592 ], [ 109.2401819, -7.4342237 ], [ 109.2400591, -7.434832 ], [ 109.2400304, -7.4349733 ], [ 109.2399589, -7.435331 ], [ 109.2399385, -7.4354351 ], [ 109.2399287, -7.4355005 ], [ 109.2391431, -7.4361952 ], [ 109.2390104, -7.4363035 ], [ 109.238832, -7.4364431 ], [ 109.2384793, -7.4367317 ], [ 109.2382245, -7.4369405 ], [ 109.2379965, -7.4371267 ], [ 109.2377754, -7.4372713 ] ] } },
{ "type": "Feature", "properties": { "name": "Kyai Nur Chakim", "highway": "secondary", "length": 593.96999263755902, "latitude": -7.4097442282747501, "longitude": 109.20443723098347 }, "geometry": { "type": "LineString", "coordinates": [ [ 109.2070517, -7.4101618 ], [ 109.2066014, -7.410048 ], [ 109.2062784, -7.409984 ], [ 109.2058277, -7.4098946 ], [ 109.2055821, -7.4098459 ], [ 109.2050822, -7.4097408 ], [ 109.2041286, -7.409532 ], [ 109.2039674, -7.4094959 ], [ 109.2038062, -7.4094597 ], [ 109.2036872, -7.4094682 ], [ 109.2036069, -7.4094988 ], [ 109.2035811, -7.4095141 ], [ 109.2033723, -7.4096384 ], [ 109.2032863, -7.4097023 ], [ 109.203179, -7.4097475 ], [ 109.2030865, -7.4097568 ], [ 109.2030365, -7.4097574 ], [ 109.2029764, -7.4097582 ], [ 109.2028275, -7.4097356 ], [ 109.202267, -7.4096292 ], [ 109.2022446, -7.4096244 ], [ 109.2018389, -7.4095421 ] ] } },
{ "type": "Feature", "properties": { "name": "Pasir Wetan", "highway": "secondary", "length": 1170.4375892765268, "latitude": -7.4098636076880124, "longitude": 109.21138530868639 }, "geometry": { "type": "LineString", "coordinates": [ [ 109.2070517, -7.4101618 ], [ 109.2077872, -7.4102929 ], [ 109.2080832, -7.4103505 ], [ 109.2083611, -7.4104046 ], [ 109.2086428, -7.4104073 ], [ 109.2092417, -7.4102303 ], [ 109.2093698, -7.4102055 ], [ 109.209548, -7.4101821 ], [ 109.2098147, -7.4101497 ], [ 109.2098522, -7.4101438 ], [ 109.2098864, -7.4101266 ], [ 109.2099106, -7.4101106 ], [ 109.2099199, -7.4100969 ], [ 109.2099246, -7.4100441 ], [ 109.2099115, -7.409995 ], [ 109.2096969, -7.4095747 ], [ 109.2096859, -7.4094962 ], [ 109.2096998, -7.4094369 ], [ 109.2097335, -7.4093911 ], [ 109.2097715, -7.4093572 ], [ 109.2099154, -7.409281 ], [ 109.2100321, -7.4092409 ], [ 109.2100762, -7.4092342 ], [ 109.2101204, -7.4092395 ], [ 109.2101727, -7.4092475 ], [ 109.2102161, -7.4092746 ], [ 109.2106504, -7.4098314 ], [ 109.2107781, -7.4100162 ], [ 109.210797, -7.4100295 ], [ 109.2108218, -7.4100401 ], [ 109.2108493, -7.4100491 ], [ 109.2108824, -7.4100535 ], [ 109.2110998, -7.4100284 ], [ 109.2119126, -7.4099346 ], [ 109.212111, -7.4099117 ], [ 109.2121864, -7.409903 ], [ 109.2144736, -7.4096389 ], [ 109.2145064, -7.4096351 ], [ 109.2152543, -7.4095376 ], [ 109.2155398, -7.4095004 ], [ 109.2159188, -7.4094695 ], [ 109.216162, -7.4094318 ] ] } },
{ "type": "Feature", "properties": { "name": "KH Ahmad Zein", "highway": "tertiary", "length": 1258.580971507427, "latitude": -7.415764047397718, "longitude": 109.20646506393285 }, "geometry": { "type": "LineString", "coordinates": [ [ 109.2070517, -7.4101618 ], [ 109.2069772, -7.4107047 ], [ 109.206937, -7.410899 ], [ 109.2069172, -7.4109943 ], [ 109.2068843, -7.4111533 ], [ 109.2068186, -7.4114525 ], [ 109.2067625, -7.4116773 ], [ 109.2066437, -7.412025 ], [ 109.2065947, -7.4122783 ], [ 109.2065815, -7.4124552 ], [ 109.206593, -7.4127671 ], [ 109.2065926, -7.4128728 ], [ 109.2065873, -7.413184 ], [ 109.2065732, -7.4134307 ], [ 109.2065742, -7.4137159 ], [ 109.2065741, -7.4137307 ], [ 109.2065717, -7.4137789 ], [ 109.2065729, -7.4138062 ], [ 109.2065434, -7.4145739 ], [ 109.2065064, -7.4149024 ], [ 109.206408, -7.4155714 ], [ 109.2063718, -7.4156978 ], [ 109.2063247, -7.4162328 ], [ 109.2063128, -7.4163693 ], [ 109.206315, -7.4164977 ], [ 109.2063123, -7.4166763 ], [ 109.2063107, -7.416843 ], [ 109.2063136, -7.4170625 ], [ 109.2062999, -7.417211 ], [ 109.2063001, -7.4173146 ], [ 109.2062848, -7.4177513 ], [ 109.206286, -7.4178694 ], [ 109.2062804, -7.4181814 ], [ 109.2062814, -7.4182373 ], [ 109.206267, -7.4187064 ], [ 109.2062672, -7.4188335 ], [ 109.2062683, -7.4189951 ], [ 109.2062646, -7.4190965 ], [ 109.2062622, -7.419207 ], [ 109.2062591, -7.4192604 ], [ 109.2062556, -7.4193473 ], [ 109.2062442, -7.4195964 ], [ 109.2062485, -7.4199719 ], [ 109.2062397, -7.4202217 ], [ 109.2062351, -7.4203507 ], [ 109.2062298, -7.4204387 ], [ 109.2062239, -7.4205887 ], [ 109.2062178, -7.4208986 ], [ 109.2062051, -7.4213383 ], [ 109.2061973, -7.4214069 ] ] } },
{ "type": "Feature", "properties": { "name": "Jalan Jenderal Gatot Subroto", "highway": "primary", "length": 163.96625996081079, "latitude": -7.4214930071851457, "longitude": 109.23686184822611 }, "geometry": { "type": "LineString", "coordinates": [ [ 109.2361405, -7.4213143 ], [ 109.2364515, -7.4213914 ], [ 109.2365021, -7.4214039 ], [ 109.2366635, -7.4214439 ], [ 109.237085, -7.4215483 ], [ 109.2374168, -7.4216304 ], [ 109.2375832, -7.4216717 ] ] } },
{ "type": "Feature", "properties": { "name": "Kasatrian", "highway": "tertiary", "length": 592.81359418041848, "latitude": -7.4187234410385452, "longitude": 109.23677171188987 }, "geometry": { "type": "LineString", "coordinates": [ [ 109.2361405, -7.4213143 ], [ 109.2362385, -7.4209153 ], [ 109.2363211, -7.4205725 ], [ 109.2363292, -7.420542 ], [ 109.2364409, -7.420085 ], [ 109.2365598, -7.4195986 ], [ 109.2366592, -7.4191759 ], [ 109.2367202, -7.4189421 ], [ 109.2367776, -7.4187124 ], [ 109.2368329, -7.4184807 ], [ 109.236846, -7.4184273 ], [ 109.2371523, -7.4171728 ], [ 109.2371767, -7.417111 ], [ 109.237214, -7.4169271 ], [ 109.237381, -7.4161281 ] ] } },
{ "type": "Feature", "properties": { "name": "Jalan Pekaja", "highway": "tertiary", "length": 1557.0396360895095, "latitude": -7.4641079029022013, "longitude": 109.28531989984877 }, "geometry": { "type": "LineString", "coordinates": [ [ 109.287357, -7.4576292 ], [ 109.2873544, -7.457817 ], [ 109.287354, -7.4578442 ], [ 109.2873545, -7.458179 ], [ 109.2873232, -7.4589843 ], [ 109.2873211, -7.4590434 ], [ 109.2873235, -7.4592063 ], [ 109.2873234, -7.4592266 ], [ 109.2873225, -7.459434 ], [ 109.2873246, -7.4595171 ], [ 109.2873232, -7.459926 ], [ 109.2873044, -7.4600596 ], [ 109.2872676, -7.460188 ], [ 109.2871569, -7.4604286 ], [ 109.2870844, -7.4605437 ], [ 109.2869812, -7.4606745 ], [ 109.286613, -7.4611215 ], [ 109.2858509, -7.4620048 ], [ 109.2857989, -7.4621387 ], [ 109.2857145, -7.4626467 ], [ 109.2856327, -7.4629618 ], [ 109.2852102, -7.4639271 ], [ 109.2846228, -7.4652477 ], [ 109.2841057, -7.4669197 ], [ 109.284078, -7.4670033 ], [ 109.2839542, -7.4674055 ], [ 109.2839201, -7.4675162 ], [ 109.2838624, -7.4676797 ], [ 109.2837766, -7.4679988 ], [ 109.283707, -7.4683132 ], [ 109.2836466, -7.4688073 ], [ 109.2836128, -7.4691075 ], [ 109.283456, -7.4704383 ], [ 109.2834251, -7.4707505 ] ] } },
{ "type": "Feature", "properties": { "name": "Jalan Menteri Supeno", "highway": "secondary", "length": 1536.9897879713869, "latitude": -7.4585798293394001, "longitude": 109.28046858480022 }, "geometry": { "type": "LineString", "coordinates": [ [ 109.2873296, -7.4576081 ], [ 109.2870946, -7.4576592 ], [ 109.2870794, -7.4576626 ], [ 109.286652, -7.4577461 ], [ 109.2864464, -7.4577839 ], [ 109.2864337, -7.4577838 ], [ 109.2860263, -7.4578536 ], [ 109.2852269, -7.4580013 ], [ 109.2851645, -7.4580117 ], [ 109.284621, -7.458106 ], [ 109.28406, -7.4582092 ], [ 109.2839976, -7.4582224 ], [ 109.2830502, -7.4584231 ], [ 109.2827508, -7.4585142 ], [ 109.2826899, -7.4585314 ], [ 109.2823477, -7.4586574 ], [ 109.2821377, -7.4587199 ], [ 109.2817142, -7.4588118 ], [ 109.2816237, -7.4588289 ], [ 109.2814645, -7.4588582 ], [ 109.2810695, -7.4588914 ], [ 109.2807713, -7.4588991 ], [ 109.2802481, -7.4589021 ], [ 109.2800817, -7.458905 ], [ 109.2796362, -7.4589056 ], [ 109.2791179, -7.4589216 ], [ 109.2788856, -7.4588914 ], [ 109.2785545, -7.4588947 ], [ 109.2773718, -7.4588476 ], [ 109.2772159, -7.4588489 ], [ 109.276894, -7.4588489 ], [ 109.2766272, -7.4588356 ], [ 109.2753825, -7.4588163 ], [ 109.2748287, -7.4588077 ], [ 109.2745817, -7.4588357 ], [ 109.2745002, -7.4588449 ], [ 109.2741002, -7.4589302 ], [ 109.2740363, -7.4589438 ], [ 109.2735668, -7.4590736 ] ] } },
{ "type": "Feature", "properties": { "name": "Jalan Panglima Besar Sudirman", "highway": "primary", "length": 212.87507781963106, "latitude": -7.423957280713509, "longitude": 109.22478118239434 }, "geometry": { "type": "LineString", "coordinates": [ [ 109.2238258, -7.4238216 ], [ 109.2247542, -7.4239458 ], [ 109.2252621, -7.4240239 ], [ 109.2254091, -7.4240549 ], [ 109.225577, -7.4240872 ], [ 109.2257326, -7.4241172 ] ] } },
{ "type": "Feature", "properties": { "name": null, "highway": "primary", "length": 27.674568542768373, "latitude": -7.4238755789784046, "longitude": 109.22371706859958 }, "geometry": { "type": "LineString", "coordinates": [ [ 109.2238258, -7.4238216 ], [ 109.2237702, -7.4238331 ], [ 109.2237196, -7.4238602 ], [ 109.2236754, -7.4238986 ], [ 109.2236285, -7.4239603 ] ] } },
{ "type": "Feature", "properties": { "name": [ "Jalan KS. Tubun", "Jalan KS Tubun" ], "highway": "secondary", "length": 1565.0736720102072, "latitude": -7.4163348874110939, "longitude": 109.21666558424846 }, "geometry": { "type": "LineString", "coordinates": [ [ 109.2176272, -7.423283 ], [ 109.217599, -7.4230725 ], [ 109.2175368, -7.4225871 ], [ 109.2175337, -7.4225601 ], [ 109.2174652, -7.4220075 ], [ 109.2174467, -7.421858 ], [ 109.2173591, -7.4211217 ], [ 109.2173202, -7.4208373 ], [ 109.2172824, -7.4205323 ], [ 109.2172521, -7.420272 ], [ 109.2172408, -7.4201947 ], [ 109.2171962, -7.4198162 ], [ 109.2171616, -7.4195571 ], [ 109.2170715, -7.4188395 ], [ 109.2170673, -7.418796 ], [ 109.2170281, -7.418325 ], [ 109.2169863, -7.4179689 ], [ 109.2169726, -7.4178519 ], [ 109.2169501, -7.4176604 ], [ 109.2169112, -7.4173262 ], [ 109.2169056, -7.4172782 ], [ 109.2168816, -7.4171231 ], [ 109.2168579, -7.4169211 ], [ 109.2168519, -7.4168695 ], [ 109.2168294, -7.4166842 ], [ 109.2168155, -7.4165599 ], [ 109.2168097, -7.4165068 ], [ 109.2167652, -7.4160965 ], [ 109.2167427, -7.4158889 ], [ 109.2167178, -7.4157524 ], [ 109.2167024, -7.4156682 ], [ 109.2166783, -7.4155451 ], [ 109.2166655, -7.4154952 ], [ 109.2166377, -7.4154135 ], [ 109.2165233, -7.4150776 ], [ 109.2164155, -7.4147612 ], [ 109.2163785, -7.4146387 ], [ 109.2163608, -7.4145752 ], [ 109.2163077, -7.4144041 ], [ 109.2161741, -7.4139348 ], [ 109.2161129, -7.413726 ], [ 109.2160925, -7.4136748 ], [ 109.2160786, -7.4136327 ], [ 109.2160203, -7.4134501 ], [ 109.2158981, -7.4130349 ], [ 109.2158817, -7.4129791 ], [ 109.2157691, -7.4123953 ], [ 109.2157569, -7.4123589 ], [ 109.215759, -7.4118434 ], [ 109.2157825, -7.4116652 ], [ 109.2158208, -7.4114199 ], [ 109.2159027, -7.4109292 ], [ 109.2159802, -7.4104279 ], [ 109.2160719, -7.4098929 ], [ 109.2161311, -7.4095649 ], [ 109.216162, -7.4094318 ] ] } },
{ "type": "Feature", "properties": { "name": "Jalan Jenderal Sudirman", "highway": "primary", "length": 455.7288210493619, "latitude": -7.4235810560765829, "longitude": 109.21966364559563 }, "geometry": { "type": "LineString", "coordinates": [ [ 109.2176272, -7.423283 ], [ 109.2178572, -7.4233445 ], [ 109.2180339, -7.4233816 ], [ 109.2185417, -7.4235141 ], [ 109.2188846, -7.4235544 ], [ 109.2192035, -7.4235877 ], [ 109.2193758, -7.4236036 ], [ 109.2195241, -7.4236074 ], [ 109.220054, -7.4236368 ], [ 109.2204308, -7.4236594 ], [ 109.2207505, -7.4236811 ], [ 109.220859, -7.4236887 ], [ 109.2213283, -7.4236967 ], [ 109.2214609, -7.4236992 ], [ 109.2215557, -7.4236982 ], [ 109.2217232, -7.4237038 ] ] } },
{ "type": "Feature", "properties": { "name": "Jalan Jenderal Sudirman", "highway": "primary", "length": 529.2123210708678, "latitude": -7.4227466961489146, "longitude": 109.2152904293381 }, "geometry": { "type": "LineString", "coordinates": [ [ 109.2176272, -7.423283 ], [ 109.2174042, -7.4232182 ], [ 109.2172623, -7.4231841 ], [ 109.2170624, -7.4231327 ], [ 109.217004, -7.423122 ], [ 109.2161155, -7.4229086 ], [ 109.2155733, -7.4227771 ], [ 109.2155533, -7.4227722 ], [ 109.2147365, -7.4225969 ], [ 109.2143996, -7.4225387 ], [ 109.2142427, -7.4225116 ], [ 109.2138906, -7.4224594 ], [ 109.213847, -7.4224529 ], [ 109.2133862, -7.4223846 ], [ 109.2129333, -7.4223088 ] ] } },
{ "type": "Feature", "properties": { "name": null, "highway": "tertiary", "length": 1226.3693195106193, "latitude": -7.3768496927978937, "longitude": 109.20864967178814 }, "geometry": { "type": "LineString", "coordinates": [ [ 109.2045134, -7.3784512 ], [ 109.2046805, -7.3785266 ], [ 109.2051543, -7.3786921 ], [ 109.2054569, -7.3787869 ], [ 109.2056867, -7.378866 ], [ 109.2057511, -7.3788714 ], [ 109.2058289, -7.3788689 ], [ 109.2062956, -7.3787998 ], [ 109.2069766, -7.3786793 ], [ 109.2076043, -7.3785941 ], [ 109.2083381, -7.3785189 ], [ 109.2084883, -7.3785256 ], [ 109.2089899, -7.3785974 ], [ 109.2090536, -7.3785887 ], [ 109.2091052, -7.3785522 ], [ 109.2091334, -7.3784883 ], [ 109.2095381, -7.3772206 ], [ 109.2096108, -7.377012 ], [ 109.2100292, -7.3757193 ], [ 109.2102928, -7.37471 ], [ 109.2103046, -7.3746057 ], [ 109.2103263, -7.3745503 ], [ 109.2103756, -7.3743214 ], [ 109.2103846, -7.3742721 ], [ 109.2104397, -7.3740595 ], [ 109.2104995, -7.3738285 ], [ 109.2106456, -7.3731944 ], [ 109.2107556, -7.3724202 ] ] } },
{ "type": "Feature", "properties": { "name": "Jalan Raya Keniten", "highway": "secondary", "length": 891.52294110643459, "latitude": -7.3747666823022442, "longitude": 109.2059301027375 }, "geometry": { "type": "LineString", "coordinates": [ [ 109.2045134, -7.3784512 ], [ 109.2045843, -7.3782889 ], [ 109.2046602, -7.3781497 ], [ 109.2049113, -7.3777154 ], [ 109.2053268, -7.3770097 ], [ 109.2054345, -7.3768436 ], [ 109.2056516, -7.3764981 ], [ 109.2057249, -7.376353 ], [ 109.2058825, -7.3760411 ], [ 109.2059362, -7.3759161 ], [ 109.2059664, -7.3758004 ], [ 109.2059865, -7.3756902 ], [ 109.2060059, -7.3755652 ], [ 109.2061022, -7.3749074 ], [ 109.2062298, -7.3739722 ], [ 109.2062876, -7.3735484 ], [ 109.2063184, -7.3733777 ], [ 109.2063533, -7.3731794 ], [ 109.2065529, -7.3719352 ], [ 109.2066238, -7.3715165 ], [ 109.2067257, -7.3709562 ], [ 109.2067369, -7.3708663 ] ] } },
{ "type": "Feature", "properties": { "name": "Jalan Raya Kedungbanteng", "highway": "secondary", "length": 764.28783415524708, "latitude": -7.381475128603924, "longitude": 109.20293387193772 }, "geometry": { "type": "LineString", "coordinates": [ [ 109.2045134, -7.3784512 ], [ 109.2041057, -7.3792347 ], [ 109.2039199, -7.3796322 ], [ 109.2037212, -7.3799233 ], [ 109.2035081, -7.3802065 ], [ 109.2032276, -7.3805668 ], [ 109.2029744, -7.3809404 ], [ 109.202761, -7.3812852 ], [ 109.2025846, -7.3816412 ], [ 109.2023327, -7.3825874 ], [ 109.2023028, -7.3826904 ], [ 109.2021599, -7.3831832 ], [ 109.2021096, -7.3833851 ], [ 109.2020467, -7.3836373 ], [ 109.2020133, -7.3837569 ], [ 109.2019415, -7.384018 ], [ 109.2019394, -7.3840312 ], [ 109.2019229, -7.3840916 ], [ 109.2018743, -7.3842699 ], [ 109.2018482, -7.3843845 ], [ 109.2017758, -7.3846788 ] ] } },
{ "type": "Feature", "properties": { "name": null, "highway": "tertiary", "length": 457.72979450155378, "latitude": -7.3780814497968397, "longitude": 109.20255884760131 }, "geometry": { "type": "LineString", "coordinates": [ [ 109.2045134, -7.3784512 ], [ 109.2036893, -7.3781673 ], [ 109.2036495, -7.3781629 ], [ 109.2036012, -7.3781695 ], [ 109.2034179, -7.3782791 ], [ 109.2033969, -7.3782932 ], [ 109.2033331, -7.3783201 ], [ 109.2031306, -7.3783421 ], [ 109.20291, -7.3783035 ], [ 109.2023595, -7.3780075 ], [ 109.2021731, -7.3779857 ], [ 109.201591, -7.3778807 ], [ 109.2015255, -7.3778669 ], [ 109.2008919, -7.3777585 ], [ 109.2005587, -7.377704 ] ] } },
{ "type": "Feature", "properties": { "name": [ "Jayadiwangsa", "Pangebatan" ], "highway": [ "tertiary", "secondary" ], "length": 2053.0648542735057, "latitude": -7.428832424292322, "longitude": 109.20157306306749 }, "geometry": { "type": "LineString", "coordinates": [ [ 109.2003237, -7.4202842 ], [ 109.2002715, -7.4203546 ], [ 109.2002272, -7.4204038 ], [ 109.2001437, -7.4204809 ], [ 109.2001443, -7.4205794 ], [ 109.2001813, -7.4211862 ], [ 109.2001849, -7.4212764 ], [ 109.2002097, -7.4216621 ], [ 109.2002205, -7.4219057 ], [ 109.2002275, -7.4219897 ], [ 109.2002727, -7.422682 ], [ 109.200301, -7.4229829 ], [ 109.2003541, -7.4234655 ], [ 109.200439, -7.4242347 ], [ 109.200557, -7.4250637 ], [ 109.2007315, -7.4260412 ], [ 109.2008181, -7.4266672 ], [ 109.2008304, -7.427039 ], [ 109.200891, -7.4274807 ], [ 109.2009832, -7.4280419 ], [ 109.2009937, -7.4281215 ], [ 109.2010471, -7.4285158 ], [ 109.2010889, -7.4287692 ], [ 109.2011517, -7.4293552 ], [ 109.2011927, -7.4299162 ], [ 109.2011947, -7.430093 ], [ 109.2012253, -7.430588 ], [ 109.2012329, -7.4309071 ], [ 109.2012196, -7.4314736 ], [ 109.2012056, -7.4318155 ], [ 109.2012051, -7.4320321 ], [ 109.201205, -7.4320813 ], [ 109.2012168, -7.433019 ], [ 109.2012182, -7.4331686 ], [ 109.2012892, -7.4331779 ], [ 109.2013782, -7.433178 ], [ 109.2023453, -7.4332293 ], [ 109.2026033, -7.4332373 ], [ 109.2029857, -7.4332493 ], [ 109.2032376, -7.4332637 ], [ 109.2032938, -7.433266 ], [ 109.2037755, -7.4332628 ], [ 109.2039433, -7.4334976 ], [ 109.2040745, -7.4337767 ], [ 109.2042882, -7.4342581 ], [ 109.2043148, -7.4343322 ], [ 109.204384, -7.434482 ], [ 109.2046361, -7.4350827 ], [ 109.2048318, -7.4355064 ], [ 109.2049619, -7.4358202 ], [ 109.2050015, -7.4358925 ] ] } },
{ "type": "Feature", "properties": { "name": null, "highway": "secondary", "length": 37.418460345895809, "latitude": -7.4204230311801567, "longitude": 109.20041601589389 }, "geometry": { "type": "LineString", "coordinates": [ [ 109.2003237, -7.4202842 ], [ 109.200369, -7.420378 ], [ 109.2004137, -7.4204371 ], [ 109.2004619, -7.4204809 ], [ 109.2005328, -7.420543 ] ] } },
{ "type": "Feature", "properties": { "name": "Jalan Kertawibawa", "highway": "secondary", "length": 1207.3793162787888, "latitude": -7.4148958688990181, "longitude": 109.20096017968901 }, "geometry": { "type": "LineString", "coordinates": [ [ 109.2003237, -7.4202842 ], [ 109.200325, -7.4202709 ], [ 109.2003517, -7.4200422 ], [ 109.2003666, -7.4197923 ], [ 109.2003909, -7.419431 ], [ 109.2004362, -7.4190223 ], [ 109.2004577, -7.418828 ], [ 109.2004827, -7.4185902 ], [ 109.200515, -7.4182823 ], [ 109.2007425, -7.4161161 ], [ 109.200744, -7.4160499 ], [ 109.2007447, -7.4160309 ], [ 109.2007541, -7.4158784 ], [ 109.2008086, -7.4153207 ], [ 109.2008551, -7.4149638 ], [ 109.2008713, -7.4148477 ], [ 109.2009155, -7.4144508 ], [ 109.200949, -7.4142087 ], [ 109.2009714, -7.4140538 ], [ 109.2010644, -7.4135817 ], [ 109.2012015, -7.412918 ], [ 109.2012543, -7.4126689 ], [ 109.2013329, -7.4122191 ], [ 109.201395, -7.4119149 ], [ 109.2014351, -7.4116699 ], [ 109.2015226, -7.4111694 ], [ 109.2015611, -7.4109772 ], [ 109.2016292, -7.4106349 ], [ 109.2016524, -7.4105182 ], [ 109.2017392, -7.4100341 ], [ 109.2018389, -7.4095421 ] ] } },
{ "type": "Feature", "properties": { "name": null, "highway": "tertiary", "length": 1226.3693195106193, "latitude": -7.3768496927978937, "longitude": 109.20864967178809 }, "geometry": { "type": "LineString", "coordinates": [ [ 109.2107556, -7.3724202 ], [ 109.2106456, -7.3731944 ], [ 109.2104995, -7.3738285 ], [ 109.2104397, -7.3740595 ], [ 109.2103846, -7.3742721 ], [ 109.2103756, -7.3743214 ], [ 109.2103263, -7.3745503 ], [ 109.2103046, -7.3746057 ], [ 109.2102928, -7.37471 ], [ 109.2100292, -7.3757193 ], [ 109.2096108, -7.377012 ], [ 109.2095381, -7.3772206 ], [ 109.2091334, -7.3784883 ], [ 109.2091052, -7.3785522 ], [ 109.2090536, -7.3785887 ], [ 109.2089899, -7.3785974 ], [ 109.2084883, -7.3785256 ], [ 109.2083381, -7.3785189 ], [ 109.2076043, -7.3785941 ], [ 109.2069766, -7.3786793 ], [ 109.2062956, -7.3787998 ], [ 109.2058289, -7.3788689 ], [ 109.2057511, -7.3788714 ], [ 109.2056867, -7.378866 ], [ 109.2054569, -7.3787869 ], [ 109.2051543, -7.3786921 ], [ 109.2046805, -7.3785266 ], [ 109.2045134, -7.3784512 ] ] } },
{ "type": "Feature", "properties": { "name": "Jalan Raya Keniten", "highway": "secondary", "length": 480.88907904404999, "latitude": -7.3715709611769666, "longitude": 109.20875102355323 }, "geometry": { "type": "LineString", "coordinates": [ [ 109.2107556, -7.3724202 ], [ 109.20901, -7.3716654 ], [ 109.2087298, -7.3715441 ], [ 109.2084823, -7.3714422 ], [ 109.2079585, -7.3712267 ], [ 109.2070957, -7.3708952 ], [ 109.2070772, -7.3708881 ], [ 109.2068227, -7.3708168 ], [ 109.2067918, -7.3708182 ], [ 109.206761, -7.3708341 ], [ 109.2067369, -7.3708663 ] ] } },
{ "type": "Feature", "properties": { "name": [ "Jalan Raya Keniten", "R. Soepeno" ], "highway": "secondary", "length": 830.84809870002277, "latitude": -7.3736783753296873, "longitude": 109.21423714274397 }, "geometry": { "type": "LineString", "coordinates": [ [ 109.2107556, -7.3724202 ], [ 109.2114548, -7.3727227 ], [ 109.2118639, -7.372893 ], [ 109.212285, -7.3730672 ], [ 109.2125821, -7.3731736 ], [ 109.2128818, -7.3732747 ], [ 109.2134258, -7.3734241 ], [ 109.2138529, -7.3735299 ], [ 109.2140117, -7.3735826 ], [ 109.2140872, -7.3736084 ], [ 109.2141581, -7.3736457 ], [ 109.2142408, -7.3737204 ], [ 109.2143421, -7.3738475 ], [ 109.2144234, -7.3739866 ], [ 109.2145025, -7.3740601 ], [ 109.2145561, -7.374098 ], [ 109.2152361, -7.3741878 ], [ 109.2158532, -7.374253 ], [ 109.2161467, -7.3742932 ], [ 109.216307, -7.3743134 ], [ 109.2164337, -7.3743261 ], [ 109.21776, -7.374503 ], [ 109.2178251, -7.3745063 ] ] } },
{ "type": "Feature", "properties": { "name": null, "highway": "secondary", "length": 37.418460345895809, "latitude": -7.4204230311801584, "longitude": 109.20041601589389 }, "geometry": { "type": "LineString", "coordinates": [ [ 109.2005328, -7.420543 ], [ 109.2004619, -7.4204809 ], [ 109.2004137, -7.4204371 ], [ 109.200369, -7.420378 ], [ 109.2003237, -7.4202842 ] ] } },
{ "type": "Feature", "properties": { "name": "Penatusan", "highway": "tertiary", "length": 301.1683248806022, "latitude": -7.4262471041703355, "longitude": 109.25318935488585 }, "geometry": { "type": "LineString", "coordinates": [ [ 109.2529171, -7.4249541 ], [ 109.2529204, -7.4250073 ], [ 109.2530599, -7.4252094 ], [ 109.2531216, -7.4253078 ], [ 109.2531444, -7.4253876 ], [ 109.2531645, -7.4255133 ], [ 109.2531732, -7.4256862 ], [ 109.253213, -7.4261621 ], [ 109.2532256, -7.4263524 ], [ 109.2532413, -7.4266381 ], [ 109.2532755, -7.4275239 ], [ 109.2532781, -7.4275941 ] ] } },
{ "type": "Feature", "properties": { "name": "Penatusan", "highway": "tertiary", "length": 208.41215415316381, "latitude": -7.4240200342314537, "longitude": 109.25284726953464 }, "geometry": { "type": "LineString", "coordinates": [ [ 109.2529171, -7.4249541 ], [ 109.2528916, -7.4245245 ], [ 109.2528762, -7.4244028 ], [ 109.2528688, -7.4242812 ], [ 109.2528527, -7.4241236 ], [ 109.2528393, -7.4239959 ], [ 109.2528098, -7.4237399 ], [ 109.2528091, -7.4236481 ], [ 109.2528078, -7.4234925 ], [ 109.2527948, -7.4230851 ] ] } },
{ "type": "Feature", "properties": { "name": "Mohammad Yusuf", "highway": "tertiary", "length": 259.56832503946765, "latitude": -7.4246732005896252, "longitude": 109.25405376095925 }, "geometry": { "type": "LineString", "coordinates": [ [ 109.2529171, -7.4249541 ], [ 109.2531739, -7.4249281 ], [ 109.2533187, -7.4249095 ], [ 109.2534971, -7.4248683 ], [ 109.2536328, -7.4248188 ], [ 109.2539834, -7.4247007 ], [ 109.2543401, -7.4245936 ], [ 109.2546773, -7.4244866 ], [ 109.2551712, -7.4243096 ] ] } },
{ "type": "Feature", "properties": { "name": "Jalan Jenderal Ahmad Yani", "highway": "secondary", "length": 264.26466000985789, "latitude": -7.408706274360406, "longitude": 109.23095937400956 }, "geometry": { "type": "LineString", "coordinates": [ [ 109.2308461, -7.4098882 ], [ 109.2308512, -7.4097299 ], [ 109.2308654, -7.4095002 ], [ 109.2308774, -7.4092896 ], [ 109.2309256, -7.4088697 ], [ 109.2309337, -7.408798 ], [ 109.2309916, -7.4084189 ], [ 109.2310636, -7.4079455 ], [ 109.2310879, -7.4076821 ], [ 109.2311038, -7.4075272 ] ] } },
{ "type": "Feature", "properties": { "name": "Jenderal Ahmad Yani", "highway": "secondary", "length": 349.09582000233121, "latitude": -7.4114532080797506, "longitude": 109.23083524757092 }, "geometry": { "type": "LineString", "coordinates": [ [ 109.2308461, -7.4098882 ], [ 109.2308742, -7.4100107 ], [ 109.2308877, -7.4101439 ], [ 109.2308746, -7.4104723 ], [ 109.2308724, -7.4105667 ], [ 109.230867, -7.4107899 ], [ 109.2308596, -7.4109219 ], [ 109.2307995, -7.412387 ], [ 109.2307734, -7.4130216 ] ] } },
{ "type": "Feature", "properties": { "name": "Jalan Jenderal Sudirman", "highway": "primary", "length": 25.428251089469953, "latitude": -7.4248681632895499, "longitude": 109.22945566293049 }, "geometry": { "type": "LineString", "coordinates": [ [ 109.2293444, -7.4248657 ], [ 109.2294313, -7.4248852 ], [ 109.2294763, -7.4248736 ], [ 109.2295057, -7.4248633 ], [ 109.2295633, -7.424836 ] ] } },
{ "type": "Feature", "properties": { "name": null, "highway": "primary_link", "length": 26.848672082104834, "latitude": -7.4248198826170455, "longitude": 109.22945158097265 }, "geometry": { "type": "LineString", "coordinates": [ [ 109.2293444, -7.4248657 ], [ 109.2294235, -7.4248497 ], [ 109.2294647, -7.4248307 ], [ 109.2294969, -7.4247981 ], [ 109.2295321, -7.4247366 ] ] } },
{ "type": "Feature", "properties": { "name": "Jalan Mesjid", "highway": "primary", "length": 551.81664103836908, "latitude": -7.4222586834632169, "longitude": 109.22964258723493 }, "geometry": { "type": "LineString", "coordinates": [ [ 109.2295321, -7.4247366 ], [ 109.2295539, -7.424071 ], [ 109.2295606, -7.423862 ], [ 109.2295648, -7.4237678 ], [ 109.2295787, -7.4231781 ], [ 109.2296094, -7.4221448 ], [ 109.2296973, -7.421355 ], [ 109.2297957, -7.4199822 ], [ 109.2298123, -7.4197841 ] ] } },
{ "type": "Feature", "properties": { "name": null, "highway": "primary", "length": 711.66912782278109, "latitude": -7.446235352446382, "longitude": 109.3158592822581 }, "geometry": { "type": "LineString", "coordinates": [ [ 109.3131175, -7.4479226 ], [ 109.3133033, -7.4478194 ], [ 109.3137644, -7.4475312 ], [ 109.313877, -7.4474614 ], [ 109.3147453, -7.4469061 ], [ 109.3149573, -7.4467705 ], [ 109.3153779, -7.4465198 ], [ 109.3154196, -7.446497 ], [ 109.3163425, -7.4459287 ], [ 109.3164339, -7.4458741 ], [ 109.3167409, -7.4456948 ], [ 109.3170054, -7.4455406 ], [ 109.318197, -7.4448046 ], [ 109.3184612, -7.4446512 ], [ 109.3185551, -7.4445927 ], [ 109.3186142, -7.4445717 ] ] } },
{ "type": "Feature", "properties": { "name": "Jalan Letnan Jenderal Suprapto", "highway": "primary", "length": 1706.5775621880734, "latitude": -7.4531698008327698, "longitude": 109.30749177345666 }, "geometry": { "type": "LineString", "coordinates": [ [ 109.3131175, -7.4479226 ], [ 109.3128705, -7.4480704 ], [ 109.3127357, -7.4481515 ], [ 109.312554, -7.4482805 ], [ 109.3125195, -7.4483134 ], [ 109.3122764, -7.4485451 ], [ 109.3121866, -7.4486356 ], [ 109.3120186, -7.4488148 ], [ 109.3118687, -7.4489753 ], [ 109.3118151, -7.4490259 ], [ 109.311689, -7.4491442 ], [ 109.3082623, -7.4525091 ], [ 109.3080425, -7.4527133 ], [ 109.3056814, -7.4550045 ], [ 109.3056559, -7.4550278 ], [ 109.305593, -7.4550886 ], [ 109.3053895, -7.4552845 ], [ 109.3053435, -7.45533 ], [ 109.3049725, -7.4556764 ], [ 109.3048792, -7.4557689 ], [ 109.3046446, -7.4560048 ], [ 109.3045177, -7.4561148 ], [ 109.3043963, -7.4562265 ], [ 109.3042622, -7.4563453 ], [ 109.304126, -7.4564551 ], [ 109.3039353, -7.4566139 ], [ 109.3036956, -7.456778 ], [ 109.3033083, -7.4570555 ], [ 109.3030279, -7.4572545 ], [ 109.3028434, -7.4573729 ], [ 109.3026596, -7.4574998 ], [ 109.3024661, -7.4576368 ], [ 109.3022819, -7.4577835 ], [ 109.3020939, -7.457925 ], [ 109.3019274, -7.458039 ], [ 109.3017926, -7.4581195 ], [ 109.3017551, -7.4581414 ], [ 109.3017034, -7.4581687 ], [ 109.3016669, -7.4581799 ] ] } },
{ "type": "Feature", "properties": { "name": "Jalan Desa Klahang", "highway": "tertiary", "length": 490.98651064611698, "latitude": -7.4457296648366444, "longitude": 109.31286787577731 }, "geometry": { "type": "LineString", "coordinates": [ [ 109.3131175, -7.4479226 ], [ 109.3130958, -7.4476043 ], [ 109.3130797, -7.4474354 ], [ 109.3130556, -7.4471748 ], [ 109.3130133, -7.4467752 ], [ 109.3129418, -7.4461474 ], [ 109.3128987, -7.4457858 ], [ 109.3128625, -7.4455032 ], [ 109.3128316, -7.4453357 ], [ 109.3127941, -7.4451096 ], [ 109.3127565, -7.4448902 ], [ 109.3127297, -7.4446774 ], [ 109.3126962, -7.4444195 ], [ 109.3126559, -7.4441708 ], [ 109.3126157, -7.443962 ], [ 109.3125359, -7.4435478 ] ] } },
{ "type": "Feature", "properties": { "name": null, "highway": "primary", "length": 711.66912782278109, "latitude": -7.4462353524463829, "longitude": 109.31585928225807 }, "geometry": { "type": "LineString", "coordinates": [ [ 109.3186142, -7.4445717 ], [ 109.3185551, -7.4445927 ], [ 109.3184612, -7.4446512 ], [ 109.318197, -7.4448046 ], [ 109.3170054, -7.4455406 ], [ 109.3167409, -7.4456948 ], [ 109.3164339, -7.4458741 ], [ 109.3163425, -7.4459287 ], [ 109.3154196, -7.446497 ], [ 109.3153779, -7.4465198 ], [ 109.3149573, -7.4467705 ], [ 109.3147453, -7.4469061 ], [ 109.313877, -7.4474614 ], [ 109.3137644, -7.4475312 ], [ 109.3133033, -7.4478194 ], [ 109.3131175, -7.4479226 ] ] } },
{ "type": "Feature", "properties": { "name": "Jalan Brawijaya Banjar Anyar", "highway": "tertiary", "length": 2642.3412525308941, "latitude": -7.4329694582143615, "longitude": 109.31794501973366 }, "geometry": { "type": "LineString", "coordinates": [ [ 109.3186142, -7.4445717 ], [ 109.3186198, -7.4444793 ], [ 109.3186184, -7.4443184 ], [ 109.3186278, -7.4440936 ], [ 109.3186308, -7.4439245 ], [ 109.3186432, -7.4437245 ], [ 109.3186641, -7.443345 ], [ 109.3186667, -7.4431349 ], [ 109.3186672, -7.442903 ], [ 109.3186762, -7.4426615 ], [ 109.3186687, -7.4424345 ], [ 109.3186735, -7.4422792 ], [ 109.3186723, -7.4421252 ], [ 109.3186567, -7.4416275 ], [ 109.318644, -7.4413476 ], [ 109.3186304, -7.4411715 ], [ 109.3186241, -7.44109 ], [ 109.318589, -7.4406501 ], [ 109.3185556, -7.4402189 ], [ 109.3185521, -7.4398988 ], [ 109.3185333, -7.4395617 ], [ 109.3185266, -7.4393669 ], [ 109.3185126, -7.4391361 ], [ 109.3185016, -7.4388854 ], [ 109.3184837, -7.4386428 ], [ 109.3184701, -7.438573 ], [ 109.3184609, -7.4385284 ], [ 109.3184421, -7.4384732 ], [ 109.3183908, -7.4383633 ], [ 109.3183388, -7.4382544 ], [ 109.3182758, -7.4381501 ], [ 109.3181659, -7.4379552 ], [ 109.3180955, -7.4378329 ], [ 109.3180351, -7.4377325 ], [ 109.3179895, -7.4376687 ], [ 109.3179544, -7.4376074 ], [ 109.3179086, -7.437502 ], [ 109.3178553, -7.4374086 ], [ 109.3178008, -7.4373221 ], [ 109.3177562, -7.4372192 ], [ 109.3177372, -7.4371526 ], [ 109.3177262, -7.4371039 ], [ 109.3177287, -7.4370663 ], [ 109.3177352, -7.4370137 ], [ 109.3177597, -7.4369455 ], [ 109.317802, -7.4368718 ], [ 109.3179162, -7.4367051 ], [ 109.3180065, -7.4365666 ], [ 109.3180707, -7.4364765 ], [ 109.3181345, -7.4363744 ], [ 109.3182129, -7.4362057 ], [ 109.3182356, -7.4360988 ], [ 109.3182528, -7.4359671 ], [ 109.3182633, -7.4358658 ], [ 109.3182661, -7.4357998 ], [ 109.3182713, -7.4356795 ], [ 109.3182637, -7.4355313 ], [ 109.3182584, -7.4352663 ], [ 109.3182577, -7.4352371 ], [ 109.3182537, -7.4350722 ], [ 109.3182399, -7.4348272 ], [ 109.3182405, -7.434749 ], [ 109.3182409, -7.4346978 ], [ 109.3182419, -7.4345587 ], [ 109.3182347, -7.434295 ], [ 109.3182258, -7.43404 ], [ 109.3182262, -7.43389 ], [ 109.3182246, -7.4337479 ], [ 109.3182242, -7.4336034 ], [ 109.3182151, -7.4334375 ], [ 109.3182111, -7.4333381 ], [ 109.3182081, -7.4331825 ], [ 109.3182036, -7.4330122 ], [ 109.3182082, -7.4327549 ], [ 109.3182144, -7.4325047 ], [ 109.3182221, -7.4323613 ], [ 109.3182296, -7.4322523 ], [ 109.3182285, -7.43219 ], [ 109.3182357, -7.4321233 ], [ 109.3182411, -7.4320126 ], [ 109.318259, -7.4318174 ], [ 109.3182598, -7.4317661 ], [ 109.3182618, -7.4316459 ], [ 109.3182719, -7.4314491 ], [ 109.3182753, -7.4312934 ], [ 109.3182726, -7.4311806 ], [ 109.3182693, -7.4309853 ], [ 109.3182671, -7.4309125 ], [ 109.3182647, -7.4308889 ], [ 109.3182579, -7.4308207 ], [ 109.3182557, -7.430709 ], [ 109.3182463, -7.4306019 ], [ 109.3182352, -7.4305145 ], [ 109.3182269, -7.4304337 ], [ 109.3181922, -7.4300621 ], [ 109.318187, -7.4300213 ], [ 109.3181787, -7.429921 ], [ 109.3181634, -7.4297914 ], [ 109.3181332, -7.4295674 ], [ 109.3180941, -7.4292681 ], [ 109.3180567, -7.4289801 ], [ 109.3180326, -7.4287782 ], [ 109.3179891, -7.4284806 ], [ 109.317928, -7.4281102 ], [ 109.3178795, -7.4277966 ], [ 109.3178567, -7.4276331 ], [ 109.3178353, -7.4274549 ], [ 109.3178111, -7.427278 ], [ 109.3177743, -7.4270493 ], [ 109.3176544, -7.4267842 ], [ 109.317649, -7.4266712 ], [ 109.3176426, -7.426539 ], [ 109.3176099, -7.4263434 ], [ 109.3176063, -7.4262457 ], [ 109.3176081, -7.4261895 ], [ 109.3175939, -7.426109 ], [ 109.31757, -7.4259293 ], [ 109.3175425, -7.4257404 ], [ 109.3175282, -7.4256483 ], [ 109.3175103, -7.4255542 ], [ 109.3174756, -7.4254267 ], [ 109.3174473, -7.4253242 ], [ 109.3174195, -7.4252333 ], [ 109.3173901, -7.4251503 ], [ 109.3173097, -7.4249442 ], [ 109.3172276, -7.424746 ], [ 109.3169986, -7.4242978 ], [ 109.3167162, -7.4237269 ], [ 109.3165871, -7.423471 ], [ 109.3164456, -7.423168 ], [ 109.3163459, -7.4229829 ], [ 109.3162994, -7.4228692 ], [ 109.3162211, -7.4227025 ], [ 109.3161564, -7.4225629 ], [ 109.3159838, -7.4222077 ], [ 109.3156963, -7.4216056 ] ] } },
{ "type": "Feature", "properties": { "name": [ "Bobosan", "Jalan Bobosan" ], "highway": "secondary", "length": 783.12085938887014, "latitude": -7.4079378066329555, "longitude": 109.22807480743933 }, "geometry": { "type": "LineString", "coordinates": [ [ 109.2247856, -7.4078519 ], [ 109.2253864, -7.4077842 ], [ 109.2255948, -7.4077599 ], [ 109.2259502, -7.40775 ], [ 109.2259696, -7.40775 ], [ 109.2263028, -7.4077497 ], [ 109.2266521, -7.4077975 ], [ 109.2271173, -7.4078787 ], [ 109.2272046, -7.4079035 ], [ 109.2275491, -7.4080096 ], [ 109.2277828, -7.408146 ], [ 109.2280616, -7.4083109 ], [ 109.228331, -7.4084506 ], [ 109.2284178, -7.4084889 ], [ 109.2285606, -7.4085134 ], [ 109.228795, -7.4085057 ], [ 109.2288341, -7.4085074 ], [ 109.2292097, -7.4085241 ], [ 109.2292798, -7.408516 ], [ 109.2293214, -7.4084924 ], [ 109.2293348, -7.4084685 ], [ 109.2293502, -7.4084183 ], [ 109.2294143, -7.4081765 ], [ 109.2295217, -7.4079768 ], [ 109.2295357, -7.4079528 ], [ 109.2296309, -7.4077901 ], [ 109.2297528, -7.4076233 ], [ 109.2298415, -7.4075124 ], [ 109.2299218, -7.4074914 ], [ 109.2299708, -7.4074888 ], [ 109.2302051, -7.4074955 ], [ 109.2303215, -7.4074968 ], [ 109.2306301, -7.4075001 ], [ 109.2309109, -7.4075189 ], [ 109.2311038, -7.4075272 ] ] } },
{ "type": "Feature", "properties": { "name": "Kamandaka", "highway": "secondary", "length": 968.89282808243445, "latitude": -7.4085731473059102, "longitude": 109.22046253566677 }, "geometry": { "type": "LineString", "coordinates": [ [ 109.2247856, -7.4078519 ], [ 109.2240422, -7.4079161 ], [ 109.2233389, -7.4080145 ], [ 109.2230833, -7.4080439 ], [ 109.2227851, -7.4080782 ], [ 109.2224348, -7.4081312 ], [ 109.2216441, -7.4082507 ], [ 109.2210155, -7.4083457 ], [ 109.2205905, -7.4084573 ], [ 109.2205582, -7.408467 ], [ 109.2203873, -7.4085184 ], [ 109.2195644, -7.4087673 ], [ 109.2188855, -7.4089392 ], [ 109.2181931, -7.4090883 ], [ 109.2180878, -7.4091087 ], [ 109.2170348, -7.4092838 ], [ 109.216931, -7.4092997 ], [ 109.2162749, -7.4094 ], [ 109.216162, -7.4094318 ] ] } },
{ "type": "Feature", "properties": { "name": "Jalan Kober", "highway": "tertiary", "length": 1463.3358656706284, "latitude": -7.4141408035311436, "longitude": 109.22331361895709 }, "geometry": { "type": "LineString", "coordinates": [ [ 109.2247856, -7.4078519 ], [ 109.2249139, -7.4085114 ], [ 109.2249182, -7.4085692 ], [ 109.2249021, -7.4086357 ], [ 109.2248734, -7.4087367 ], [ 109.2247613, -7.4090957 ], [ 109.2246311, -7.4094491 ], [ 109.2245, -7.4098262 ], [ 109.224403, -7.4101283 ], [ 109.2241333, -7.4107312 ], [ 109.224125, -7.4107445 ], [ 109.2241198, -7.4107528 ], [ 109.2240975, -7.4107933 ], [ 109.2240812, -7.4108325 ], [ 109.22398, -7.4110894 ], [ 109.223814, -7.4115079 ], [ 109.2235947, -7.4120763 ], [ 109.2234493, -7.4124421 ], [ 109.2232513, -7.4129878 ], [ 109.2230487, -7.4135043 ], [ 109.223046, -7.4135112 ], [ 109.2228787, -7.4139452 ], [ 109.2228086, -7.4141787 ], [ 109.2227666, -7.4143432 ], [ 109.2227477, -7.414731 ], [ 109.2227402, -7.414865 ], [ 109.2227224, -7.4152234 ], [ 109.2227008, -7.4156573 ], [ 109.2226827, -7.4159769 ], [ 109.2226817, -7.4160372 ], [ 109.222672, -7.4162372 ], [ 109.2226659, -7.4166008 ], [ 109.2225662, -7.4182336 ], [ 109.2225345, -7.4189239 ], [ 109.2225308, -7.419155 ], [ 109.2225013, -7.4203053 ], [ 109.2224865, -7.4203545 ], [ 109.2223661, -7.4203707 ], [ 109.2222427, -7.4204096 ] ] } },
{ "type": "Feature", "properties": { "name": "Jalan Jenderal Sudirman", "highway": "primary", "length": 144.56481740995696, "latitude": -7.4250467271154648, "longitude": 109.22994744343247 }, "geometry": { "type": "LineString", "coordinates": [ [ 109.2305884, -7.4251688 ], [ 109.2305195, -7.4251734 ], [ 109.2304252, -7.4251573 ], [ 109.2303602, -7.4251444 ], [ 109.2301264, -7.425094 ], [ 109.2298782, -7.4250383 ], [ 109.2298094, -7.4250229 ], [ 109.2297594, -7.4250117 ], [ 109.2294016, -7.4249088 ], [ 109.2293664, -7.4248958 ], [ 109.2293176, -7.4248719 ] ] } },
{ "type": "Feature", "properties": { "name": "Jalan Jenderal Sudirman", "highway": "primary", "length": 120.6526856212384, "latitude": -7.4250127484644475, "longitude": 109.23007245883383 }, "geometry": { "type": "LineString", "coordinates": [ [ 109.2305884, -7.4251688 ], [ 109.2305258, -7.4251179 ], [ 109.2303894, -7.4250867 ], [ 109.23023, -7.4250524 ], [ 109.2301278, -7.4250298 ], [ 109.2300126, -7.4250039 ], [ 109.2298414, -7.4249654 ], [ 109.2297721, -7.4249529 ], [ 109.2296478, -7.4248989 ], [ 109.2295633, -7.424836 ] ] } },
{ "type": "Feature", "properties": { "name": "Jalan Pekaja", "highway": "tertiary", "length": 1557.0396360895088, "latitude": -7.4641079029022013, "longitude": 109.28531989984879 }, "geometry": { "type": "LineString", "coordinates": [ [ 109.2834251, -7.4707505 ], [ 109.283456, -7.4704383 ], [ 109.2836128, -7.4691075 ], [ 109.2836466, -7.4688073 ], [ 109.283707, -7.4683132 ], [ 109.2837766, -7.4679988 ], [ 109.2838624, -7.4676797 ], [ 109.2839201, -7.4675162 ], [ 109.2839542, -7.4674055 ], [ 109.284078, -7.4670033 ], [ 109.2841057, -7.4669197 ], [ 109.2846228, -7.4652477 ], [ 109.2852102, -7.4639271 ], [ 109.2856327, -7.4629618 ], [ 109.2857145, -7.4626467 ], [ 109.2857989, -7.4621387 ], [ 109.2858509, -7.4620048 ], [ 109.286613, -7.4611215 ], [ 109.2869812, -7.4606745 ], [ 109.2870844, -7.4605437 ], [ 109.2871569, -7.4604286 ], [ 109.2872676, -7.460188 ], [ 109.2873044, -7.4600596 ], [ 109.2873232, -7.459926 ], [ 109.2873246, -7.4595171 ], [ 109.2873225, -7.459434 ], [ 109.2873234, -7.4592266 ], [ 109.2873235, -7.4592063 ], [ 109.2873211, -7.4590434 ], [ 109.2873232, -7.4589843 ], [ 109.2873545, -7.458179 ], [ 109.287354, -7.4578442 ], [ 109.2873544, -7.457817 ], [ 109.287357, -7.4576292 ] ] } },
{ "type": "Feature", "properties": { "name": [ "Jalan Suwarjono", "Jalan Pekaja" ], "highway": "tertiary", "length": 2353.2570220732896, "latitude": -7.4744811333117349, "longitude": 109.29007427284151 }, "geometry": { "type": "LineString", "coordinates": [ [ 109.2834251, -7.4707505 ], [ 109.2833577, -7.4714864 ], [ 109.2833517, -7.4715761 ], [ 109.2833506, -7.4716093 ], [ 109.2832986, -7.4721632 ], [ 109.2832315, -7.4728773 ], [ 109.283187, -7.4733666 ], [ 109.2831052, -7.4742651 ], [ 109.2831023, -7.4745902 ], [ 109.2831282, -7.47468 ], [ 109.2831429, -7.4747099 ], [ 109.2831634, -7.4747398 ], [ 109.2831865, -7.4747724 ], [ 109.2832281, -7.474819 ], [ 109.283278, -7.4748588 ], [ 109.2834198, -7.4749479 ], [ 109.283576, -7.4750233 ], [ 109.2848822, -7.4751668 ], [ 109.2851544, -7.475197 ], [ 109.2854024, -7.475232 ], [ 109.2862024, -7.475345 ], [ 109.2865803, -7.4753906 ], [ 109.2867494, -7.4754138 ], [ 109.2870275, -7.475452 ], [ 109.2872716, -7.4754647 ], [ 109.28749, -7.4754761 ], [ 109.2877516, -7.4754585 ], [ 109.288106, -7.4754173 ], [ 109.2883367, -7.4753878 ], [ 109.2886198, -7.4753502 ], [ 109.289292, -7.4752709 ], [ 109.2894994, -7.475248 ], [ 109.2897897, -7.4752138 ], [ 109.2904346, -7.4751378 ], [ 109.2909687, -7.4750786 ], [ 109.2914639, -7.475017 ], [ 109.2921424, -7.4749453 ], [ 109.2933915, -7.4747937 ], [ 109.2943448, -7.474678 ], [ 109.2946645, -7.4746405 ], [ 109.2949314, -7.4746151 ], [ 109.2952183, -7.4745843 ], [ 109.2954794, -7.4745563 ], [ 109.2957406, -7.4745283 ], [ 109.2963844, -7.4744592 ], [ 109.2964963, -7.4744472 ], [ 109.2972549, -7.4743658 ], [ 109.2976044, -7.4743283 ], [ 109.2976822, -7.47432 ], [ 109.297726, -7.4743153 ], [ 109.2979271, -7.4742927 ], [ 109.2981723, -7.4742539 ], [ 109.298462, -7.4742339 ], [ 109.2985678, -7.4742287 ], [ 109.2993895, -7.4742801 ], [ 109.2994321, -7.4742852 ], [ 109.2994619, -7.4742849 ], [ 109.299506, -7.4742882 ], [ 109.2996781, -7.4742966 ], [ 109.3002565, -7.4743378 ] ] } },
{ "type": "Feature", "properties": { "name": "Jalan Koperades", "highway": "tertiary", "length": 2868.3192035464672, "latitude": -7.4678359990664136, "longitude": 109.27542663693134 }, "geometry": { "type": "LineString", "coordinates": [ [ 109.2834251, -7.4707505 ], [ 109.2831657, -7.4707212 ], [ 109.2825752, -7.4706546 ], [ 109.2823226, -7.470626 ], [ 109.2821708, -7.4706089 ], [ 109.2819469, -7.4705821 ], [ 109.2815069, -7.4704921 ], [ 109.2810219, -7.470393 ], [ 109.2806833, -7.4703366 ], [ 109.2805919, -7.4702939 ], [ 109.2804352, -7.4702072 ], [ 109.2801813, -7.4700228 ], [ 109.2800996, -7.4699609 ], [ 109.2800153, -7.4699268 ], [ 109.2799383, -7.4699142 ], [ 109.2798663, -7.4699089 ], [ 109.2798097, -7.4699076 ], [ 109.2797578, -7.4699083 ], [ 109.2797114, -7.4699092 ], [ 109.2796812, -7.4699059 ], [ 109.2796226, -7.4699065 ], [ 109.2796234, -7.4699619 ], [ 109.2796296, -7.4700999 ], [ 109.2796528, -7.4703208 ], [ 109.2796674, -7.4705596 ], [ 109.2797535, -7.4708875 ], [ 109.2798652, -7.4712228 ], [ 109.2798733, -7.4712739 ], [ 109.2798641, -7.4713032 ], [ 109.2798476, -7.4713241 ], [ 109.2798184, -7.4713484 ], [ 109.2797778, -7.4713763 ], [ 109.2797453, -7.4713973 ], [ 109.2797048, -7.4714233 ], [ 109.2795333, -7.4714362 ], [ 109.2793115, -7.4714327 ], [ 109.2791954, -7.4714309 ], [ 109.2790247, -7.4714322 ], [ 109.2788779, -7.4714401 ], [ 109.2787531, -7.4714454 ], [ 109.2785734, -7.4714494 ], [ 109.2783964, -7.4714601 ], [ 109.2781882, -7.4714827 ], [ 109.2779485, -7.4714893 ], [ 109.2777322, -7.471488 ], [ 109.2775086, -7.4715 ], [ 109.2773315, -7.4715239 ], [ 109.2771993, -7.4715314 ], [ 109.2771361, -7.4715294 ], [ 109.2770794, -7.4715239 ], [ 109.2769547, -7.471508 ], [ 109.2768514, -7.4714946 ], [ 109.2767254, -7.4714681 ], [ 109.2765376, -7.4714415 ], [ 109.2764089, -7.4714202 ], [ 109.2762936, -7.4714042 ], [ 109.2761702, -7.4713882 ], [ 109.2758108, -7.4713244 ], [ 109.2756174, -7.4712879 ], [ 109.2754245, -7.4712553 ], [ 109.275278, -7.4712271 ], [ 109.2751053, -7.4712021 ], [ 109.2749068, -7.4711782 ], [ 109.2746842, -7.4711543 ], [ 109.2744482, -7.471129 ], [ 109.2743652, -7.4711197 ], [ 109.2740638, -7.4710874 ], [ 109.2735832, -7.4710359 ], [ 109.2732607, -7.4710053 ], [ 109.2731969, -7.4710013 ], [ 109.2731469, -7.4709881 ], [ 109.2731112, -7.4709607 ], [ 109.2730956, -7.4709076 ], [ 109.2730866, -7.4708477 ], [ 109.2730826, -7.4707999 ], [ 109.2730812, -7.470738 ], [ 109.2730639, -7.4706503 ], [ 109.2730679, -7.4705174 ], [ 109.2730538, -7.470417 ], [ 109.2730605, -7.4703524 ], [ 109.2730551, -7.4702587 ], [ 109.2730303, -7.4700905 ], [ 109.2730307, -7.4700499 ], [ 109.273027, -7.4698937 ], [ 109.2730236, -7.4698512 ], [ 109.2730263, -7.4697893 ], [ 109.2730243, -7.4696975 ], [ 109.2730183, -7.4695719 ], [ 109.2730129, -7.4694842 ], [ 109.2730327, -7.4692316 ], [ 109.2730384, -7.4691252 ], [ 109.2730518, -7.4690227 ], [ 109.2730598, -7.4688399 ], [ 109.2730657, -7.4687358 ], [ 109.273073, -7.4686908 ], [ 109.2730839, -7.4685772 ], [ 109.2730906, -7.4684124 ], [ 109.2730987, -7.4683047 ], [ 109.2731001, -7.4682275 ], [ 109.2730839, -7.4681518 ], [ 109.273045, -7.4680826 ], [ 109.2730317, -7.4679793 ], [ 109.2730283, -7.4679135 ], [ 109.2730263, -7.4678686 ], [ 109.2730209, -7.4677436 ], [ 109.2730142, -7.4675148 ], [ 109.2730008, -7.4668912 ], [ 109.2730045, -7.4666972 ], [ 109.2729954, -7.4666079 ], [ 109.2729861, -7.4665188 ], [ 109.2729761, -7.4664687 ], [ 109.2729713, -7.4664444 ], [ 109.2729257, -7.4663872 ], [ 109.2728549, -7.4663486 ], [ 109.2727986, -7.4663353 ], [ 109.2727044, -7.4663287 ], [ 109.2724, -7.4663114 ], [ 109.2717912, -7.4662818 ], [ 109.2717512, -7.4662781 ], [ 109.2716889, -7.4662715 ], [ 109.2716584, -7.4662702 ], [ 109.2716584, -7.4662449 ], [ 109.271657, -7.466223 ], [ 109.271661, -7.4661678 ], [ 109.2716651, -7.4661026 ], [ 109.2716758, -7.4659776 ], [ 109.271704, -7.4657862 ], [ 109.2717241, -7.4656266 ], [ 109.2717308, -7.4653932 ], [ 109.2717281, -7.4652942 ], [ 109.2717335, -7.4652423 ], [ 109.2717348, -7.4651771 ], [ 109.2717365, -7.4650708 ], [ 109.2717361, -7.4647829 ], [ 109.2717352, -7.4646546 ], [ 109.2717294, -7.4644551 ], [ 109.2717066, -7.4641406 ], [ 109.271649, -7.4639106 ], [ 109.271649, -7.463872 ], [ 109.2716597, -7.4638334 ], [ 109.2717033, -7.4637709 ], [ 109.2717549, -7.4637197 ], [ 109.2718507, -7.4636133 ], [ 109.2720929, -7.4634073 ], [ 109.2723209, -7.4631746 ], [ 109.2726441, -7.4628341 ], [ 109.2727339, -7.4627105 ], [ 109.2727934, -7.4626254 ], [ 109.2728211, -7.4625748 ], [ 109.2728661, -7.4624855 ], [ 109.2729954, -7.4622291 ], [ 109.2730276, -7.4621467 ], [ 109.2730477, -7.4620257 ], [ 109.2730853, -7.4615111 ], [ 109.2732677, -7.4607823 ], [ 109.2733026, -7.4606068 ], [ 109.2735176, -7.4594926 ], [ 109.2735668, -7.4590736 ] ] } },
{ "type": "Feature", "properties": { "name": "Jalan Profesor Dokter Soeparno", "highway": "secondary", "length": 1458.6683893602933, "latitude": -7.4111970852041518, "longitude": 109.25357144953948 }, "geometry": { "type": "LineString", "coordinates": [ [ 109.2517899, -7.4049798 ], [ 109.2521274, -7.405751 ], [ 109.2521479, -7.4057961 ], [ 109.2522558, -7.406033 ], [ 109.2523113, -7.4061549 ], [ 109.2524199, -7.4063934 ], [ 109.2524393, -7.406436 ], [ 109.2526002, -7.4067894 ], [ 109.2526644, -7.4069302 ], [ 109.2527041, -7.4070384 ], [ 109.2527482, -7.4071209 ], [ 109.2528795, -7.4074389 ], [ 109.2529746, -7.4076889 ], [ 109.2529909, -7.4077246 ], [ 109.2530078, -7.4077617 ], [ 109.2531066, -7.4079782 ], [ 109.253238, -7.4082662 ], [ 109.2533478, -7.4085177 ], [ 109.2533697, -7.4085812 ], [ 109.2534542, -7.4088339 ], [ 109.2534985, -7.4089536 ], [ 109.2535253, -7.4090254 ], [ 109.2536031, -7.4092116 ], [ 109.2536809, -7.4094204 ], [ 109.2538801, -7.4100134 ], [ 109.2538993, -7.4100954 ], [ 109.2539834, -7.4109749 ], [ 109.2540264, -7.4116239 ], [ 109.2540336, -7.4118049 ], [ 109.2540316, -7.4119163 ], [ 109.2540336, -7.4119705 ], [ 109.2540464, -7.4122892 ], [ 109.254048, -7.4123292 ], [ 109.2540495, -7.4126201 ], [ 109.2540519, -7.4127794 ], [ 109.2540525, -7.412812 ], [ 109.2540544, -7.4130167 ], [ 109.2540572, -7.4131593 ], [ 109.2540608, -7.4139413 ], [ 109.254061, -7.4140061 ], [ 109.2540664, -7.4142342 ], [ 109.2540821, -7.4147687 ], [ 109.2540892, -7.4149936 ], [ 109.2540931, -7.4150659 ], [ 109.2541004, -7.4153326 ], [ 109.2541106, -7.415621 ], [ 109.2541209, -7.4157745 ], [ 109.2541291, -7.4163694 ], [ 109.25413, -7.4164389 ], [ 109.2541308, -7.4164974 ], [ 109.2541328, -7.4165745 ], [ 109.2541341, -7.416641 ], [ 109.2541345, -7.4166555 ], [ 109.2541362, -7.4167195 ], [ 109.2541502, -7.4169462 ], [ 109.2541749, -7.4171612 ], [ 109.2541824, -7.4172269 ], [ 109.2542374, -7.4176684 ] ] } },
{ "type": "Feature", "properties": { "name": "Jalan Profesor Dokter Soeparno", "highway": "secondary", "length": 351.98491319726952, "latitude": -7.4036346747576678, "longitude": 109.25097424305577 }, "geometry": { "type": "LineString", "coordinates": [ [ 109.2517899, -7.4049798 ], [ 109.2517349, -7.4048628 ], [ 109.2513529, -7.4042722 ], [ 109.2513362, -7.4042489 ], [ 109.2510073, -7.4037911 ], [ 109.2508989, -7.4036491 ], [ 109.2507231, -7.4034217 ], [ 109.2506875, -7.4033639 ], [ 109.2506458, -7.4032948 ], [ 109.2506164, -7.4032289 ], [ 109.2505956, -7.4031571 ], [ 109.25058, -7.4031002 ], [ 109.2505174, -7.4028247 ], [ 109.2504966, -7.4026948 ], [ 109.2503811, -7.4021963 ] ] } },
{ "type": "Feature", "properties": { "name": [ "Mesjid Baru", "Jalan A Jaelani" ], "highway": "tertiary", "length": 2081.3028312684619, "latitude": -7.4082158635703577, "longitude": 109.25869398722952 }, "geometry": { "type": "LineString", "coordinates": [ [ 109.2517899, -7.4049798 ], [ 109.2520568, -7.4049093 ], [ 109.2521097, -7.4048929 ], [ 109.2524985, -7.4048224 ], [ 109.253025, -7.4047271 ], [ 109.2532944, -7.4046768 ], [ 109.2536846, -7.4046241 ], [ 109.2537989, -7.4046087 ], [ 109.2541585, -7.4045633 ], [ 109.2542509, -7.4045484 ], [ 109.2543272, -7.4045376 ], [ 109.2543461, -7.4045349 ], [ 109.2545418, -7.404509 ], [ 109.2545532, -7.4045068 ], [ 109.2548783, -7.4044452 ], [ 109.2549777, -7.4044066 ], [ 109.2551467, -7.4043374 ], [ 109.255313, -7.4042643 ], [ 109.2554384, -7.4042058 ], [ 109.2557991, -7.4040408 ], [ 109.256178, -7.4038487 ], [ 109.2563751, -7.4037583 ], [ 109.2564033, -7.4037509 ], [ 109.2564301, -7.4037576 ], [ 109.2564616, -7.4037729 ], [ 109.2564811, -7.4037922 ], [ 109.2566487, -7.4040197 ], [ 109.2567104, -7.4041034 ], [ 109.2568526, -7.4042856 ], [ 109.2571181, -7.4046553 ], [ 109.257233, -7.4048144 ], [ 109.2573716, -7.405009 ], [ 109.2575358, -7.4052167 ], [ 109.2576035, -7.4053023 ], [ 109.2577988, -7.4055517 ], [ 109.257933, -7.4057506 ], [ 109.2579996, -7.4058551 ], [ 109.2582178, -7.4061262 ], [ 109.2583251, -7.4062632 ], [ 109.2586376, -7.4066941 ], [ 109.2591899, -7.407436 ], [ 109.2592786, -7.4075552 ], [ 109.2593282, -7.4076217 ], [ 109.2595173, -7.4078777 ], [ 109.2597661, -7.4082148 ], [ 109.2601551, -7.4087209 ], [ 109.2602801, -7.4089034 ], [ 109.2603347, -7.4089822 ], [ 109.2604668, -7.4091451 ], [ 109.2607224, -7.4094749 ], [ 109.2608041, -7.4096298 ], [ 109.2608786, -7.4097814 ], [ 109.2609242, -7.4098632 ], [ 109.2610656, -7.4101259 ], [ 109.2612742, -7.4105515 ], [ 109.2614331, -7.410838 ], [ 109.2615035, -7.4109664 ], [ 109.2617068, -7.411364 ], [ 109.2617751, -7.4114943 ], [ 109.2618081, -7.4115625 ], [ 109.2618739, -7.4116731 ], [ 109.2619299, -7.4117819 ], [ 109.2620321, -7.4119858 ], [ 109.2620952, -7.4121736 ], [ 109.2622176, -7.4124882 ], [ 109.2623205, -7.4128485 ], [ 109.2624141, -7.4132618 ], [ 109.2624618, -7.4134307 ], [ 109.2625187, -7.4136328 ], [ 109.2625844, -7.4138902 ], [ 109.2626555, -7.4141588 ], [ 109.262685, -7.4143105 ], [ 109.2626864, -7.4145032 ], [ 109.2626944, -7.4146696 ], [ 109.2627186, -7.4148078 ], [ 109.2627387, -7.4149142 ], [ 109.2627695, -7.4150153 ], [ 109.2628084, -7.4151097 ], [ 109.2628584, -7.415219 ], [ 109.2629077, -7.4153185 ], [ 109.2629278, -7.4154235 ], [ 109.2629358, -7.4154927 ], [ 109.2629358, -7.4156443 ], [ 109.2629224, -7.4158052 ] ] } },
{ "type": "Feature", "properties": { "name": "Doktor Angka", "highway": "tertiary", "length": 8.848340339954877, "latitude": -7.41619185, "longitude": 109.2305786 }, "geometry": { "type": "LineString", "coordinates": [ [ 109.2306187, -7.4161905 ], [ 109.2305385, -7.4161932 ] ] } },
{ "type": "Feature", "properties": { "name": "Jalan Doktor Angka", "highway": "tertiary", "length": 378.39853413516119, "latitude": -7.4160508082529857, "longitude": 109.23232696288471 }, "geometry": { "type": "LineString", "coordinates": [ [ 109.2306187, -7.4161905 ], [ 109.2307518, -7.4161908 ], [ 109.2310691, -7.4161684 ], [ 109.2314267, -7.4161212 ], [ 109.2319287, -7.4160549 ], [ 109.2319653, -7.4160513 ], [ 109.23201, -7.4160469 ], [ 109.2321633, -7.4160359 ], [ 109.2325297, -7.4160076 ], [ 109.2326572, -7.416003 ], [ 109.2329428, -7.4160035 ], [ 109.2334942, -7.4159783 ], [ 109.2340386, -7.4159481 ] ] } },
{ "type": "Feature", "properties": { "name": "Jenderal Ahmad Yani", "highway": "secondary", "length": 19.187554436416232, "latitude": -7.4162697924111569, "longitude": 109.23058445079273 }, "geometry": { "type": "LineString", "coordinates": [ [ 109.2306187, -7.4161905 ], [ 109.2305911, -7.4162576 ], [ 109.2305482, -7.4163482 ] ] } },
{ "type": "Feature", "properties": { "name": "Jalan Letnan Jenderal S. Parman", "highway": "tertiary", "length": 57.915407185137987, "latitude": -7.4380473, "longitude": 109.24422495 }, "geometry": { "type": "LineString", "coordinates": [ [ 109.2442054, -7.4377876 ], [ 109.2442445, -7.438307 ] ] } },
{ "type": "Feature", "properties": { "name": null, "highway": "tertiary_link", "length": 8.1863606443784889, "latitude": -7.4377889, "longitude": 109.2441683 }, "geometry": { "type": "LineString", "coordinates": [ [ 109.2442054, -7.4377876 ], [ 109.2441312, -7.4377902 ] ] } },
{ "type": "Feature", "properties": { "name": null, "highway": "tertiary_link", "length": 8.1863606443784889, "latitude": -7.4377889, "longitude": 109.2441683 }, "geometry": { "type": "LineString", "coordinates": [ [ 109.2441312, -7.4377902 ], [ 109.2442054, -7.4377876 ] ] } },
{ "type": "Feature", "properties": { "name": "Jalan Letnan Jenderal S. Parman", "highway": "tertiary", "length": 125.07283746656765, "latitude": -7.4372295826408008, "longitude": 109.2440875565768 }, "geometry": { "type": "LineString", "coordinates": [ [ 109.2441312, -7.4377902 ], [ 109.244129, -7.4377273 ], [ 109.2440841, -7.4372393 ], [ 109.2440815, -7.4371794 ], [ 109.2440479, -7.4366686 ] ] } },
{ "type": "Feature", "properties": { "name": null, "highway": "tertiary_link", "length": 8.4246922498024119, "latitude": -7.43886345, "longitude": 109.2442391 }, "geometry": { "type": "LineString", "coordinates": [ [ 109.2442773, -7.4388629 ], [ 109.2442009, -7.438864 ] ] } },
{ "type": "Feature", "properties": { "name": "Jalan Letnan Jenderal S. Parman", "highway": "tertiary", "length": 61.484779396319794, "latitude": -7.4391381073434912, "longitude": 109.24430343066162 }, "geometry": { "type": "LineString", "coordinates": [ [ 109.2442773, -7.4388629 ], [ 109.2443065, -7.4391401 ], [ 109.2443238, -7.4394138 ] ] } },
{ "type": "Feature", "properties": { "name": null, "highway": "tertiary_link", "length": 8.4246922498024119, "latitude": -7.43886345, "longitude": 109.2442391 }, "geometry": { "type": "LineString", "coordinates": [ [ 109.2442009, -7.438864 ], [ 109.2442773, -7.4388629 ] ] } },
{ "type": "Feature", "properties": { "name": "Jalan Letnan Jenderal S. Parman", "highway": "tertiary", "length": 60.534534451486081, "latitude": -7.4385924623146984, "longitude": 109.24418177076365 }, "geometry": { "type": "LineString", "coordinates": [ [ 109.2442009, -7.438864 ], [ 109.244171, -7.4384407 ], [ 109.244163, -7.4383209 ] ] } },
{ "type": "Feature", "properties": { "name": "Jalan Letnan Jenderal S. Parman", "highway": "tertiary", "length": 61.919051821764803, "latitude": -7.43858495, "longitude": 109.2442609 }, "geometry": { "type": "LineString", "coordinates": [ [ 109.2442445, -7.438307 ], [ 109.2442773, -7.4388629 ] ] } },
{ "type": "Feature", "properties": { "name": null, "highway": "tertiary_link", "length": 9.118091002129006, "latitude": -7.43831395, "longitude": 109.24420375 }, "geometry": { "type": "LineString", "coordinates": [ [ 109.2442445, -7.438307 ], [ 109.244163, -7.4383209 ] ] } },
{ "type": "Feature", "properties": { "name": null, "highway": "tertiary_link", "length": 9.118091002129006, "latitude": -7.43831395, "longitude": 109.24420375 }, "geometry": { "type": "LineString", "coordinates": [ [ 109.244163, -7.4383209 ], [ 109.2442445, -7.438307 ] ] } },
{ "type": "Feature", "properties": { "name": "Jalan Letnan Jenderal S. Parman", "highway": "tertiary", "length": 59.119341120393059, "latitude": -7.4380555070420495, "longitude": 109.2441480622347 }, "geometry": { "type": "LineString", "coordinates": [ [ 109.244163, -7.4383209 ], [ 109.2441617, -7.4382678 ], [ 109.2441447, -7.4380008 ], [ 109.244133, -7.4378182 ], [ 109.2441312, -7.4377902 ] ] } },
{ "type": "Feature", "properties": { "name": "Jalan Kampus", "highway": "secondary", "length": 577.99683782430861, "latitude": -7.4023532216622696, "longitude": 109.24778394526352 }, "geometry": { "type": "LineString", "coordinates": [ [ 109.2503811, -7.4021963 ], [ 109.2499137, -7.4022987 ], [ 109.2498473, -7.4023106 ], [ 109.2496321, -7.4023239 ], [ 109.249453, -7.4023199 ], [ 109.2492679, -7.4023193 ], [ 109.2491362, -7.4023118 ], [ 109.2490505, -7.4023042 ], [ 109.2488845, -7.4022898 ], [ 109.2484291, -7.4022574 ], [ 109.2482534, -7.4022475 ], [ 109.247786, -7.4022222 ], [ 109.2477237, -7.4022229 ], [ 109.2476499, -7.4022295 ], [ 109.2473477, -7.4022697 ], [ 109.2469834, -7.4023346 ], [ 109.246951, -7.4023402 ], [ 109.2467882, -7.4023678 ], [ 109.2465924, -7.4024051 ], [ 109.2464657, -7.4024225 ], [ 109.246192, -7.4024648 ], [ 109.2458418, -7.4025406 ], [ 109.2456763, -7.4025827 ], [ 109.2452042, -7.4027028 ] ] } },
{ "type": "Feature", "properties": { "name": "Jalan Profesor Dokter Soeparno", "highway": "secondary", "length": 351.98491319726958, "latitude": -7.4036346747576678, "longitude": 109.25097424305582 }, "geometry": { "type": "LineString", "coordinates": [ [ 109.2503811, -7.4021963 ], [ 109.2504966, -7.4026948 ], [ 109.2505174, -7.4028247 ], [ 109.25058, -7.4031002 ], [ 109.2505956, -7.4031571 ], [ 109.2506164, -7.4032289 ], [ 109.2506458, -7.4032948 ], [ 109.2506875, -7.4033639 ], [ 109.2507231, -7.4034217 ], [ 109.2508989, -7.4036491 ], [ 109.2510073, -7.4037911 ], [ 109.2513362, -7.4042489 ], [ 109.2513529, -7.4042722 ], [ 109.2517349, -7.4048628 ], [ 109.2517899, -7.4049798 ] ] } },
{ "type": "Feature", "properties": { "name": "Jalan Gunung Galunggung", "highway": "secondary", "length": 1086.6731960313425, "latitude": -7.3978027958075359, "longitude": 109.25003371823136 }, "geometry": { "type": "LineString", "coordinates": [ [ 109.2503811, -7.4021963 ], [ 109.2506848, -7.4021313 ], [ 109.2507157, -7.4021165 ], [ 109.2507426, -7.4020955 ], [ 109.2507573, -7.4020752 ], [ 109.2507566, -7.4020055 ], [ 109.2507413, -7.4018698 ], [ 109.2507264, -7.4017567 ], [ 109.2507102, -7.4016419 ], [ 109.2506922, -7.4015302 ], [ 109.2506929, -7.4014515 ], [ 109.2506976, -7.4013731 ], [ 109.250707, -7.4012835 ], [ 109.2507351, -7.4010938 ], [ 109.2507509, -7.4009249 ], [ 109.2507567, -7.4008918 ], [ 109.2508029, -7.4005693 ], [ 109.2508799, -7.4001346 ], [ 109.2508947, -7.3998808 ], [ 109.2508954, -7.3997801 ], [ 109.2508986, -7.3996557 ], [ 109.2508766, -7.3994433 ], [ 109.2508491, -7.3991609 ], [ 109.2508256, -7.3989499 ], [ 109.2507974, -7.3988139 ], [ 109.2507539, -7.3986833 ], [ 109.2507247, -7.3985935 ], [ 109.2506158, -7.3982523 ], [ 109.2505775, -7.398132 ], [ 109.2505366, -7.3980243 ], [ 109.2505038, -7.3979514 ], [ 109.2504709, -7.3979132 ], [ 109.2503417, -7.3978046 ], [ 109.2501625, -7.3976652 ], [ 109.250084, -7.397591 ], [ 109.2500324, -7.3975388 ], [ 109.2499814, -7.3974819 ], [ 109.2499486, -7.3974291 ], [ 109.2499284, -7.3973852 ], [ 109.2499016, -7.3973141 ], [ 109.2498634, -7.3971946 ], [ 109.249793, -7.3969752 ], [ 109.2497453, -7.3968246 ], [ 109.2496805, -7.3966153 ], [ 109.2496093, -7.3963605 ], [ 109.2494322, -7.3957946 ], [ 109.2492639, -7.3952433 ], [ 109.2490973, -7.3947008 ], [ 109.2488064, -7.3940295 ], [ 109.2486943, -7.3938399 ], [ 109.2486148, -7.3937127 ], [ 109.2483902, -7.3933162 ] ] } },
{ "type": "Feature", "properties": { "name": "Jalan Kampus", "highway": "secondary", "length": 577.9968378243085, "latitude": -7.4023532216622714, "longitude": 109.24778394526354 }, "geometry": { "type": "LineString", "coordinates": [ [ 109.2452042, -7.4027028 ], [ 109.2456763, -7.4025827 ], [ 109.2458418, -7.4025406 ], [ 109.246192, -7.4024648 ], [ 109.2464657, -7.4024225 ], [ 109.2465924, -7.4024051 ], [ 109.2467882, -7.4023678 ], [ 109.246951, -7.4023402 ], [ 109.2469834, -7.4023346 ], [ 109.2473477, -7.4022697 ], [ 109.2476499, -7.4022295 ], [ 109.2477237, -7.4022229 ], [ 109.247786, -7.4022222 ], [ 109.2482534, -7.4022475 ], [ 109.2484291, -7.4022574 ], [ 109.2488845, -7.4022898 ], [ 109.2490505, -7.4023042 ], [ 109.2491362, -7.4023118 ], [ 109.2492679, -7.4023193 ], [ 109.249453, -7.4023199 ], [ 109.2496321, -7.4023239 ], [ 109.2498473, -7.4023106 ], [ 109.2499137, -7.4022987 ], [ 109.2503811, -7.4021963 ] ] } },
{ "type": "Feature", "properties": { "name": "Jalan HR Bunyamin", "highway": "secondary", "length": 876.7136256882211, "latitude": -7.4066390522349597, "longitude": 109.24538749562124 }, "geometry": { "type": "LineString", "coordinates": [ [ 109.2452042, -7.4027028 ], [ 109.2452085, -7.4029098 ], [ 109.245217, -7.4033226 ], [ 109.2452259, -7.4035675 ], [ 109.2452507, -7.4038361 ], [ 109.2452517, -7.403916 ], [ 109.2452657, -7.4042763 ], [ 109.2452814, -7.4046553 ], [ 109.2452953, -7.4048834 ], [ 109.245327, -7.4053102 ], [ 109.2453628, -7.4059785 ], [ 109.2453647, -7.4060061 ], [ 109.2454136, -7.4067446 ], [ 109.2454156, -7.4068084 ], [ 109.2454533, -7.4075175 ], [ 109.2454613, -7.4076607 ], [ 109.2455234, -7.4087716 ], [ 109.2455476, -7.4091462 ], [ 109.2455457, -7.4094137 ], [ 109.245534, -7.4096621 ], [ 109.2454085, -7.4105686 ] ] } },
{ "type": "Feature", "properties": { "name": "Jalan HR Bunyamin", "highway": "secondary", "length": 283.16234180373277, "latitude": -7.4014311142236737, "longitude": 109.24514369455795 }, "geometry": { "type": "LineString", "coordinates": [ [ 109.2452042, -7.4027028 ], [ 109.2451839, -7.4022025 ], [ 109.2451717, -7.4018994 ], [ 109.2451638, -7.4017036 ], [ 109.2451593, -7.4015938 ], [ 109.2451565, -7.4014443 ], [ 109.2451204, -7.4009846 ], [ 109.2451164, -7.4009333 ], [ 109.245104, -7.4007747 ], [ 109.2450852, -7.4004481 ], [ 109.2450728, -7.4002321 ], [ 109.2450687, -7.4001602 ] ] } },
{ "type": "Feature", "properties": { "name": "Jalan Sultan Agung", "highway": "secondary", "length": 67.210239526132625, "latitude": -7.45513525, "longitude": 109.266506 }, "geometry": { "type": "LineString", "coordinates": [ [ 109.2667162, -7.4553541 ], [ 109.2662958, -7.4549164 ] ] } },
{ "type": "Feature", "properties": { "name": "Jalan Sunan Kalijaga", "highway": "tertiary", "length": 1950.9478989363042, "latitude": -7.4466016422470771, "longitude": 109.26683871344324 }, "geometry": { "type": "LineString", "coordinates": [ [ 109.2667162, -7.4553541 ], [ 109.2667162, -7.4552784 ], [ 109.266731, -7.454886 ], [ 109.2667408, -7.4546282 ], [ 109.2667945, -7.4532095 ], [ 109.2668274, -7.4521534 ], [ 109.266879, -7.4504963 ], [ 109.266914, -7.4497802 ], [ 109.2669526, -7.4493174 ], [ 109.2670093, -7.4487874 ], [ 109.2670932, -7.4476189 ], [ 109.2670743, -7.4464806 ], [ 109.2670627, -7.4457851 ], [ 109.267057, -7.4454394 ], [ 109.2670383, -7.4450976 ], [ 109.2670208, -7.4447479 ], [ 109.2670208, -7.4446695 ], [ 109.2670181, -7.4446189 ], [ 109.2670315, -7.4442772 ], [ 109.2670315, -7.4438729 ], [ 109.2670235, -7.443603 ], [ 109.2670222, -7.4435085 ], [ 109.2670181, -7.4431389 ], [ 109.2670208, -7.4428968 ], [ 109.2670275, -7.442587 ], [ 109.2669967, -7.4423237 ], [ 109.2669941, -7.4423085 ], [ 109.266935, -7.4419593 ], [ 109.2668331, -7.4414939 ], [ 109.2667747, -7.4412406 ], [ 109.2666951, -7.4408717 ], [ 109.2666641, -7.4407279 ], [ 109.2666157, -7.4404164 ], [ 109.2665789, -7.4401795 ], [ 109.2664468, -7.4396361 ], [ 109.266424, -7.4395337 ], [ 109.2663719, -7.4393223 ], [ 109.2663681, -7.4393075 ], [ 109.2663127, -7.4390922 ], [ 109.2662832, -7.4389606 ], [ 109.2662443, -7.4387292 ], [ 109.2662202, -7.4385343 ], [ 109.2662034, -7.4384453 ], [ 109.2661846, -7.4383688 ], [ 109.2661478, -7.4382059 ], [ 109.2660686, -7.437922 ] ] } },
{ "type": "Feature", "properties": { "name": "Jalan Menteri Supeno", "highway": "secondary", "length": 933.3494432667635, "latitude": -7.4579902860320404, "longitude": 109.26987011100674 }, "geometry": { "type": "LineString", "coordinates": [ [ 109.2667162, -7.4553541 ], [ 109.2667578, -7.4553948 ], [ 109.2672669, -7.4559176 ], [ 109.2675235, -7.4561812 ], [ 109.2676377, -7.4562917 ], [ 109.2680393, -7.4566951 ], [ 109.2684343, -7.4570909 ], [ 109.2686071, -7.4572624 ], [ 109.2687676, -7.457422 ], [ 109.2690164, -7.4576747 ], [ 109.2693222, -7.4579859 ], [ 109.2696098, -7.458272 ], [ 109.2699923, -7.4586226 ], [ 109.2702294, -7.4588359 ], [ 109.2704568, -7.4589865 ], [ 109.2706213, -7.4590679 ], [ 109.2709054, -7.4592071 ], [ 109.2709906, -7.4592399 ], [ 109.2710382, -7.4592582 ], [ 109.271305, -7.4593143 ], [ 109.271442, -7.4593431 ], [ 109.2716279, -7.4593691 ], [ 109.2718884, -7.4593914 ], [ 109.2721237, -7.4593933 ], [ 109.2722418, -7.4593902 ], [ 109.2723161, -7.4593797 ], [ 109.272581, -7.4593422 ], [ 109.2730071, -7.4592331 ], [ 109.2735668, -7.4590736 ] ] } },
{ "type": "Feature", "properties": { "name": "Jalan Protokol", "highway": "tertiary", "length": 2896.1887308770556, "latitude": -7.4577343276183177, "longitude": 109.2591610642652 }, "geometry": { "type": "LineString", "coordinates": [ [ 109.2667162, -7.4553541 ], [ 109.2667171, -7.455468 ], [ 109.2667127, -7.4555168 ], [ 109.2667127, -7.4555883 ], [ 109.2667154, -7.4556654 ], [ 109.2667365, -7.4560364 ], [ 109.2667365, -7.4562824 ], [ 109.2667378, -7.4565112 ], [ 109.2667298, -7.4567213 ], [ 109.266703, -7.4569473 ], [ 109.2666859, -7.457036 ], [ 109.2666534, -7.457204 ], [ 109.2666252, -7.457418 ], [ 109.2666134, -7.4576175 ], [ 109.2666097, -7.4577861 ], [ 109.2666108, -7.4578609 ], [ 109.2666148, -7.4579118 ], [ 109.2666289, -7.4579586 ], [ 109.2667, -7.4580812 ], [ 109.2668424, -7.4582695 ], [ 109.2668635, -7.4582964 ], [ 109.2668961, -7.4583728 ], [ 109.2669095, -7.4584234 ], [ 109.2669082, -7.4584739 ], [ 109.2668988, -7.4585484 ], [ 109.2667625, -7.4591816 ], [ 109.2667084, -7.4594531 ], [ 109.2666886, -7.4595527 ], [ 109.2666448, -7.4597999 ], [ 109.2666366, -7.4598462 ], [ 109.2665863, -7.4602326 ], [ 109.2665813, -7.4602669 ], [ 109.2665779, -7.4602936 ], [ 109.2665756, -7.4603125 ], [ 109.2665748, -7.4603346 ], [ 109.2665443, -7.4603319 ], [ 109.2665092, -7.4603282 ], [ 109.2664817, -7.4603236 ], [ 109.2654692, -7.460184 ], [ 109.2647062, -7.4600887 ], [ 109.2643659, -7.4600462 ], [ 109.2642016, -7.4600257 ], [ 109.2639338, -7.4599923 ], [ 109.2638673, -7.4599838 ], [ 109.2632483, -7.4599047 ], [ 109.2631101, -7.4598847 ], [ 109.2627548, -7.4598382 ], [ 109.2624407, -7.4597956 ], [ 109.262397, -7.4597918 ], [ 109.2619044, -7.459725 ], [ 109.2615624, -7.4596822 ], [ 109.2615156, -7.4596768 ], [ 109.2614011, -7.4596601 ], [ 109.2606398, -7.4595643 ], [ 109.2604588, -7.459547 ], [ 109.2604244, -7.4595418 ], [ 109.2599711, -7.4594731 ], [ 109.2598271, -7.4594513 ], [ 109.2596662, -7.4594273 ], [ 109.2595643, -7.4593954 ], [ 109.2594811, -7.4593462 ], [ 109.2593786, -7.4592588 ], [ 109.2591958, -7.4590679 ], [ 109.259111, -7.4590231 ], [ 109.2590037, -7.4589845 ], [ 109.2589071, -7.4589579 ], [ 109.2583385, -7.4588741 ], [ 109.2582355, -7.4588625 ], [ 109.2580797, -7.4588449 ], [ 109.2573568, -7.4587917 ], [ 109.2569089, -7.4587545 ], [ 109.25676, -7.4587398 ], [ 109.256634, -7.4587186 ], [ 109.25647, -7.4586904 ], [ 109.2562138, -7.4586463 ], [ 109.2561163, -7.4586295 ], [ 109.2556375, -7.4585271 ], [ 109.2554779, -7.4584885 ], [ 109.2541858, -7.4581164 ], [ 109.2541094, -7.4580957 ], [ 109.2535153, -7.4579263 ], [ 109.252661, -7.4576827 ], [ 109.2524411, -7.45762 ], [ 109.2523947, -7.4575577 ], [ 109.2523847, -7.4575091 ], [ 109.2523867, -7.457463 ], [ 109.2524212, -7.4573532 ], [ 109.2526423, -7.4563478 ], [ 109.2526549, -7.4562878 ], [ 109.2527153, -7.4559553 ], [ 109.2527327, -7.4557067 ], [ 109.2527327, -7.4556242 ], [ 109.2527271, -7.4555672 ], [ 109.2525837, -7.4552254 ], [ 109.2525141, -7.4550524 ], [ 109.2524849, -7.4547954 ], [ 109.2524588, -7.4546984 ], [ 109.2524232, -7.4545658 ], [ 109.2523776, -7.4544268 ], [ 109.2523527, -7.4542005 ], [ 109.2523285, -7.453934 ], [ 109.2523347, -7.4536225 ], [ 109.2523545, -7.4535232 ], [ 109.252413, -7.4534043 ], [ 109.2524672, -7.4533117 ], [ 109.2525415, -7.4532002 ], [ 109.2526091, -7.4530619 ], [ 109.2526737, -7.4529181 ], [ 109.2527716, -7.4527006 ], [ 109.2528199, -7.4525538 ], [ 109.2528453, -7.4524328 ], [ 109.2528793, -7.4520443 ], [ 109.2528836, -7.4519943 ], [ 109.252899, -7.4518184 ], [ 109.2529344, -7.4512954 ] ] } },
{ "type": "Feature", "properties": { "name": null, "highway": "tertiary", "length": 476.13716451910057, "latitude": -7.4497902833293406, "longitude": 109.28650680955793 }, "geometry": { "type": "LineString", "coordinates": [ [ 109.2870637, -7.4517639 ], [ 109.2870435, -7.4515897 ], [ 109.2870174, -7.4514421 ], [ 109.2870019, -7.4513543 ], [ 109.2869765, -7.4511668 ], [ 109.2869151, -7.4509021 ], [ 109.2868613, -7.4506006 ], [ 109.2868132, -7.4503968 ], [ 109.2867435, -7.4501282 ], [ 109.2866871, -7.4499394 ], [ 109.2866498, -7.4498394 ], [ 109.2866142, -7.4497437 ], [ 109.2866039, -7.449716 ], [ 109.2865584, -7.449595 ], [ 109.2864877, -7.4494309 ], [ 109.2864698, -7.4493616 ], [ 109.2864323, -7.4491149 ], [ 109.2863988, -7.448942 ], [ 109.2863827, -7.4488769 ], [ 109.2863545, -7.4488396 ], [ 109.2863397, -7.4488295 ], [ 109.286324, -7.4488244 ], [ 109.2862687, -7.448833 ], [ 109.2862043, -7.4488569 ], [ 109.2861289, -7.4488782 ], [ 109.2860618, -7.4488929 ], [ 109.2860085, -7.4488915 ], [ 109.2859629, -7.4488676 ], [ 109.285928, -7.4488064 ], [ 109.2858999, -7.4487353 ], [ 109.2858657, -7.4486123 ], [ 109.2858325, -7.4485172 ], [ 109.2857943, -7.4484008 ], [ 109.2857269, -7.4481867 ], [ 109.2856971, -7.4480996 ], [ 109.2856834, -7.4480627 ] ] } },
{ "type": "Feature", "properties": { "name": "Jalan Makam Kebutuh", "highway": "tertiary", "length": 944.5899952035976, "latitude": -7.4538172658089392, "longitude": 109.28909610484403 }, "geometry": { "type": "LineString", "coordinates": [ [ 109.2870637, -7.4517639 ], [ 109.287124, -7.4517453 ], [ 109.287246, -7.4517253 ], [ 109.2873493, -7.4517 ], [ 109.2873756, -7.4516948 ], [ 109.287423, -7.4516854 ], [ 109.2875293, -7.4516521 ], [ 109.2876377, -7.4515936 ], [ 109.2877047, -7.4515524 ], [ 109.2877546, -7.4515218 ], [ 109.2878569, -7.4514916 ], [ 109.2879075, -7.4514766 ], [ 109.2880792, -7.451442 ], [ 109.2881564, -7.4514283 ], [ 109.2884319, -7.4513916 ], [ 109.2885745, -7.4513766 ], [ 109.2885818, -7.4514248 ], [ 109.2885979, -7.4515099 ], [ 109.2886126, -7.4516322 ], [ 109.288653, -7.4519697 ], [ 109.2887273, -7.4526303 ], [ 109.2889066, -7.4525945 ], [ 109.2891813, -7.4525318 ], [ 109.2892369, -7.4525604 ], [ 109.2893871, -7.4530251 ], [ 109.2894315, -7.4532322 ], [ 109.2896, -7.4539473 ], [ 109.28966, -7.4542212 ], [ 109.2896499, -7.4543822 ], [ 109.2896252, -7.4546335 ], [ 109.2896228, -7.454904 ], [ 109.2896104, -7.4550796 ], [ 109.2896245, -7.4556169 ], [ 109.2897285, -7.4565172 ], [ 109.2897733, -7.4576448 ] ] } },
{ "type": "Feature", "properties": { "name": "Jalan Pramuka", "highway": "tertiary", "length": 686.05166661539761, "latitude": -7.4546824557740194, "longitude": 109.28713397961734 }, "geometry": { "type": "LineString", "coordinates": [ [ 109.2870637, -7.4517639 ], [ 109.2870435, -7.4518715 ], [ 109.2870046, -7.4521389 ], [ 109.2869094, -7.4525046 ], [ 109.2867766, -7.4529381 ], [ 109.2867324, -7.4531083 ], [ 109.2867203, -7.4533423 ], [ 109.286727, -7.4535006 ], [ 109.2867471, -7.4536788 ], [ 109.2867646, -7.4537625 ], [ 109.2867686, -7.4537786 ], [ 109.2867806, -7.45396 ], [ 109.2868122, -7.4540232 ], [ 109.2868592, -7.4540764 ], [ 109.2869852, -7.4541462 ], [ 109.2871205, -7.4542425 ], [ 109.2872038, -7.4543051 ], [ 109.2872192, -7.4543397 ], [ 109.2872338, -7.4544592 ], [ 109.2872809, -7.4551376 ], [ 109.2873145, -7.4555299 ], [ 109.287354, -7.4559432 ], [ 109.2873613, -7.4560512 ], [ 109.2874539, -7.4573649 ], [ 109.2874511, -7.4575205 ], [ 109.2874418, -7.457667 ] ] } },
{ "type": "Feature", "properties": { "name": "Jalan Makam Kebutuh", "highway": "tertiary", "length": 944.5899952035976, "latitude": -7.4538172658089374, "longitude": 109.28909610484399 }, "geometry": { "type": "LineString", "coordinates": [ [ 109.2897733, -7.4576448 ], [ 109.2897285, -7.4565172 ], [ 109.2896245, -7.4556169 ], [ 109.2896104, -7.4550796 ], [ 109.2896228, -7.454904 ], [ 109.2896252, -7.4546335 ], [ 109.2896499, -7.4543822 ], [ 109.28966, -7.4542212 ], [ 109.2896, -7.4539473 ], [ 109.2894315, -7.4532322 ], [ 109.2893871, -7.4530251 ], [ 109.2892369, -7.4525604 ], [ 109.2891813, -7.4525318 ], [ 109.2889066, -7.4525945 ], [ 109.2887273, -7.4526303 ], [ 109.288653, -7.4519697 ], [ 109.2886126, -7.4516322 ], [ 109.2885979, -7.4515099 ], [ 109.2885818, -7.4514248 ], [ 109.2885745, -7.4513766 ], [ 109.2884319, -7.4513916 ], [ 109.2881564, -7.4514283 ], [ 109.2880792, -7.451442 ], [ 109.2879075, -7.4514766 ], [ 109.2878569, -7.4514916 ], [ 109.2877546, -7.4515218 ], [ 109.2877047, -7.4515524 ], [ 109.2876377, -7.4515936 ], [ 109.2875293, -7.4516521 ], [ 109.287423, -7.4516854 ], [ 109.2873756, -7.4516948 ], [ 109.2873493, -7.4517 ], [ 109.287246, -7.4517253 ], [ 109.287124, -7.4517453 ], [ 109.2870637, -7.4517639 ] ] } },
{ "type": "Feature", "properties": { "name": "Jalan Letnan Jenderal Suprapto", "highway": "primary", "length": 265.9025371294295, "latitude": -7.457752497577494, "longitude": 109.3005424368243 }, "geometry": { "type": "LineString", "coordinates": [ [ 109.3016669, -7.4581799 ], [ 109.3016149, -7.4581707 ], [ 109.3015338, -7.4581394 ], [ 109.3014485, -7.458106 ], [ 109.300816, -7.457839 ], [ 109.3005662, -7.4577427 ], [ 109.3003253, -7.4576482 ], [ 109.3000841, -7.4575773 ], [ 109.2999066, -7.4575201 ], [ 109.2998834, -7.4575131 ], [ 109.2994046, -7.4573597 ] ] } },
{ "type": "Feature", "properties": { "name": "Jalan Letnan Jenderal Suprapto", "highway": "primary", "length": 1706.577562188073, "latitude": -7.4531698008327716, "longitude": 109.30749177345668 }, "geometry": { "type": "LineString", "coordinates": [ [ 109.3016669, -7.4581799 ], [ 109.3017034, -7.4581687 ], [ 109.3017551, -7.4581414 ], [ 109.3017926, -7.4581195 ], [ 109.3019274, -7.458039 ], [ 109.3020939, -7.457925 ], [ 109.3022819, -7.4577835 ], [ 109.3024661, -7.4576368 ], [ 109.3026596, -7.4574998 ], [ 109.3028434, -7.4573729 ], [ 109.3030279, -7.4572545 ], [ 109.3033083, -7.4570555 ], [ 109.3036956, -7.456778 ], [ 109.3039353, -7.4566139 ], [ 109.304126, -7.4564551 ], [ 109.3042622, -7.4563453 ], [ 109.3043963, -7.4562265 ], [ 109.3045177, -7.4561148 ], [ 109.3046446, -7.4560048 ], [ 109.3048792, -7.4557689 ], [ 109.3049725, -7.4556764 ], [ 109.3053435, -7.45533 ], [ 109.3053895, -7.4552845 ], [ 109.305593, -7.4550886 ], [ 109.3056559, -7.4550278 ], [ 109.3056814, -7.4550045 ], [ 109.3080425, -7.4527133 ], [ 109.3082623, -7.4525091 ], [ 109.311689, -7.4491442 ], [ 109.3118151, -7.4490259 ], [ 109.3118687, -7.4489753 ], [ 109.3120186, -7.4488148 ], [ 109.3121866, -7.4486356 ], [ 109.3122764, -7.4485451 ], [ 109.3125195, -7.4483134 ], [ 109.312554, -7.4482805 ], [ 109.3127357, -7.4481515 ], [ 109.3128705, -7.4480704 ], [ 109.3131175, -7.4479226 ] ] } },
{ "type": "Feature", "properties": { "name": "Jalan Teuku Umar", "highway": "secondary", "length": 1156.0100584976644, "latitude": -7.4605488677633547, "longitude": 109.30626124973047 }, "geometry": { "type": "LineString", "coordinates": [ [ 109.3016669, -7.4581799 ], [ 109.3017824, -7.458223 ], [ 109.30272, -7.4584644 ], [ 109.3029058, -7.4585122 ], [ 109.3029706, -7.4585289 ], [ 109.3031352, -7.4585598 ], [ 109.30326, -7.4585886 ], [ 109.3034149, -7.4586414 ], [ 109.3035643, -7.4586968 ], [ 109.3039762, -7.4589676 ], [ 109.3039817, -7.4589712 ], [ 109.3040287, -7.4589987 ], [ 109.3050921, -7.4597143 ], [ 109.3063048, -7.4605408 ], [ 109.3065059, -7.4606574 ], [ 109.3070155, -7.4609908 ], [ 109.3074707, -7.4612949 ], [ 109.3076819, -7.461437 ], [ 109.3080758, -7.4617019 ], [ 109.3083698, -7.4618915 ], [ 109.3084213, -7.4619247 ], [ 109.3091107, -7.4623813 ], [ 109.3092297, -7.4624477 ], [ 109.3094852, -7.4626061 ], [ 109.3107006, -7.4632956 ] ] } },
{ "type": "Feature", "properties": { "name": "Jalan Pramuka", "highway": "tertiary", "length": 686.05166661539772, "latitude": -7.4546824557740194, "longitude": 109.28713397961734 }, "geometry": { "type": "LineString", "coordinates": [ [ 109.2874418, -7.457667 ], [ 109.2874511, -7.4575205 ], [ 109.2874539, -7.4573649 ], [ 109.2873613, -7.4560512 ], [ 109.287354, -7.4559432 ], [ 109.2873145, -7.4555299 ], [ 109.2872809, -7.4551376 ], [ 109.2872338, -7.4544592 ], [ 109.2872192, -7.4543397 ], [ 109.2872038, -7.4543051 ], [ 109.2871205, -7.4542425 ], [ 109.2869852, -7.4541462 ], [ 109.2868592, -7.4540764 ], [ 109.2868122, -7.4540232 ], [ 109.2867806, -7.45396 ], [ 109.2867686, -7.4537786 ], [ 109.2867646, -7.4537625 ], [ 109.2867471, -7.4536788 ], [ 109.286727, -7.4535006 ], [ 109.2867203, -7.4533423 ], [ 109.2867324, -7.4531083 ], [ 109.2867766, -7.4529381 ], [ 109.2869094, -7.4525046 ], [ 109.2870046, -7.4521389 ], [ 109.2870435, -7.4518715 ], [ 109.2870637, -7.4517639 ] ] } },
{ "type": "Feature", "properties": { "name": [ "Jalan Jenderal Ahmad Yani", "Jenderal Ahmad Yani" ], "highway": "secondary", "length": 393.5769849030612, "latitude": -7.4180881659922848, "longitude": 109.2302871741016 }, "geometry": { "type": "LineString", "coordinates": [ [ 109.2298123, -7.4197841 ], [ 109.2301222, -7.4188736 ], [ 109.2302181, -7.4185962 ], [ 109.2303719, -7.418158 ], [ 109.2303954, -7.4180827 ], [ 109.2304169, -7.4179775 ], [ 109.2304925, -7.417036 ], [ 109.2305141, -7.4168308 ], [ 109.2305148, -7.4168122 ], [ 109.2305157, -7.4167347 ], [ 109.2305166, -7.4166354 ], [ 109.2305385, -7.4164167 ], [ 109.2305482, -7.4163482 ] ] } },
{ "type": "Feature", "properties": { "name": "Jalan Jenderal Gatot Subroto", "highway": "primary", "length": 194.2011415348118, "latitude": -7.4199895825462292, "longitude": 109.23066819218214 }, "geometry": { "type": "LineString", "coordinates": [ [ 109.2298123, -7.4197841 ], [ 109.2299924, -7.4198274 ], [ 109.2315241, -7.420195 ] ] } },
{ "type": "Feature", "properties": { "name": [ "Jalan Pemuda", "Jalan Jenderal Gatot Subroto" ], "highway": "secondary", "length": 1018.0557663637129, "latitude": -7.4190251083639875, "longitude": 109.22553655705224 }, "geometry": { "type": "LineString", "coordinates": [ [ 109.2298123, -7.4197841 ], [ 109.2296276, -7.4197384 ], [ 109.2284306, -7.4194392 ], [ 109.2279773, -7.4193305 ], [ 109.2277157, -7.4192644 ], [ 109.2269401, -7.4190326 ], [ 109.2256641, -7.4184154 ], [ 109.2251507, -7.4182071 ], [ 109.225008, -7.4181598 ], [ 109.2248938, -7.4181191 ], [ 109.224764, -7.4181551 ], [ 109.224536, -7.4182496 ], [ 109.2244315, -7.4182929 ], [ 109.2241896, -7.4183927 ], [ 109.2240838, -7.4184364 ], [ 109.2236705, -7.4186002 ], [ 109.2235939, -7.4186315 ], [ 109.2235205, -7.4186663 ], [ 109.223456, -7.418691 ], [ 109.2231199, -7.418841 ], [ 109.2230884, -7.4188528 ], [ 109.2228985, -7.4189238 ], [ 109.2225221, -7.4190595 ], [ 109.2224626, -7.419102 ], [ 109.2224076, -7.4191512 ], [ 109.222358, -7.419211 ], [ 109.2223236, -7.4193126 ], [ 109.2223387, -7.4201295 ], [ 109.2223192, -7.4202344 ], [ 109.2222933, -7.4203281 ], [ 109.2222427, -7.4204096 ] ] } },
{ "type": "Feature", "properties": { "name": null, "highway": "tertiary", "length": 519.03007916980528, "latitude": -7.3594937135367129, "longitude": 109.25270705825335 }, "geometry": { "type": "LineString", "coordinates": [ [ 109.2504925, -7.3601975 ], [ 109.2506754, -7.3601366 ], [ 109.2509465, -7.3600729 ], [ 109.2513365, -7.3599423 ], [ 109.2513929, -7.3599145 ], [ 109.2514315, -7.3598906 ], [ 109.251519, -7.359826 ], [ 109.2516571, -7.359721 ], [ 109.2517792, -7.3596511 ], [ 109.251926, -7.3596099 ], [ 109.2527098, -7.359498 ], [ 109.253583, -7.3593279 ], [ 109.2538498, -7.3592322 ], [ 109.2540531, -7.3591273 ], [ 109.2549029, -7.3587206 ] ] } },
{ "type": "Feature", "properties": { "name": "Jalan Brigadir Jenderal Slamet Riyadi", "highway": "tertiary", "length": 710.60154320639526, "latitude": -7.4260063814441715, "longitude": 109.22969395364279 }, "geometry": { "type": "LineString", "coordinates": [ [ 109.2265621, -7.4255728 ], [ 109.227246, -7.4256915 ], [ 109.2273416, -7.4257081 ], [ 109.2278042, -7.4257799 ], [ 109.2281055, -7.4258316 ], [ 109.2281088, -7.4258334 ], [ 109.2289643, -7.4260337 ], [ 109.2293383, -7.4261188 ], [ 109.2296684, -7.4261343 ], [ 109.2299202, -7.426145 ], [ 109.2301368, -7.4261506 ], [ 109.2303336, -7.4261648 ], [ 109.2308906, -7.4262353 ], [ 109.231147, -7.4262591 ], [ 109.2317853, -7.4262985 ], [ 109.2320129, -7.4263108 ], [ 109.232125, -7.4263026 ], [ 109.2321531, -7.426293 ], [ 109.2321676, -7.4262654 ], [ 109.2321781, -7.4260018 ], [ 109.2322111, -7.4256822 ], [ 109.2322358, -7.4255192 ] ] } },
{ "type": "Feature", "properties": { "name": "Jalan Mayor Jenderal Sutoyo", "highway": "secondary", "length": 136.27574041136995, "latitude": -7.4249713103831239, "longitude": 109.2266794382205 }, "geometry": { "type": "LineString", "coordinates": [ [ 109.2265621, -7.4255728 ], [ 109.2266308, -7.4251861 ], [ 109.2267678, -7.4245624 ], [ 109.2267957, -7.4243698 ] ] } },
{ "type": "Feature", "properties": { "name": "Jalan Mayor Jenderal Sutoyo", "highway": "secondary", "length": 1637.0296102539642, "latitude": -7.4321202720522974, "longitude": 109.22357624100927 }, "geometry": { "type": "LineString", "coordinates": [ [ 109.2265621, -7.4255728 ], [ 109.2264897, -7.4258889 ], [ 109.2263077, -7.4267206 ], [ 109.2262864, -7.4268172 ], [ 109.2262231, -7.4271596 ], [ 109.2261396, -7.4275236 ], [ 109.2260844, -7.4277202 ], [ 109.2260544, -7.4278881 ], [ 109.2259706, -7.4282931 ], [ 109.2259504, -7.428391 ], [ 109.2259282, -7.4284979 ], [ 109.2259252, -7.4285127 ], [ 109.2258633, -7.4288362 ], [ 109.2257832, -7.4290799 ], [ 109.2257108, -7.4292927 ], [ 109.2256437, -7.4294649 ], [ 109.2256038, -7.4295407 ], [ 109.22558, -7.4295896 ], [ 109.2255559, -7.4296238 ], [ 109.2253658, -7.4299082 ], [ 109.2253135, -7.4299827 ], [ 109.225304, -7.4299962 ], [ 109.2252848, -7.4300299 ], [ 109.224966, -7.4305064 ], [ 109.2244059, -7.4312955 ], [ 109.2243093, -7.4314484 ], [ 109.2241954, -7.4316146 ], [ 109.2241216, -7.431721 ], [ 109.2240827, -7.4317649 ], [ 109.2240522, -7.4317968 ], [ 109.2240081, -7.4318379 ], [ 109.2236735, -7.4320561 ], [ 109.2233043, -7.4323436 ], [ 109.2231325, -7.432474 ], [ 109.2230926, -7.4325098 ], [ 109.2230349, -7.4325841 ], [ 109.2229367, -7.432723 ], [ 109.2228073, -7.4329298 ], [ 109.2227304, -7.4330573 ], [ 109.2226794, -7.4331576 ], [ 109.2225079, -7.4334812 ], [ 109.2225015, -7.4334937 ], [ 109.2224524, -7.4335909 ], [ 109.2223605, -7.4337716 ], [ 109.2221066, -7.4342722 ], [ 109.2220043, -7.4344783 ], [ 109.2219016, -7.4347006 ], [ 109.2218682, -7.4347634 ], [ 109.2217673, -7.4349623 ], [ 109.221747, -7.4350019 ], [ 109.2216319, -7.4352261 ], [ 109.2215715, -7.4353439 ], [ 109.2213374, -7.4358436 ], [ 109.2212334, -7.4360516 ], [ 109.2209095, -7.4366824 ], [ 109.2208842, -7.4367319 ], [ 109.2205871, -7.4373131 ], [ 109.2199908, -7.4384686 ] ] } },
{ "type": "Feature", "properties": { "name": "Jalan Mayor Jenderal Sutoyo", "highway": "secondary", "length": 4.6426129570758476, "latitude": -7.42434895, "longitude": 109.22679675000001 }, "geometry": { "type": "LineString", "coordinates": [ [ 109.2267957, -7.4243698 ], [ 109.2267978, -7.4243281 ] ] } },
{ "type": "Feature", "properties": { "name": "Jalan Mayor Jenderal Sutoyo", "highway": "secondary", "length": 136.27574041136995, "latitude": -7.4249713103831239, "longitude": 109.22667943822053 }, "geometry": { "type": "LineString", "coordinates": [ [ 109.2267957, -7.4243698 ], [ 109.2267678, -7.4245624 ], [ 109.2266308, -7.4251861 ], [ 109.2265621, -7.4255728 ] ] } },
{ "type": "Feature", "properties": { "name": "Jalan Panglima Besar Sudirman", "highway": "primary", "length": 121.48622842658538, "latitude": -7.424274485534796, "longitude": 109.22625744642265 }, "geometry": { "type": "LineString", "coordinates": [ [ 109.2267957, -7.4243698 ], [ 109.2266761, -7.4243761 ], [ 109.226011, -7.4242249 ], [ 109.225818, -7.4241613 ], [ 109.2257326, -7.4241172 ] ] } },
{ "type": "Feature", "properties": { "name": "Jalan Panglima Besar Sudirman", "highway": "primary", "length": 9.6031916576485212, "latitude": -7.4243467, "longitude": 109.2268371 }, "geometry": { "type": "LineString", "coordinates": [ [ 109.2267978, -7.4243281 ], [ 109.2268764, -7.4243653 ] ] } },
{ "type": "Feature", "properties": { "name": "Jalan Mayor Jenderal Sutoyo", "highway": "secondary", "length": 4.6426129570758476, "latitude": -7.42434895, "longitude": 109.22679675000001 }, "geometry": { "type": "LineString", "coordinates": [ [ 109.2267978, -7.4243281 ], [ 109.2267957, -7.4243698 ] ] } },
{ "type": "Feature", "properties": { "name": "Jalan Jenderal Sudirman", "highway": "primary", "length": 38.061772057156034, "latitude": -7.4237978490714136, "longitude": 109.22365489491618 }, "geometry": { "type": "LineString", "coordinates": [ [ 109.2234843, -7.4237719 ], [ 109.223593, -7.4237888 ], [ 109.2237051, -7.4238063 ], [ 109.2238258, -7.4238216 ] ] } },
{ "type": "Feature", "properties": { "name": null, "highway": "primary", "length": 29.959151141948269, "latitude": -7.4238442783203196, "longitude": 109.22358508044059 }, "geometry": { "type": "LineString", "coordinates": [ [ 109.2234843, -7.4237719 ], [ 109.2235288, -7.4237802 ], [ 109.223569, -7.4238009 ], [ 109.2236014, -7.4238323 ], [ 109.2236232, -7.4238716 ], [ 109.2236325, -7.4239155 ], [ 109.2236285, -7.4239603 ] ] } },
{ "type": "Feature", "properties": { "name": null, "highway": "secondary", "length": 6360.7417852628569, "latitude": -7.3444904122381631, "longitude": 109.18760622471649 }, "geometry": { "type": "LineString", "coordinates": [ [ 109.185251, -7.3635236 ], [ 109.1852235, -7.3634311 ], [ 109.18519, -7.3632815 ], [ 109.1851739, -7.3628812 ], [ 109.1851665, -7.3626677 ], [ 109.1850847, -7.3623691 ], [ 109.1849396, -7.362071 ], [ 109.1848806, -7.3619061 ], [ 109.1843334, -7.3607356 ], [ 109.1838774, -7.3597301 ], [ 109.1836428, -7.3591608 ], [ 109.183618, -7.3591079 ], [ 109.1833678, -7.3585756 ], [ 109.1831962, -7.35815 ], [ 109.1831626, -7.3580058 ], [ 109.1831545, -7.3579616 ], [ 109.1831687, -7.3579144 ], [ 109.1832444, -7.3578468 ], [ 109.1834322, -7.357735 ], [ 109.1836789, -7.357602 ], [ 109.1836923, -7.3575639 ], [ 109.1836897, -7.3575275 ], [ 109.1836521, -7.3573999 ], [ 109.1833426, -7.3566785 ], [ 109.1833215, -7.3565619 ], [ 109.1833037, -7.3564417 ], [ 109.1832808, -7.3563771 ], [ 109.1832501, -7.3563273 ], [ 109.1831575, -7.3562688 ], [ 109.1829054, -7.356173 ], [ 109.1826895, -7.3560467 ], [ 109.182488, -7.3558357 ], [ 109.1822788, -7.3555963 ], [ 109.1821715, -7.3553622 ], [ 109.1821179, -7.3551813 ], [ 109.1820728, -7.3549112 ], [ 109.1820589, -7.3547982 ], [ 109.1820213, -7.3546875 ], [ 109.1819355, -7.354495 ], [ 109.1819141, -7.3544258 ], [ 109.1819125, -7.3543891 ], [ 109.1819301, -7.3543567 ], [ 109.1819574, -7.3543333 ], [ 109.1819892, -7.3543194 ], [ 109.1828179, -7.354088 ], [ 109.1830325, -7.353968 ], [ 109.1831927, -7.3538376 ], [ 109.1833159, -7.3537463 ], [ 109.1833735, -7.3536911 ], [ 109.1834231, -7.3536353 ], [ 109.1834767, -7.353588 ], [ 109.1835371, -7.3535394 ], [ 109.1836253, -7.3534788 ], [ 109.1837275, -7.3534357 ], [ 109.1837971, -7.3533978 ], [ 109.1838683, -7.3533586 ], [ 109.1841242, -7.3531383 ], [ 109.1846344, -7.3528051 ], [ 109.1848278, -7.3526989 ], [ 109.1849633, -7.3525873 ], [ 109.1852341, -7.3524307 ], [ 109.1852747, -7.3523219 ], [ 109.1852933, -7.352253 ], [ 109.1852867, -7.3519646 ], [ 109.1853206, -7.3516985 ], [ 109.1853558, -7.3513203 ], [ 109.1854084, -7.3508555 ], [ 109.1854118, -7.3507309 ], [ 109.1854625, -7.350609 ], [ 109.1855481, -7.3503994 ], [ 109.1856239, -7.3502458 ], [ 109.1856799, -7.3501561 ], [ 109.1857571, -7.3499983 ], [ 109.1857818, -7.3499487 ], [ 109.1858315, -7.349873 ], [ 109.1858971, -7.3497633 ], [ 109.1858993, -7.3497062 ], [ 109.1859002, -7.3496829 ], [ 109.1859606, -7.3495419 ], [ 109.1861107, -7.3493374 ], [ 109.1862227, -7.3491135 ], [ 109.1862939, -7.3489336 ], [ 109.1863746, -7.3487616 ], [ 109.1864069, -7.3486953 ], [ 109.1864345, -7.3486386 ], [ 109.186478, -7.3485525 ], [ 109.1866413, -7.3481494 ], [ 109.186797, -7.3477339 ], [ 109.1869397, -7.3474475 ], [ 109.1869952, -7.3473618 ], [ 109.1870228, -7.3473257 ], [ 109.1870685, -7.3472617 ], [ 109.1871257, -7.347225 ], [ 109.1871842, -7.3471951 ], [ 109.1872933, -7.3471532 ], [ 109.1873801, -7.3471149 ], [ 109.1874703, -7.3470513 ], [ 109.1876461, -7.3468663 ], [ 109.1876962, -7.3467683 ], [ 109.1877477, -7.3466675 ], [ 109.1877973, -7.3465871 ], [ 109.1878964, -7.3464182 ], [ 109.1879818, -7.3462784 ], [ 109.1880612, -7.3461902 ], [ 109.1881363, -7.346115 ], [ 109.1882935, -7.3459965 ], [ 109.1884087, -7.3459166 ], [ 109.1884717, -7.345843 ], [ 109.1885321, -7.3457464 ], [ 109.1885749, -7.3456627 ], [ 109.1886152, -7.3455628 ], [ 109.1886394, -7.3454724 ], [ 109.188638, -7.3454206 ], [ 109.1886266, -7.3453694 ], [ 109.1885132, -7.3450828 ], [ 109.1884851, -7.344993 ], [ 109.1884703, -7.3449445 ], [ 109.1884571, -7.3448632 ], [ 109.1884571, -7.3447701 ], [ 109.1884785, -7.3446849 ], [ 109.1885059, -7.344572 ], [ 109.1885132, -7.3445215 ], [ 109.1885133, -7.3444535 ], [ 109.1884911, -7.3443539 ], [ 109.1884356, -7.3442301 ], [ 109.1883958, -7.344143 ], [ 109.1883444, -7.3440625 ], [ 109.1881647, -7.3439375 ], [ 109.1880627, -7.3438789 ], [ 109.187952, -7.3438451 ], [ 109.1877669, -7.3438285 ], [ 109.1877052, -7.3438072 ], [ 109.1876066, -7.3437274 ], [ 109.187478, -7.343565 ], [ 109.1874002, -7.3435092 ], [ 109.1873037, -7.3434586 ], [ 109.1872325, -7.3433942 ], [ 109.1871648, -7.3433244 ], [ 109.1871238, -7.3432725 ], [ 109.1870861, -7.3432073 ], [ 109.1870447, -7.3431355 ], [ 109.1869872, -7.343041 ], [ 109.1869663, -7.3429925 ], [ 109.1869579, -7.342931 ], [ 109.1869529, -7.3428871 ], [ 109.1869448, -7.3428456 ], [ 109.1869282, -7.3428095 ], [ 109.1868952, -7.3427737 ], [ 109.186837, -7.3427244 ], [ 109.1867485, -7.3426871 ], [ 109.1865438, -7.3426587 ], [ 109.1865093, -7.3426414 ], [ 109.1864939, -7.3426248 ], [ 109.1864838, -7.3426015 ], [ 109.1864794, -7.3425662 ], [ 109.1864841, -7.3424891 ], [ 109.1866229, -7.341971 ], [ 109.1866216, -7.3419112 ], [ 109.1866035, -7.341856 ], [ 109.18657, -7.3418314 ], [ 109.1862273, -7.341723 ], [ 109.185884, -7.3415806 ], [ 109.1857687, -7.3414942 ], [ 109.1856533, -7.3413279 ], [ 109.1855729, -7.3412508 ], [ 109.1854776, -7.3412175 ], [ 109.1853563, -7.3411969 ], [ 109.1852438, -7.3411735 ], [ 109.1851591, -7.3411464 ], [ 109.1850901, -7.3411124 ], [ 109.1850418, -7.3410699 ], [ 109.1850136, -7.3410127 ], [ 109.1849811, -7.3409053 ], [ 109.1849694, -7.3408664 ], [ 109.1848674, -7.3403875 ], [ 109.1847883, -7.3400138 ], [ 109.1847548, -7.3397065 ], [ 109.1847574, -7.3389264 ], [ 109.1847615, -7.3387342 ], [ 109.184802, -7.3385438 ], [ 109.1849224, -7.3383434 ], [ 109.1850415, -7.3381312 ], [ 109.185073, -7.3380998 ], [ 109.1852659, -7.3379876 ], [ 109.1853891, -7.3378922 ], [ 109.1854769, -7.337808 ], [ 109.1857641, -7.3374715 ], [ 109.1859075, -7.3372667 ], [ 109.1859189, -7.3372238 ], [ 109.1859205, -7.3371959 ], [ 109.1859156, -7.3371596 ], [ 109.1858908, -7.3371037 ], [ 109.1858541, -7.3370362 ], [ 109.1858135, -7.3369823 ], [ 109.185526, -7.3366384 ], [ 109.1854955, -7.3365821 ], [ 109.1854736, -7.3365259 ], [ 109.1854636, -7.336451 ], [ 109.1854679, -7.3363719 ], [ 109.1855352, -7.3360039 ], [ 109.1855412, -7.3359456 ], [ 109.1855331, -7.3358844 ], [ 109.1855083, -7.3357706 ], [ 109.1854508, -7.3355645 ], [ 109.1854441, -7.3354927 ], [ 109.1854548, -7.3354115 ], [ 109.1854683, -7.3353504 ], [ 109.1855206, -7.3352346 ], [ 109.1855652, -7.3351502 ], [ 109.1857506, -7.334846 ], [ 109.1857982, -7.3347185 ], [ 109.1858224, -7.3345902 ], [ 109.1858169, -7.3344339 ], [ 109.1857941, -7.3343661 ], [ 109.1857578, -7.3342064 ], [ 109.1857137, -7.3339803 ], [ 109.1856956, -7.3339007 ], [ 109.1856867, -7.333495 ], [ 109.1856986, -7.3332128 ], [ 109.1857056, -7.333133 ], [ 109.1857312, -7.3330629 ], [ 109.1858263, -7.3329308 ], [ 109.1859209, -7.332816 ], [ 109.1861115, -7.3326024 ], [ 109.1862702, -7.3324254 ], [ 109.186424, -7.3322438 ], [ 109.1865165, -7.3320812 ], [ 109.1865534, -7.3320381 ], [ 109.1866077, -7.3320052 ], [ 109.186655, -7.3319964 ], [ 109.1866953, -7.331998 ], [ 109.1868741, -7.3321283 ], [ 109.1869529, -7.332194 ], [ 109.1869864, -7.3322159 ], [ 109.1870427, -7.3322245 ], [ 109.18725, -7.3322332 ], [ 109.1875382, -7.332226 ], [ 109.1876449, -7.3322073 ], [ 109.187717, -7.3321826 ], [ 109.1878265, -7.3321355 ], [ 109.1879323, -7.3321319 ], [ 109.188019, -7.3321873 ], [ 109.1880746, -7.3322694 ], [ 109.188133, -7.3324504 ], [ 109.1883082, -7.3328232 ], [ 109.1883717, -7.3328763 ], [ 109.188479, -7.3329003 ], [ 109.1885769, -7.3328923 ], [ 109.1886923, -7.3328737 ], [ 109.1888143, -7.3328776 ], [ 109.1890489, -7.33291 ], [ 109.1892676, -7.3329322 ], [ 109.1894017, -7.3329761 ], [ 109.1896203, -7.3331024 ], [ 109.1900013, -7.3334276 ], [ 109.1903148, -7.3336702 ], [ 109.1904315, -7.33376 ], [ 109.1907737, -7.3339644 ], [ 109.1910598, -7.3341145 ], [ 109.1912397, -7.3341898 ], [ 109.1913027, -7.3342178 ], [ 109.1913973, -7.3343016 ], [ 109.1914704, -7.3343694 ], [ 109.1915341, -7.3344219 ], [ 109.1916199, -7.3344711 ], [ 109.1916984, -7.3344904 ], [ 109.1917889, -7.3344984 ], [ 109.1918613, -7.3345064 ], [ 109.1919619, -7.334529 ], [ 109.192033, -7.3345576 ], [ 109.1921054, -7.3345995 ], [ 109.1921529, -7.3346367 ], [ 109.1921858, -7.3346893 ], [ 109.1922753, -7.3348908 ], [ 109.1922945, -7.334934 ], [ 109.1925064, -7.3352872 ], [ 109.1925292, -7.3353414 ], [ 109.1925855, -7.3355199 ], [ 109.1926733, -7.3357441 ], [ 109.1927518, -7.3358778 ], [ 109.1928256, -7.3359609 ], [ 109.1929067, -7.3360846 ], [ 109.1929235, -7.3361331 ], [ 109.1929248, -7.336191 ], [ 109.1929295, -7.3363307 ], [ 109.1929188, -7.336453 ], [ 109.1929154, -7.3365408 ], [ 109.1928953, -7.3368656 ], [ 109.1928953, -7.3369292 ], [ 109.1929275, -7.3369957 ], [ 109.1931193, -7.337303 ], [ 109.193185, -7.3374387 ], [ 109.1932467, -7.3375892 ], [ 109.1933781, -7.3380465 ], [ 109.1936008, -7.3386321 ], [ 109.1937081, -7.3388714 ], [ 109.1938072, -7.3391372 ], [ 109.1938663, -7.3393606 ], [ 109.1939381, -7.3396813 ], [ 109.1939763, -7.3398611 ], [ 109.1940258, -7.3400071 ], [ 109.1940808, -7.3401534 ], [ 109.1941479, -7.3403292 ], [ 109.1943223, -7.3406961 ], [ 109.1944604, -7.3409063 ], [ 109.19451, -7.3409688 ], [ 109.1946227, -7.3410898 ], [ 109.1948122, -7.3412586 ], [ 109.1949231, -7.3413904 ], [ 109.1950572, -7.34155 ], [ 109.1951484, -7.3417336 ], [ 109.1952355, -7.341973 ], [ 109.195312, -7.3421964 ], [ 109.1953844, -7.3423454 ], [ 109.1954836, -7.3424971 ], [ 109.1955936, -7.3426141 ], [ 109.1956419, -7.3426647 ], [ 109.1957264, -7.3427285 ], [ 109.1958927, -7.3428249 ], [ 109.1960308, -7.3429097 ], [ 109.1967483, -7.343369 ], [ 109.1967785, -7.3433969 ], [ 109.1968153, -7.3434528 ], [ 109.1968516, -7.3435632 ], [ 109.1968998, -7.3437055 ], [ 109.1969334, -7.3437673 ], [ 109.1969749, -7.3438245 ], [ 109.1972405, -7.3440613 ], [ 109.1973343, -7.3441344 ], [ 109.1974135, -7.3441704 ], [ 109.1974966, -7.3441983 ], [ 109.1976656, -7.3442262 ] ] } },
{ "type": "Feature", "properties": { "name": null, "highway": "secondary", "length": 3645.9890769151211, "latitude": -7.3657253919136121, "longitude": 109.19647560458488 }, "geometry": { "type": "LineString", "coordinates": [ [ 109.185251, -7.3635236 ], [ 109.1853415, -7.363505 ], [ 109.1855917, -7.3634298 ], [ 109.1858834, -7.3633357 ], [ 109.1859628, -7.3633141 ], [ 109.1863091, -7.3632197 ], [ 109.1867148, -7.363094 ], [ 109.1872613, -7.3629444 ], [ 109.1873485, -7.3629098 ], [ 109.1874786, -7.3628732 ], [ 109.1883154, -7.3626112 ], [ 109.188526, -7.3625034 ], [ 109.1886225, -7.3624536 ], [ 109.1886795, -7.362417 ], [ 109.1887157, -7.3623691 ], [ 109.1887392, -7.3623245 ], [ 109.1887721, -7.3622228 ], [ 109.1888029, -7.3620745 ], [ 109.1888271, -7.3619987 ], [ 109.188874, -7.3619435 ], [ 109.1889256, -7.3618743 ], [ 109.1889645, -7.3618404 ], [ 109.1889873, -7.3618052 ], [ 109.1890215, -7.3617466 ], [ 109.1890537, -7.3616489 ], [ 109.1890678, -7.3615491 ], [ 109.1890892, -7.3615165 ], [ 109.189114, -7.3614833 ], [ 109.1892401, -7.3614101 ], [ 109.1895694, -7.3612685 ], [ 109.19013, -7.3610546 ], [ 109.1905565, -7.3608408 ], [ 109.1908355, -7.3607125 ], [ 109.1912294, -7.3605244 ], [ 109.1916416, -7.360319 ], [ 109.192421, -7.3599425 ], [ 109.1927505, -7.3598014 ], [ 109.1929311, -7.3597351 ], [ 109.1930508, -7.3597034 ], [ 109.1932011, -7.3596897 ], [ 109.1933556, -7.3596962 ], [ 109.1936666, -7.3597515 ], [ 109.193926, -7.3597875 ], [ 109.1941225, -7.3598071 ], [ 109.1942884, -7.3598169 ], [ 109.1944478, -7.359828 ], [ 109.1946436, -7.3598565 ], [ 109.1948604, -7.3598876 ], [ 109.194949, -7.3599052 ], [ 109.1950434, -7.3599406 ], [ 109.195069, -7.3599573 ], [ 109.1953413, -7.3601039 ], [ 109.195408, -7.3601263 ], [ 109.1954954, -7.3601506 ], [ 109.1956411, -7.3601464 ], [ 109.195727, -7.3601406 ], [ 109.1957889, -7.3601517 ], [ 109.1958555, -7.3601908 ], [ 109.1959287, -7.3602397 ], [ 109.1960106, -7.3604585 ], [ 109.1961745, -7.3606928 ], [ 109.1962581, -7.3608075 ], [ 109.1963661, -7.3608655 ], [ 109.1965605, -7.3609293 ], [ 109.1968247, -7.3609932 ], [ 109.197101, -7.3611195 ], [ 109.1972727, -7.3612326 ], [ 109.1974175, -7.3613656 ], [ 109.1975194, -7.3615638 ], [ 109.1975208, -7.3618524 ], [ 109.1974778, -7.3620319 ], [ 109.1973947, -7.3621915 ], [ 109.1973451, -7.3623365 ], [ 109.1973504, -7.3624921 ], [ 109.197396, -7.3626265 ], [ 109.1974665, -7.3627152 ], [ 109.1975259, -7.3627486 ], [ 109.1976272, -7.3628012 ], [ 109.1977734, -7.3628299 ], [ 109.1983181, -7.3628953 ], [ 109.1984821, -7.3629494 ], [ 109.1985961, -7.3629941 ], [ 109.1989786, -7.3632076 ], [ 109.1992759, -7.3633781 ], [ 109.1993739, -7.3634435 ], [ 109.199541, -7.3636268 ], [ 109.1998351, -7.3639965 ], [ 109.1999717, -7.3641782 ], [ 109.200367, -7.3646085 ], [ 109.2004822, -7.364728 ], [ 109.2004887, -7.3647596 ], [ 109.2005047, -7.364837 ], [ 109.200536, -7.3650207 ], [ 109.2005413, -7.3657097 ], [ 109.2005445, -7.3658037 ], [ 109.2005204, -7.3658866 ], [ 109.2003975, -7.3660643 ], [ 109.2002914, -7.3661806 ], [ 109.2002264, -7.3662563 ], [ 109.2001926, -7.3663161 ], [ 109.2001554, -7.3664648 ], [ 109.2000874, -7.3667368 ], [ 109.2000665, -7.3668275 ], [ 109.2000223, -7.3670197 ], [ 109.2000138, -7.3670971 ], [ 109.2000102, -7.3671296 ], [ 109.200007, -7.3672149 ], [ 109.2000126, -7.3672778 ], [ 109.2000271, -7.3673496 ], [ 109.200048, -7.3674029 ], [ 109.2000986, -7.3674874 ], [ 109.2002392, -7.3676595 ], [ 109.2004023, -7.367897 ], [ 109.2004666, -7.3680348 ], [ 109.2005092, -7.3681775 ], [ 109.200612, -7.3685432 ], [ 109.2006652, -7.3687148 ], [ 109.2007163, -7.3690306 ], [ 109.2007436, -7.369169 ], [ 109.2007554, -7.3694681 ], [ 109.2007744, -7.3700104 ], [ 109.200777, -7.3700654 ], [ 109.2007814, -7.370468 ], [ 109.2007673, -7.3706448 ], [ 109.2007928, -7.3711018 ], [ 109.2008062, -7.3714416 ], [ 109.200852, -7.3718064 ], [ 109.2008739, -7.3723777 ], [ 109.2009047, -7.372488 ], [ 109.2009157, -7.372526 ], [ 109.2009414, -7.3726293 ], [ 109.2009792, -7.3727297 ], [ 109.2011608, -7.3731911 ], [ 109.2012307, -7.3733927 ], [ 109.2012773, -7.3735496 ], [ 109.2013335, -7.3738405 ], [ 109.2013898, -7.3743815 ], [ 109.2014111, -7.3747349 ], [ 109.201476, -7.3756133 ], [ 109.2015009, -7.375752 ], [ 109.201524, -7.3759752 ], [ 109.2015079, -7.3762787 ], [ 109.2015039, -7.3763225 ], [ 109.2014484, -7.3763743 ], [ 109.2012798, -7.3764498 ], [ 109.2012596, -7.3764588 ], [ 109.2010774, -7.376511 ], [ 109.2009544, -7.3767857 ], [ 109.2008375, -7.3770659 ], [ 109.2005968, -7.377607 ], [ 109.2005587, -7.377704 ] ] } },
{ "type": "Feature", "properties": { "name": null, "highway": "tertiary", "length": 304.20843339559042, "latitude": -7.3633015861624793, "longitude": 109.18401521925004 }, "geometry": { "type": "LineString", "coordinates": [ [ 109.185251, -7.3635236 ], [ 109.1849678, -7.3635985 ], [ 109.1847964, -7.3636526 ], [ 109.1845825, -7.3636726 ], [ 109.1844631, -7.3636446 ], [ 109.1843578, -7.3635941 ], [ 109.1842619, -7.363499 ], [ 109.1841801, -7.3634092 ], [ 109.184101, -7.3633474 ], [ 109.1840508, -7.3633213 ], [ 109.1840004, -7.3633114 ], [ 109.1839099, -7.3633176 ], [ 109.1838241, -7.3633121 ], [ 109.183635, -7.3632483 ], [ 109.1834633, -7.3631299 ], [ 109.1833211, -7.3629197 ], [ 109.1832238, -7.3628252 ], [ 109.1830623, -7.3627768 ], [ 109.1828437, -7.3627638 ] ] } },
{ "type": "Feature", "properties": { "name": null, "highway": "secondary_link", "length": 10.707975920747144, "latitude": -7.4138678, "longitude": 109.2306906 }, "geometry": { "type": "LineString", "coordinates": [ [ 109.2307391, -7.4138701 ], [ 109.2306421, -7.4138655 ] ] } },
{ "type": "Feature", "properties": { "name": "Jenderal Ahmad Yani", "highway": "secondary", "length": 258.37067934088617, "latitude": -7.4150305784303434, "longitude": 109.23068447659718 }, "geometry": { "type": "LineString", "coordinates": [ [ 109.2307391, -7.4138701 ], [ 109.2307031, -7.4147716 ], [ 109.230702, -7.4148011 ], [ 109.2306377, -7.4158735 ], [ 109.2306307, -7.4159913 ], [ 109.2306187, -7.4161905 ] ] } },
{ "type": "Feature", "properties": { "name": "Jenderal Ahmad Yani", "highway": "secondary", "length": 94.065320297128352, "latitude": -7.41344295, "longitude": 109.2306612 }, "geometry": { "type": "LineString", "coordinates": [ [ 109.2306421, -7.4138655 ], [ 109.2306803, -7.4130204 ] ] } },
{ "type": "Feature", "properties": { "name": null, "highway": "secondary_link", "length": 10.707975920747144, "latitude": -7.4138678, "longitude": 109.2306906 }, "geometry": { "type": "LineString", "coordinates": [ [ 109.2306421, -7.4138655 ], [ 109.2307391, -7.4138701 ] ] } },
{ "type": "Feature", "properties": { "name": null, "highway": "secondary_link", "length": 10.266603858864084, "latitude": -7.413021, "longitude": 109.23072685 }, "geometry": { "type": "LineString", "coordinates": [ [ 109.2307734, -7.4130216 ], [ 109.2306803, -7.4130204 ] ] } },
{ "type": "Feature", "properties": { "name": "Jenderal Ahmad Yani", "highway": "secondary", "length": 94.424900099590616, "latitude": -7.4134458374349483, "longitude": 109.23075594117974 }, "geometry": { "type": "LineString", "coordinates": [ [ 109.2307734, -7.4130216 ], [ 109.230768, -7.413149 ], [ 109.2307582, -7.4133827 ], [ 109.2307391, -7.4138701 ] ] } },
{ "type": "Feature", "properties": { "name": null, "highway": "secondary_link", "length": 10.266603858864084, "latitude": -7.413021, "longitude": 109.23072685 }, "geometry": { "type": "LineString", "coordinates": [ [ 109.2306803, -7.4130204 ], [ 109.2307734, -7.4130216 ] ] } },
{ "type": "Feature", "properties": { "name": "Jenderal Ahmad Yani", "highway": "secondary", "length": 348.88076019790839, "latitude": -7.4114532721035093, "longitude": 109.23075223007453 }, "geometry": { "type": "LineString", "coordinates": [ [ 109.2306803, -7.4130204 ], [ 109.2307091, -7.4123841 ], [ 109.2307142, -7.4122717 ], [ 109.2307414, -7.4116706 ], [ 109.2307864, -7.410679 ], [ 109.2308111, -7.4101335 ], [ 109.2308461, -7.4098882 ] ] } },
{ "type": "Feature", "properties": { "name": "Doktor Angka", "highway": "tertiary", "length": 8.848340339954877, "latitude": -7.41619185, "longitude": 109.2305786 }, "geometry": { "type": "LineString", "coordinates": [ [ 109.2305385, -7.4161932 ], [ 109.2306187, -7.4161905 ] ] } },
{ "type": "Feature", "properties": { "name": "Jenderal Ahmad Yani", "highway": "secondary", "length": 259.11230858569888, "latitude": -7.4150293552411837, "longitude": 109.23058886465608 }, "geometry": { "type": "LineString", "coordinates": [ [ 109.2305385, -7.4161932 ], [ 109.2305444, -7.415986 ], [ 109.2305435, -7.4158821 ], [ 109.2305753, -7.4152684 ], [ 109.2306054, -7.4147931 ], [ 109.2306235, -7.4143184 ], [ 109.230634, -7.4140439 ], [ 109.2306421, -7.4138655 ] ] } },
{ "type": "Feature", "properties": { "name": "Jalan Raya Kedungbanteng", "highway": "secondary", "length": 1067.3930051399543, "latitude": -7.3819383901327864, "longitude": 109.19982956341701 }, "geometry": { "type": "LineString", "coordinates": [ [ 109.2005587, -7.377704 ], [ 109.2003878, -7.378102 ], [ 109.2002723, -7.3784632 ], [ 109.2001833, -7.3787649 ], [ 109.2000868, -7.3791141 ], [ 109.2000226, -7.3792948 ], [ 109.1998989, -7.3796167 ], [ 109.199741, -7.3801703 ], [ 109.199664, -7.3804178 ], [ 109.1995821, -7.3808527 ], [ 109.1995408, -7.3809598 ], [ 109.1994872, -7.3812287 ], [ 109.1994871, -7.3812679 ], [ 109.1994667, -7.3813426 ], [ 109.1994492, -7.381391 ], [ 109.1994122, -7.3815427 ], [ 109.1993491, -7.381802 ], [ 109.1993361, -7.3818914 ], [ 109.1992815, -7.3821599 ], [ 109.199255, -7.3822468 ], [ 109.1991891, -7.3823854 ], [ 109.1991136, -7.3825113 ], [ 109.1989309, -7.3827953 ], [ 109.1988686, -7.3828866 ], [ 109.1988392, -7.3829555 ], [ 109.1988565, -7.3830263 ], [ 109.1988851, -7.3831449 ], [ 109.1988853, -7.3831836 ], [ 109.1988839, -7.3832211 ], [ 109.1990611, -7.3841323 ], [ 109.1990851, -7.3841943 ], [ 109.1991103, -7.3842236 ], [ 109.1991478, -7.3842557 ], [ 109.1992266, -7.3842745 ], [ 109.1992911, -7.384279 ], [ 109.1996419, -7.3842534 ], [ 109.1999986, -7.3842029 ], [ 109.200156, -7.3841888 ], [ 109.2002097, -7.3841927 ], [ 109.2004318, -7.3842667 ], [ 109.2005377, -7.3842903 ], [ 109.2006144, -7.3843242 ], [ 109.2010514, -7.3844618 ], [ 109.2010626, -7.3844653 ], [ 109.2017758, -7.3846788 ] ] } },
{ "type": "Feature", "properties": { "name": null, "highway": "secondary", "length": 3645.9890769151207, "latitude": -7.3657253919136085, "longitude": 109.19647560458488 }, "geometry": { "type": "LineString", "coordinates": [ [ 109.2005587, -7.377704 ], [ 109.2005968, -7.377607 ], [ 109.2008375, -7.3770659 ], [ 109.2009544, -7.3767857 ], [ 109.2010774, -7.376511 ], [ 109.2012596, -7.3764588 ], [ 109.2012798, -7.3764498 ], [ 109.2014484, -7.3763743 ], [ 109.2015039, -7.3763225 ], [ 109.2015079, -7.3762787 ], [ 109.201524, -7.3759752 ], [ 109.2015009, -7.375752 ], [ 109.201476, -7.3756133 ], [ 109.2014111, -7.3747349 ], [ 109.2013898, -7.3743815 ], [ 109.2013335, -7.3738405 ], [ 109.2012773, -7.3735496 ], [ 109.2012307, -7.3733927 ], [ 109.2011608, -7.3731911 ], [ 109.2009792, -7.3727297 ], [ 109.2009414, -7.3726293 ], [ 109.2009157, -7.372526 ], [ 109.2009047, -7.372488 ], [ 109.2008739, -7.3723777 ], [ 109.200852, -7.3718064 ], [ 109.2008062, -7.3714416 ], [ 109.2007928, -7.3711018 ], [ 109.2007673, -7.3706448 ], [ 109.2007814, -7.370468 ], [ 109.200777, -7.3700654 ], [ 109.2007744, -7.3700104 ], [ 109.2007554, -7.3694681 ], [ 109.2007436, -7.369169 ], [ 109.2007163, -7.3690306 ], [ 109.2006652, -7.3687148 ], [ 109.200612, -7.3685432 ], [ 109.2005092, -7.3681775 ], [ 109.2004666, -7.3680348 ], [ 109.2004023, -7.367897 ], [ 109.2002392, -7.3676595 ], [ 109.2000986, -7.3674874 ], [ 109.200048, -7.3674029 ], [ 109.2000271, -7.3673496 ], [ 109.2000126, -7.3672778 ], [ 109.200007, -7.3672149 ], [ 109.2000102, -7.3671296 ], [ 109.2000138, -7.3670971 ], [ 109.2000223, -7.3670197 ], [ 109.2000665, -7.3668275 ], [ 109.2000874, -7.3667368 ], [ 109.2001554, -7.3664648 ], [ 109.2001926, -7.3663161 ], [ 109.2002264, -7.3662563 ], [ 109.2002914, -7.3661806 ], [ 109.2003975, -7.3660643 ], [ 109.2005204, -7.3658866 ], [ 109.2005445, -7.3658037 ], [ 109.2005413, -7.3657097 ], [ 109.200536, -7.3650207 ], [ 109.2005047, -7.364837 ], [ 109.2004887, -7.3647596 ], [ 109.2004822, -7.364728 ], [ 109.200367, -7.3646085 ], [ 109.1999717, -7.3641782 ], [ 109.1998351, -7.3639965 ], [ 109.199541, -7.3636268 ], [ 109.1993739, -7.3634435 ], [ 109.1992759, -7.3633781 ], [ 109.1989786, -7.3632076 ], [ 109.1985961, -7.3629941 ], [ 109.1984821, -7.3629494 ], [ 109.1983181, -7.3628953 ], [ 109.1977734, -7.3628299 ], [ 109.1976272, -7.3628012 ], [ 109.1975259, -7.3627486 ], [ 109.1974665, -7.3627152 ], [ 109.197396, -7.3626265 ], [ 109.1973504, -7.3624921 ], [ 109.1973451, -7.3623365 ], [ 109.1973947, -7.3621915 ], [ 109.1974778, -7.3620319 ], [ 109.1975208, -7.3618524 ], [ 109.1975194, -7.3615638 ], [ 109.1974175, -7.3613656 ], [ 109.1972727, -7.3612326 ], [ 109.197101, -7.3611195 ], [ 109.1968247, -7.3609932 ], [ 109.1965605, -7.3609293 ], [ 109.1963661, -7.3608655 ], [ 109.1962581, -7.3608075 ], [ 109.1961745, -7.3606928 ], [ 109.1960106, -7.3604585 ], [ 109.1959287, -7.3602397 ], [ 109.1958555, -7.3601908 ], [ 109.1957889, -7.3601517 ], [ 109.195727, -7.3601406 ], [ 109.1956411, -7.3601464 ], [ 109.1954954, -7.3601506 ], [ 109.195408, -7.3601263 ], [ 109.1953413, -7.3601039 ], [ 109.195069, -7.3599573 ], [ 109.1950434, -7.3599406 ], [ 109.194949, -7.3599052 ], [ 109.1948604, -7.3598876 ], [ 109.1946436, -7.3598565 ], [ 109.1944478, -7.359828 ], [ 109.1942884, -7.3598169 ], [ 109.1941225, -7.3598071 ], [ 109.193926, -7.3597875 ], [ 109.1936666, -7.3597515 ], [ 109.1933556, -7.3596962 ], [ 109.1932011, -7.3596897 ], [ 109.1930508, -7.3597034 ], [ 109.1929311, -7.3597351 ], [ 109.1927505, -7.3598014 ], [ 109.192421, -7.3599425 ], [ 109.1916416, -7.360319 ], [ 109.1912294, -7.3605244 ], [ 109.1908355, -7.3607125 ], [ 109.1905565, -7.3608408 ], [ 109.19013, -7.3610546 ], [ 109.1895694, -7.3612685 ], [ 109.1892401, -7.3614101 ], [ 109.189114, -7.3614833 ], [ 109.1890892, -7.3615165 ], [ 109.1890678, -7.3615491 ], [ 109.1890537, -7.3616489 ], [ 109.1890215, -7.3617466 ], [ 109.1889873, -7.3618052 ], [ 109.1889645, -7.3618404 ], [ 109.1889256, -7.3618743 ], [ 109.188874, -7.3619435 ], [ 109.1888271, -7.3619987 ], [ 109.1888029, -7.3620745 ], [ 109.1887721, -7.3622228 ], [ 109.1887392, -7.3623245 ], [ 109.1887157, -7.3623691 ], [ 109.1886795, -7.362417 ], [ 109.1886225, -7.3624536 ], [ 109.188526, -7.3625034 ], [ 109.1883154, -7.3626112 ], [ 109.1874786, -7.3628732 ], [ 109.1873485, -7.3629098 ], [ 109.1872613, -7.3629444 ], [ 109.1867148, -7.363094 ], [ 109.1863091, -7.3632197 ], [ 109.1859628, -7.3633141 ], [ 109.1858834, -7.3633357 ], [ 109.1855917, -7.3634298 ], [ 109.1853415, -7.363505 ], [ 109.185251, -7.3635236 ] ] } },
{ "type": "Feature", "properties": { "name": null, "highway": "tertiary", "length": 457.7297945015539, "latitude": -7.3780814497968414, "longitude": 109.2025588476013 }, "geometry": { "type": "LineString", "coordinates": [ [ 109.2005587, -7.377704 ], [ 109.2008919, -7.3777585 ], [ 109.2015255, -7.3778669 ], [ 109.201591, -7.3778807 ], [ 109.2021731, -7.3779857 ], [ 109.2023595, -7.3780075 ], [ 109.20291, -7.3783035 ], [ 109.2031306, -7.3783421 ], [ 109.2033331, -7.3783201 ], [ 109.2033969, -7.3782932 ], [ 109.2034179, -7.3782791 ], [ 109.2036012, -7.3781695 ], [ 109.2036495, -7.3781629 ], [ 109.2036893, -7.3781673 ], [ 109.2045134, -7.3784512 ] ] } },
{ "type": "Feature", "properties": { "name": null, "highway": "tertiary", "length": 1406.6731815597936, "latitude": -7.4285518970562698, "longitude": 109.27600841529471 }, "geometry": { "type": "LineString", "coordinates": [ [ 109.2819491, -7.4307774 ], [ 109.2818966, -7.4307421 ], [ 109.2818306, -7.430705 ], [ 109.2816536, -7.4305999 ], [ 109.2811877, -7.4304284 ], [ 109.2807711, -7.4302667 ], [ 109.2795171, -7.4297642 ], [ 109.2786779, -7.4294585 ], [ 109.2784233, -7.4293658 ], [ 109.2783907, -7.4293539 ], [ 109.2782257, -7.4292821 ], [ 109.2780962, -7.4291981 ], [ 109.2773264, -7.4288965 ], [ 109.2766282, -7.4286496 ], [ 109.2761417, -7.4284775 ], [ 109.2759347, -7.4283964 ], [ 109.2755047, -7.4282342 ], [ 109.2751385, -7.4280865 ], [ 109.2746089, -7.4278767 ], [ 109.2745914, -7.4278698 ], [ 109.2744975, -7.4278339 ], [ 109.274354, -7.4277793 ], [ 109.2737719, -7.4275426 ], [ 109.2736822, -7.4275077 ], [ 109.2736573, -7.4275013 ], [ 109.2733967, -7.4274075 ], [ 109.2733696, -7.4273977 ], [ 109.2731604, -7.4273365 ], [ 109.2730008, -7.4272926 ], [ 109.2728198, -7.4272953 ], [ 109.2726105, -7.427282 ], [ 109.2720446, -7.4273099 ], [ 109.2714974, -7.4272879 ], [ 109.2713204, -7.427266 ], [ 109.2712634, -7.4272501 ], [ 109.2709221, -7.4271392 ], [ 109.2708255, -7.4271038 ], [ 109.2707915, -7.4270957 ], [ 109.2707176, -7.4270818 ], [ 109.2706072, -7.4270664 ], [ 109.2699041, -7.4270054 ] ] } },
{ "type": "Feature", "properties": { "name": null, "highway": "tertiary", "length": 888.27602197052943, "latitude": -7.4307295964861115, "longitude": 109.28591960913016 }, "geometry": { "type": "LineString", "coordinates": [ [ 109.2819491, -7.4307774 ], [ 109.2820924, -7.4308246 ], [ 109.2823295, -7.4308992 ], [ 109.2824484, -7.4309391 ], [ 109.2825292, -7.4309663 ], [ 109.2827077, -7.4310255 ], [ 109.2827647, -7.4310368 ], [ 109.2828137, -7.4310441 ], [ 109.2829802, -7.4310373 ], [ 109.2838408, -7.4309743 ], [ 109.2845838, -7.4309238 ], [ 109.2853197, -7.4308621 ], [ 109.2854033, -7.4308667 ], [ 109.2854402, -7.4308633 ], [ 109.2855561, -7.4308598 ], [ 109.2856158, -7.4308603 ], [ 109.2857252, -7.4308502 ], [ 109.2858482, -7.4308298 ], [ 109.2859397, -7.430816 ], [ 109.2862545, -7.430782 ], [ 109.2862809, -7.4307774 ], [ 109.286517, -7.430736 ], [ 109.2870958, -7.4306319 ], [ 109.2871629, -7.4306199 ], [ 109.2876081, -7.430548 ], [ 109.2878786, -7.4305044 ], [ 109.2879152, -7.4304975 ], [ 109.2884573, -7.4304256 ], [ 109.2887845, -7.4303937 ], [ 109.2888122, -7.4303914 ], [ 109.2888552, -7.4303878 ], [ 109.2896022, -7.4303254 ], [ 109.2899166, -7.4303088 ] ] } },
{ "type": "Feature", "properties": { "name": null, "highway": "tertiary", "length": 2796.8059787586067, "latitude": -7.4386457224115423, "longitude": 109.28205105050935 }, "geometry": { "type": "LineString", "coordinates": [ [ 109.2819491, -7.4307774 ], [ 109.2817395, -7.4307777 ], [ 109.2812609, -7.4308113 ], [ 109.2811292, -7.4308114 ], [ 109.2810313, -7.4308274 ], [ 109.2809455, -7.4308563 ], [ 109.2806572, -7.4309457 ], [ 109.2802455, -7.4310814 ], [ 109.2801221, -7.4311199 ], [ 109.280047, -7.4311266 ], [ 109.2799155, -7.4311372 ], [ 109.2796339, -7.4311478 ], [ 109.279253, -7.4311784 ], [ 109.2789634, -7.4311864 ], [ 109.2788346, -7.4311877 ], [ 109.2786884, -7.4311718 ], [ 109.2784147, -7.4311499 ], [ 109.2782511, -7.4311472 ], [ 109.2782124, -7.4311522 ], [ 109.2781674, -7.4311614 ], [ 109.2781432, -7.431175 ], [ 109.2781359, -7.4312007 ], [ 109.2781346, -7.4312316 ], [ 109.2781312, -7.4312875 ], [ 109.2781332, -7.4313314 ], [ 109.2781546, -7.431661 ], [ 109.278185, -7.4321294 ], [ 109.2781869, -7.4321798 ], [ 109.2781911, -7.4322279 ], [ 109.2782861, -7.4329073 ], [ 109.2783021, -7.4331268 ], [ 109.2783529, -7.4334002 ], [ 109.2783801, -7.4337998 ], [ 109.278467, -7.4346173 ], [ 109.2785191, -7.4349619 ], [ 109.2785777, -7.4355257 ], [ 109.2786233, -7.4359823 ], [ 109.2786348, -7.4361134 ], [ 109.2786697, -7.4363129 ], [ 109.2787072, -7.4364392 ], [ 109.2787662, -7.4365337 ], [ 109.2788561, -7.4366188 ], [ 109.2789124, -7.4366786 ], [ 109.2790747, -7.4368848 ], [ 109.2796996, -7.4376547 ], [ 109.2807055, -7.4388808 ], [ 109.2809442, -7.4391481 ], [ 109.2810903, -7.4392904 ], [ 109.2811668, -7.4393702 ], [ 109.2812607, -7.4394672 ], [ 109.2814444, -7.4396361 ], [ 109.2825776, -7.4408556 ], [ 109.2832509, -7.4415391 ], [ 109.2835969, -7.4418742 ], [ 109.2837363, -7.4419985 ], [ 109.2838322, -7.4421043 ], [ 109.2838892, -7.4421947 ], [ 109.2839254, -7.4423356 ], [ 109.2839281, -7.4424879 ], [ 109.2839275, -7.442591 ], [ 109.2839409, -7.4426834 ], [ 109.2839444, -7.4427291 ], [ 109.2839509, -7.442813 ], [ 109.2839596, -7.4428303 ], [ 109.2839818, -7.4428543 ], [ 109.2840194, -7.4428809 ], [ 109.2840515, -7.4428955 ], [ 109.2841279, -7.4429115 ], [ 109.2844123, -7.4429593 ], [ 109.2847653, -7.4430038 ], [ 109.2850292, -7.4430285 ], [ 109.285222, -7.4430387 ], [ 109.2857253, -7.4430211 ], [ 109.2857737, -7.4430194 ], [ 109.2857818, -7.4431099 ], [ 109.285807, -7.4432399 ], [ 109.285799, -7.4435045 ], [ 109.2858043, -7.4437865 ], [ 109.2858445, -7.4440551 ], [ 109.285921, -7.4443197 ], [ 109.2860134, -7.4446366 ], [ 109.2860828, -7.4449238 ], [ 109.2861108, -7.4450359 ], [ 109.2861611, -7.4452705 ], [ 109.2862067, -7.445599 ], [ 109.2862201, -7.4456326 ], [ 109.2862342, -7.4456528 ], [ 109.2862677, -7.4456635 ], [ 109.2864212, -7.4456535 ], [ 109.2868316, -7.4456375 ], [ 109.2874689, -7.4456003 ], [ 109.2875468, -7.4460792 ], [ 109.2876088, -7.4463947 ], [ 109.2877337, -7.4470299 ], [ 109.2878099, -7.4474177 ], [ 109.2878254, -7.4474649 ] ] } },
{ "type": "Feature", "properties": { "name": "Jalan Imam Bonjol", "highway": "secondary", "length": 2711.8020446098517, "latitude": -7.4421097402580365, "longitude": 109.29249654277139 }, "geometry": { "type": "LineString", "coordinates": [ [ 109.2899166, -7.4303088 ], [ 109.2899457, -7.4303858 ], [ 109.2899499, -7.4303975 ], [ 109.2900856, -7.4307735 ], [ 109.290116, -7.4308579 ], [ 109.2901743, -7.43109 ], [ 109.2901864, -7.431227 ], [ 109.2902801, -7.4320032 ], [ 109.2902855, -7.4322528 ], [ 109.2903206, -7.4331062 ], [ 109.2903235, -7.4331768 ], [ 109.2903284, -7.4332954 ], [ 109.2903506, -7.4334668 ], [ 109.2903466, -7.4334895 ], [ 109.2903962, -7.433917 ], [ 109.2903984, -7.4339364 ], [ 109.2904253, -7.4341689 ], [ 109.290433, -7.4342286 ], [ 109.2904547, -7.4344228 ], [ 109.2904926, -7.4347504 ], [ 109.2905356, -7.435314 ], [ 109.2906538, -7.436164 ], [ 109.2907262, -7.4368555 ], [ 109.2909574, -7.4382874 ], [ 109.290962, -7.4383161 ], [ 109.2909783, -7.4384167 ], [ 109.2910385, -7.4388744 ], [ 109.2910429, -7.4389903 ], [ 109.2912063, -7.4404606 ], [ 109.2913391, -7.4411588 ], [ 109.2917337, -7.4421124 ], [ 109.2919941, -7.4427418 ], [ 109.2922259, -7.4432625 ], [ 109.2923278, -7.4434952 ], [ 109.2924217, -7.443712 ], [ 109.2925712, -7.4440497 ], [ 109.2928139, -7.4446069 ], [ 109.2930305, -7.4450857 ], [ 109.2930815, -7.445204 ], [ 109.2931459, -7.4453649 ], [ 109.2932491, -7.4456069 ], [ 109.2934409, -7.4460418 ], [ 109.2936088, -7.4464101 ], [ 109.2939008, -7.4470272 ], [ 109.2940028, -7.4472745 ], [ 109.2941249, -7.4475498 ], [ 109.2942308, -7.4477905 ], [ 109.2943268, -7.4480106 ], [ 109.2944534, -7.4483144 ], [ 109.2945634, -7.4485551 ], [ 109.2947826, -7.4490419 ], [ 109.294947, -7.4493928 ], [ 109.295077, -7.4496814 ], [ 109.2954016, -7.4504075 ], [ 109.2955398, -7.4507373 ], [ 109.2956846, -7.4510896 ], [ 109.2957986, -7.4513716 ], [ 109.2959202, -7.4516672 ], [ 109.2959662, -7.4517924 ], [ 109.2960337, -7.4519625 ], [ 109.2960744, -7.4520649 ], [ 109.2961986, -7.4523932 ], [ 109.2963204, -7.4527284 ], [ 109.2963744, -7.4528423 ], [ 109.2964077, -7.4529274 ], [ 109.2964401, -7.453011 ], [ 109.2964767, -7.4531207 ], [ 109.2964908, -7.4531629 ], [ 109.29651, -7.453228 ], [ 109.2965958, -7.4535193 ] ] } },
{ "type": "Feature", "properties": { "name": "Jalan Imam Bonjol", "highway": "secondary", "length": 555.89201773497177, "latitude": -7.4279730971829485, "longitude": 109.28902923242308 }, "geometry": { "type": "LineString", "coordinates": [ [ 109.2899166, -7.4303088 ], [ 109.2898604, -7.4301621 ], [ 109.2897931, -7.4299742 ], [ 109.2896877, -7.4296976 ], [ 109.289587, -7.4294389 ], [ 109.2895299, -7.4293067 ], [ 109.2894749, -7.4291896 ], [ 109.2894345, -7.4290916 ], [ 109.2894152, -7.4290422 ], [ 109.2892314, -7.4285718 ], [ 109.289171, -7.4284338 ], [ 109.2890259, -7.4280424 ], [ 109.2889458, -7.4278464 ], [ 109.2888641, -7.4276389 ], [ 109.2887646, -7.4273885 ], [ 109.2886166, -7.427016 ], [ 109.2885134, -7.4267141 ], [ 109.2884731, -7.4265359 ], [ 109.2884316, -7.4263394 ], [ 109.2883846, -7.4259807 ], [ 109.2883661, -7.4257264 ], [ 109.2883491, -7.4255838 ] ] } },
{ "type": "Feature", "properties": { "name": null, "highway": "tertiary", "length": 888.27602197052943, "latitude": -7.4307295964861124, "longitude": 109.28591960913018 }, "geometry": { "type": "LineString", "coordinates": [ [ 109.2899166, -7.4303088 ], [ 109.2896022, -7.4303254 ], [ 109.2888552, -7.4303878 ], [ 109.2888122, -7.4303914 ], [ 109.2887845, -7.4303937 ], [ 109.2884573, -7.4304256 ], [ 109.2879152, -7.4304975 ], [ 109.2878786, -7.4305044 ], [ 109.2876081, -7.430548 ], [ 109.2871629, -7.4306199 ], [ 109.2870958, -7.4306319 ], [ 109.286517, -7.430736 ], [ 109.2862809, -7.4307774 ], [ 109.2862545, -7.430782 ], [ 109.2859397, -7.430816 ], [ 109.2858482, -7.4308298 ], [ 109.2857252, -7.4308502 ], [ 109.2856158, -7.4308603 ], [ 109.2855561, -7.4308598 ], [ 109.2854402, -7.4308633 ], [ 109.2854033, -7.4308667 ], [ 109.2853197, -7.4308621 ], [ 109.2845838, -7.4309238 ], [ 109.2838408, -7.4309743 ], [ 109.2829802, -7.4310373 ], [ 109.2828137, -7.4310441 ], [ 109.2827647, -7.4310368 ], [ 109.2827077, -7.4310255 ], [ 109.2825292, -7.4309663 ], [ 109.2824484, -7.4309391 ], [ 109.2823295, -7.4308992 ], [ 109.2820924, -7.4308246 ], [ 109.2819491, -7.4307774 ] ] } },
{ "type": "Feature", "properties": { "name": "Jalan Dokter Gumbreg", "highway": "primary", "length": 719.59101869285291, "latitude": -7.4355666591502931, "longitude": 109.26922492477382 }, "geometry": { "type": "LineString", "coordinates": [ [ 109.2679167, -7.4385278 ], [ 109.2680514, -7.4381265 ], [ 109.2680655, -7.4380829 ], [ 109.2682267, -7.4377401 ], [ 109.2683909, -7.4373907 ], [ 109.2686236, -7.4368957 ], [ 109.2686448, -7.4368505 ], [ 109.2687681, -7.4365993 ], [ 109.2689202, -7.4362233 ], [ 109.268922, -7.4362189 ], [ 109.2692035, -7.4356101 ], [ 109.2694057, -7.435203 ], [ 109.2697653, -7.4344101 ], [ 109.2698242, -7.4342718 ], [ 109.269872, -7.4341559 ], [ 109.2698879, -7.4341103 ], [ 109.2703816, -7.4329883 ], [ 109.2704916, -7.4327436 ], [ 109.2705318, -7.432604 ] ] } },
{ "type": "Feature", "properties": { "name": "Jalan Raden Patah", "highway": "primary", "length": 490.6149029995687, "latitude": -7.4248724144586573, "longitude": 109.27030950949614 }, "geometry": { "type": "LineString", "coordinates": [ [ 109.2699041, -7.4270054 ], [ 109.269955, -7.4265466 ], [ 109.2699719, -7.4264288 ], [ 109.2699901, -7.4262679 ], [ 109.2700557, -7.4258124 ], [ 109.2700839, -7.4255226 ], [ 109.2701228, -7.4253178 ], [ 109.2701483, -7.4252307 ], [ 109.2701778, -7.4251602 ], [ 109.2702334, -7.4250764 ], [ 109.2703032, -7.4249886 ], [ 109.270387, -7.424857 ], [ 109.2704728, -7.4247353 ], [ 109.2705057, -7.4246848 ], [ 109.2705325, -7.4246276 ], [ 109.2705499, -7.4245777 ], [ 109.270562, -7.4245099 ], [ 109.2705674, -7.4244341 ], [ 109.2705727, -7.4240391 ], [ 109.2705828, -7.4237379 ], [ 109.2705788, -7.4233403 ], [ 109.2705868, -7.4229466 ], [ 109.2705922, -7.4227285 ] ] } },
{ "type": "Feature", "properties": { "name": "Jalan Raden Patah", "highway": "primary", "length": 171.3007544265582, "latitude": -7.4277735012350723, "longitude": 109.26985438849186 }, "geometry": { "type": "LineString", "coordinates": [ [ 109.2699041, -7.4270054 ], [ 109.2698935, -7.4271005 ], [ 109.2698586, -7.4276517 ], [ 109.269817, -7.4282149 ], [ 109.2698294, -7.4283745 ], [ 109.2698573, -7.42854 ] ] } },
{ "type": "Feature", "properties": { "name": null, "highway": "tertiary", "length": 1406.6731815597927, "latitude": -7.4285518970562645, "longitude": 109.27600841529465 }, "geometry": { "type": "LineString", "coordinates": [ [ 109.2699041, -7.4270054 ], [ 109.2706072, -7.4270664 ], [ 109.2707176, -7.4270818 ], [ 109.2707915, -7.4270957 ], [ 109.2708255, -7.4271038 ], [ 109.2709221, -7.4271392 ], [ 109.2712634, -7.4272501 ], [ 109.2713204, -7.427266 ], [ 109.2714974, -7.4272879 ], [ 109.2720446, -7.4273099 ], [ 109.2726105, -7.427282 ], [ 109.2728198, -7.4272953 ], [ 109.2730008, -7.4272926 ], [ 109.2731604, -7.4273365 ], [ 109.2733696, -7.4273977 ], [ 109.2733967, -7.4274075 ], [ 109.2736573, -7.4275013 ], [ 109.2736822, -7.4275077 ], [ 109.2737719, -7.4275426 ], [ 109.274354, -7.4277793 ], [ 109.2744975, -7.4278339 ], [ 109.2745914, -7.4278698 ], [ 109.2746089, -7.4278767 ], [ 109.2751385, -7.4280865 ], [ 109.2755047, -7.4282342 ], [ 109.2759347, -7.4283964 ], [ 109.2761417, -7.4284775 ], [ 109.2766282, -7.4286496 ], [ 109.2773264, -7.4288965 ], [ 109.2780962, -7.4291981 ], [ 109.2782257, -7.4292821 ], [ 109.2783907, -7.4293539 ], [ 109.2784233, -7.4293658 ], [ 109.2786779, -7.4294585 ], [ 109.2795171, -7.4297642 ], [ 109.2807711, -7.4302667 ], [ 109.2811877, -7.4304284 ], [ 109.2816536, -7.4305999 ], [ 109.2818306, -7.430705 ], [ 109.2818966, -7.4307421 ], [ 109.2819491, -7.4307774 ] ] } },
{ "type": "Feature", "properties": { "name": "Jalan Sunan Giri", "highway": "secondary", "length": 1407.2500726653054, "latitude": -7.4436487005421199, "longitude": 109.26249967113374 }, "geometry": { "type": "LineString", "coordinates": [ [ 109.2621247, -7.4374692 ], [ 109.2621338, -7.4379898 ], [ 109.2621328, -7.4382436 ], [ 109.2621404, -7.4384517 ], [ 109.2621104, -7.4394374 ], [ 109.2621043, -7.4395949 ], [ 109.2620936, -7.4396601 ], [ 109.2620722, -7.4397165 ], [ 109.2618717, -7.4400668 ], [ 109.2618442, -7.4401388 ], [ 109.2618174, -7.4402636 ], [ 109.2618118, -7.4405426 ], [ 109.261801, -7.442523 ], [ 109.2618198, -7.4426749 ], [ 109.2618254, -7.44272 ], [ 109.2618976, -7.4428899 ], [ 109.2623225, -7.4441788 ], [ 109.2624674, -7.4446408 ], [ 109.262524, -7.4448215 ], [ 109.2627066, -7.4454042 ], [ 109.2628122, -7.4457277 ], [ 109.2632771, -7.4472652 ], [ 109.2634093, -7.4477672 ], [ 109.2634186, -7.4478769 ], [ 109.2634381, -7.4479959 ], [ 109.2634478, -7.4480928 ], [ 109.2634381, -7.4481907 ], [ 109.263486, -7.4484069 ], [ 109.2634897, -7.4484234 ], [ 109.2635113, -7.4485309 ], [ 109.2635293, -7.4487659 ], [ 109.263615, -7.4493803 ], [ 109.2636158, -7.449433 ], [ 109.2636303, -7.4496173 ], [ 109.2636607, -7.449797 ] ] } },
{ "type": "Feature", "properties": { "name": "Jalan Jenderal Gatot Subroto", "highway": "primary", "length": 532.90370852749197, "latitude": -7.4223032233945263, "longitude": 109.24012984428066 }, "geometry": { "type": "LineString", "coordinates": [ [ 109.2377836, -7.4217296 ], [ 109.2383326, -7.4218639 ], [ 109.2384425, -7.4218907 ], [ 109.2384731, -7.4218982 ], [ 109.2386449, -7.4219402 ], [ 109.2387785, -7.4219729 ], [ 109.2389083, -7.4220046 ], [ 109.23902, -7.4220319 ], [ 109.2391861, -7.4220725 ], [ 109.2396048, -7.4221749 ], [ 109.239848, -7.4222343 ], [ 109.23998, -7.4222666 ], [ 109.2402109, -7.422323 ], [ 109.2404879, -7.4223908 ], [ 109.2407786, -7.4224618 ], [ 109.2408119, -7.42247 ], [ 109.2409726, -7.4225092 ], [ 109.2412844, -7.4225855 ], [ 109.2416444, -7.4226735 ], [ 109.2417951, -7.4227103 ], [ 109.2420254, -7.4227666 ], [ 109.2424761, -7.4228768 ] ] } },
{ "type": "Feature", "properties": { "name": null, "highway": "primary", "length": 16.263089063966504, "latitude": -7.4217830929364847, "longitude": 109.23773873250524 }, "geometry": { "type": "LineString", "coordinates": [ [ 109.2377836, -7.4217296 ], [ 109.2377645, -7.4217708 ], [ 109.2377383, -7.4217951 ], [ 109.2377082, -7.4218083 ], [ 109.2376754, -7.4218117 ] ] } },
{ "type": "Feature", "properties": { "name": "Jalan Imam Bonjol", "highway": "secondary", "length": 842.22397868912617, "latitude": -7.4218144040054215, "longitude": 109.28798453484312 }, "geometry": { "type": "LineString", "coordinates": [ [ 109.2876249, -7.4180442 ], [ 109.2876342, -7.418157 ], [ 109.2877261, -7.4192151 ], [ 109.2878213, -7.4202191 ], [ 109.287926, -7.4212617 ], [ 109.2880034, -7.4220643 ], [ 109.2881352, -7.4233097 ], [ 109.288213, -7.424081 ], [ 109.2882371, -7.4243151 ], [ 109.288272, -7.424589 ], [ 109.2883149, -7.4251981 ], [ 109.2883417, -7.4254534 ], [ 109.2883491, -7.4255838 ] ] } },
{ "type": "Feature", "properties": { "name": "Jalan Imam Bonjol", "highway": "secondary", "length": 1760.476816885857, "latitude": -7.4101602658708527, "longitude": 109.28697250223185 }, "geometry": { "type": "LineString", "coordinates": [ [ 109.2876249, -7.4180442 ], [ 109.2875812, -7.4175442 ], [ 109.2875437, -7.4171125 ], [ 109.2875344, -7.4168532 ], [ 109.2875169, -7.4164967 ], [ 109.2874847, -7.41609 ], [ 109.287478, -7.416006 ], [ 109.2874763, -7.4159861 ], [ 109.2874747, -7.4159663 ], [ 109.2874678, -7.4158835 ], [ 109.2874593, -7.4157813 ], [ 109.2874499, -7.4156055 ], [ 109.2874291, -7.4152167 ], [ 109.2874123, -7.4149208 ], [ 109.2873895, -7.4145937 ], [ 109.2873687, -7.4144122 ], [ 109.2873357, -7.4138221 ], [ 109.2873238, -7.4135963 ], [ 109.2872889, -7.4130496 ], [ 109.2872661, -7.4127797 ], [ 109.2872487, -7.4123794 ], [ 109.2872071, -7.4118501 ], [ 109.287181, -7.4114283 ], [ 109.2871729, -7.4112962 ], [ 109.2871387, -7.4108101 ], [ 109.287122, -7.4106093 ], [ 109.2871089, -7.4104294 ], [ 109.2870837, -7.4100734 ], [ 109.2870623, -7.4097249 ], [ 109.2870073, -7.4090001 ], [ 109.2869697, -7.4084934 ], [ 109.2869335, -7.4081397 ], [ 109.2868611, -7.4075731 ], [ 109.2868397, -7.407363 ], [ 109.2867659, -7.4069813 ], [ 109.2867123, -7.4065996 ], [ 109.2866177, -7.4060424 ], [ 109.2865433, -7.4056594 ], [ 109.2864528, -7.4051434 ], [ 109.2864078, -7.404892 ], [ 109.2863394, -7.4044884 ], [ 109.2862992, -7.4042277 ], [ 109.286271, -7.4040801 ], [ 109.2861865, -7.4036778 ], [ 109.2861785, -7.4036519 ], [ 109.2861302, -7.403477 ], [ 109.2860129, -7.4030587 ], [ 109.2859579, -7.4029736 ], [ 109.2858461, -7.402474 ], [ 109.2858187, -7.4023542 ] ] } },
{ "type": "Feature", "properties": { "name": null, "highway": "tertiary", "length": 1876.3963970198286, "latitude": -7.4175542134959942, "longitude": 109.29606595901886 }, "geometry": { "type": "LineString", "coordinates": [ [ 109.2876249, -7.4180442 ], [ 109.2882411, -7.4179629 ], [ 109.2886978, -7.4178971 ], [ 109.2891209, -7.4178359 ], [ 109.2895614, -7.4177801 ], [ 109.2904309, -7.4176544 ], [ 109.2907577, -7.4176072 ], [ 109.2910918, -7.4175577 ], [ 109.2914303, -7.4175075 ], [ 109.2919565, -7.4174448 ], [ 109.292082, -7.4174323 ], [ 109.2922215, -7.4174317 ], [ 109.2923402, -7.4174386 ], [ 109.2924881, -7.4174541 ], [ 109.2926949, -7.4174842 ], [ 109.2933212, -7.4175713 ], [ 109.2937061, -7.4176245 ], [ 109.2939951, -7.417671 ], [ 109.2942131, -7.4176976 ], [ 109.2945081, -7.4177176 ], [ 109.2947763, -7.4177309 ], [ 109.2950419, -7.4177442 ], [ 109.2953188, -7.4177575 ], [ 109.2956182, -7.4177768 ], [ 109.2959189, -7.4177954 ], [ 109.2964393, -7.417812 ], [ 109.2967296, -7.4178044 ], [ 109.297196, -7.4177927 ], [ 109.297476, -7.4177801 ], [ 109.2980057, -7.4177455 ], [ 109.2985361, -7.4177189 ], [ 109.2991832, -7.417679 ], [ 109.2995795, -7.4176444 ], [ 109.2999249, -7.4176145 ], [ 109.3001273, -7.4175946 ], [ 109.3002554, -7.4175799 ], [ 109.3003389, -7.417566 ], [ 109.3005189, -7.4175287 ], [ 109.3006269, -7.4175011 ], [ 109.300877, -7.417439 ], [ 109.300989, -7.4174157 ], [ 109.3012964, -7.4173512 ], [ 109.3015576, -7.417288 ], [ 109.3019023, -7.4172155 ], [ 109.3026225, -7.4170453 ], [ 109.3030308, -7.4169602 ], [ 109.3037805, -7.4168079 ], [ 109.3042526, -7.4167029 ], [ 109.3044671, -7.416657 ] ] } },
{ "type": "Feature", "properties": { "name": "Jalan Desa Klahang", "highway": "tertiary", "length": 3163.9408008437144, "latitude": -7.4298683721719945, "longitude": 109.30922668764191 }, "geometry": { "type": "LineString", "coordinates": [ [ 109.3044671, -7.416657 ], [ 109.304553, -7.417187 ], [ 109.3046113, -7.4175228 ], [ 109.3046683, -7.4178034 ], [ 109.3047246, -7.4180008 ], [ 109.3047488, -7.418099 ], [ 109.3047592, -7.4181414 ], [ 109.3047887, -7.4182612 ], [ 109.3047937, -7.4182814 ], [ 109.3048661, -7.4185335 ], [ 109.3049171, -7.4186811 ], [ 109.3049526, -7.4187835 ], [ 109.3049768, -7.418846 ], [ 109.3050499, -7.4190182 ], [ 109.3050821, -7.41911 ], [ 109.305125, -7.419221 ], [ 109.3051833, -7.4193753 ], [ 109.3052115, -7.4194105 ], [ 109.3052641, -7.419498 ], [ 109.3053281, -7.4195767 ], [ 109.3055015, -7.4198012 ], [ 109.3056359, -7.4200016 ], [ 109.3057449, -7.4202008 ], [ 109.3058176, -7.4202995 ], [ 109.3058766, -7.4203481 ], [ 109.3059336, -7.4203906 ], [ 109.3060569, -7.4204543 ], [ 109.3061462, -7.4205156 ], [ 109.3061827, -7.4205496 ], [ 109.3062283, -7.4206137 ], [ 109.3062562, -7.4206945 ], [ 109.3062776, -7.420748 ], [ 109.3063031, -7.4208212 ], [ 109.3063745, -7.4209901 ], [ 109.306513, -7.421414 ], [ 109.3066468, -7.4219008 ], [ 109.3066552, -7.4219313 ], [ 109.3068731, -7.4227591 ], [ 109.3070474, -7.423448 ], [ 109.3070556, -7.4234794 ], [ 109.3071768, -7.4239444 ], [ 109.307204, -7.4240305 ], [ 109.3072359, -7.4240983 ], [ 109.3072761, -7.4241774 ], [ 109.3073197, -7.4242659 ], [ 109.3074149, -7.4244514 ], [ 109.3075721, -7.424742 ], [ 109.3077026, -7.4250013 ], [ 109.3078639, -7.4252953 ], [ 109.3082115, -7.4260864 ], [ 109.308418, -7.4265412 ], [ 109.3086165, -7.4270386 ], [ 109.3090282, -7.4280719 ], [ 109.309625, -7.4295946 ], [ 109.3098423, -7.4301531 ], [ 109.3099388, -7.4303832 ], [ 109.3100448, -7.4306492 ], [ 109.3101212, -7.4308313 ], [ 109.3102071, -7.4310348 ], [ 109.3103459, -7.4313716 ], [ 109.3105061, -7.4318221 ], [ 109.3106483, -7.4321492 ], [ 109.3107161, -7.4323184 ], [ 109.3108696, -7.4327443 ], [ 109.3109391, -7.4329286 ], [ 109.3110037, -7.4331 ], [ 109.3110788, -7.4332982 ], [ 109.3111418, -7.4334604 ], [ 109.3111753, -7.4335389 ], [ 109.3112116, -7.4336546 ], [ 109.3112585, -7.4338075 ], [ 109.3112732, -7.4339112 ], [ 109.3112947, -7.4340602 ], [ 109.3113738, -7.4345575 ], [ 109.3114248, -7.4348594 ], [ 109.3114717, -7.4351453 ], [ 109.3114878, -7.4352517 ], [ 109.3115227, -7.4354618 ], [ 109.3115374, -7.435644 ], [ 109.3115616, -7.4358275 ], [ 109.3115804, -7.4359738 ], [ 109.3116125, -7.4360509 ], [ 109.3116313, -7.4361347 ], [ 109.3116528, -7.4363249 ], [ 109.311685, -7.4364778 ], [ 109.3117225, -7.4367039 ], [ 109.3117681, -7.4369619 ], [ 109.3118083, -7.4372451 ], [ 109.3118405, -7.4373754 ], [ 109.311858, -7.4374885 ], [ 109.3118615, -7.4375337 ], [ 109.3118647, -7.4375749 ], [ 109.311917, -7.4379193 ], [ 109.3119371, -7.4380372 ], [ 109.3119612, -7.4381787 ], [ 109.3119746, -7.4383409 ], [ 109.3119666, -7.4384739 ], [ 109.3119746, -7.4385816 ], [ 109.311984, -7.4387119 ], [ 109.3119948, -7.4388635 ], [ 109.3119907, -7.4390337 ], [ 109.3119827, -7.4391388 ], [ 109.3119881, -7.4394672 ], [ 109.3119974, -7.4397997 ], [ 109.3119948, -7.4400311 ], [ 109.311984, -7.4403489 ], [ 109.31198, -7.4405018 ], [ 109.3119733, -7.4406056 ], [ 109.311976, -7.4407798 ], [ 109.31198, -7.4408596 ], [ 109.3120162, -7.4410484 ], [ 109.3120511, -7.4411814 ], [ 109.312094, -7.4413848 ], [ 109.3121362, -7.4416056 ], [ 109.3122013, -7.4418676 ], [ 109.312259, -7.442192 ], [ 109.3123099, -7.4424952 ], [ 109.3123502, -7.4426721 ], [ 109.3123837, -7.4428396 ], [ 109.3124333, -7.4430737 ], [ 109.3124829, -7.4432998 ], [ 109.3125359, -7.4435478 ] ] } },
{ "type": "Feature", "properties": { "name": null, "highway": "tertiary", "length": 987.23353896409901, "latitude": -7.4162437997127588, "longitude": 109.30878708563839 }, "geometry": { "type": "LineString", "coordinates": [ [ 109.3044671, -7.416657 ], [ 109.3050431, -7.416542 ], [ 109.3051602, -7.4165105 ], [ 109.3055984, -7.4164109 ], [ 109.3060952, -7.4163172 ], [ 109.306693, -7.4161862 ], [ 109.3072694, -7.4160679 ], [ 109.3077414, -7.4159661 ], [ 109.3078957, -7.4159302 ], [ 109.3080791, -7.4158883 ], [ 109.3082776, -7.4158262 ], [ 109.3084925, -7.41576 ], [ 109.3087084, -7.4157068 ], [ 109.3088083, -7.4156815 ], [ 109.308923, -7.4156609 ], [ 109.3090135, -7.4156669 ], [ 109.3090856, -7.4156712 ], [ 109.3091807, -7.4156951 ], [ 109.3093622, -7.4157547 ], [ 109.3095526, -7.4158358 ], [ 109.3097055, -7.4159262 ], [ 109.3099337, -7.4160411 ], [ 109.3101147, -7.4161403 ], [ 109.3103036, -7.4162254 ], [ 109.3105893, -7.4163411 ], [ 109.3107757, -7.416417 ], [ 109.3109453, -7.4164865 ], [ 109.311107, -7.4165127 ], [ 109.3114368, -7.4166324 ], [ 109.3115723, -7.4166803 ], [ 109.3116681, -7.4166952 ], [ 109.3117829, -7.4167122 ], [ 109.3118788, -7.4167138 ], [ 109.3119826, -7.4166949 ], [ 109.3121597, -7.4166537 ], [ 109.3123354, -7.4166058 ], [ 109.312495, -7.4165513 ], [ 109.312799, -7.4164558 ], [ 109.3130441, -7.41638 ] ] } },
{ "type": "Feature", "properties": { "name": null, "highway": "tertiary", "length": 1876.3963970198292, "latitude": -7.4175542134959995, "longitude": 109.29606595901886 }, "geometry": { "type": "LineString", "coordinates": [ [ 109.3044671, -7.416657 ], [ 109.3042526, -7.4167029 ], [ 109.3037805, -7.4168079 ], [ 109.3030308, -7.4169602 ], [ 109.3026225, -7.4170453 ], [ 109.3019023, -7.4172155 ], [ 109.3015576, -7.417288 ], [ 109.3012964, -7.4173512 ], [ 109.300989, -7.4174157 ], [ 109.300877, -7.417439 ], [ 109.3006269, -7.4175011 ], [ 109.3005189, -7.4175287 ], [ 109.3003389, -7.417566 ], [ 109.3002554, -7.4175799 ], [ 109.3001273, -7.4175946 ], [ 109.2999249, -7.4176145 ], [ 109.2995795, -7.4176444 ], [ 109.2991832, -7.417679 ], [ 109.2985361, -7.4177189 ], [ 109.2980057, -7.4177455 ], [ 109.297476, -7.4177801 ], [ 109.297196, -7.4177927 ], [ 109.2967296, -7.4178044 ], [ 109.2964393, -7.417812 ], [ 109.2959189, -7.4177954 ], [ 109.2956182, -7.4177768 ], [ 109.2953188, -7.4177575 ], [ 109.2950419, -7.4177442 ], [ 109.2947763, -7.4177309 ], [ 109.2945081, -7.4177176 ], [ 109.2942131, -7.4176976 ], [ 109.2939951, -7.417671 ], [ 109.2937061, -7.4176245 ], [ 109.2933212, -7.4175713 ], [ 109.2926949, -7.4174842 ], [ 109.2924881, -7.4174541 ], [ 109.2923402, -7.4174386 ], [ 109.2922215, -7.4174317 ], [ 109.292082, -7.4174323 ], [ 109.2919565, -7.4174448 ], [ 109.2914303, -7.4175075 ], [ 109.2910918, -7.4175577 ], [ 109.2907577, -7.4176072 ], [ 109.2904309, -7.4176544 ], [ 109.2895614, -7.4177801 ], [ 109.2891209, -7.4178359 ], [ 109.2886978, -7.4178971 ], [ 109.2882411, -7.4179629 ], [ 109.2876249, -7.4180442 ] ] } },
{ "type": "Feature", "properties": { "name": "Jalan Kolonel Sugiri", "highway": "secondary", "length": 586.81096923219548, "latitude": -7.4236774636087102, "longitude": 109.23500737468433 }, "geometry": { "type": "LineString", "coordinates": [ [ 109.234926, -7.4262978 ], [ 109.2349604, -7.4260884 ], [ 109.2350006, -7.4255392 ], [ 109.2350485, -7.4249199 ], [ 109.235051, -7.4248601 ], [ 109.2350773, -7.4242297 ], [ 109.235083, -7.4241565 ], [ 109.2350809, -7.4241263 ], [ 109.2350799, -7.4241121 ], [ 109.2350822, -7.4240542 ], [ 109.2350541, -7.4237967 ], [ 109.2350117, -7.4236372 ], [ 109.234963, -7.4234586 ], [ 109.2349067, -7.4231381 ], [ 109.2348893, -7.4229107 ], [ 109.2348976, -7.4227868 ], [ 109.2348982, -7.4227777 ], [ 109.2348987, -7.4225995 ], [ 109.234937, -7.4223757 ], [ 109.2350169, -7.4219764 ], [ 109.2350624, -7.4216299 ], [ 109.2351447, -7.4210664 ] ] } },
{ "type": "Feature", "properties": { "name": "Jalan Kolonel Sugiono", "highway": "secondary", "length": 471.22709630945974, "latitude": -7.4276243854681594, "longitude": 109.23623355783255 }, "geometry": { "type": "LineString", "coordinates": [ [ 109.234926, -7.4262978 ], [ 109.234911, -7.4264521 ], [ 109.234896, -7.4266643 ], [ 109.2348916, -7.426711 ], [ 109.2348805, -7.4267886 ], [ 109.2348774, -7.426833 ], [ 109.2348882, -7.4268756 ], [ 109.235005, -7.4269923 ], [ 109.2352202, -7.4271748 ], [ 109.2353465, -7.4272775 ], [ 109.2354883, -7.4273959 ], [ 109.23591, -7.4277095 ], [ 109.2359461, -7.4277315 ], [ 109.2359944, -7.4277527 ], [ 109.236133, -7.4278055 ], [ 109.2363906, -7.4278725 ], [ 109.2367333, -7.4279534 ], [ 109.237016, -7.4280341 ], [ 109.2371995, -7.4280958 ], [ 109.2374643, -7.4281728 ], [ 109.2376728, -7.4282507 ], [ 109.2377707, -7.4282824 ], [ 109.2378759, -7.4283245 ], [ 109.2381487, -7.4284413 ] ] } },
{ "type": "Feature", "properties": { "name": "Jalan Jenderal Sudirman", "highway": "primary", "length": 161.87113238816744, "latitude": -7.4260818163755218, "longitude": 109.2342252098704 }, "geometry": { "type": "LineString", "coordinates": [ [ 109.234926, -7.4262978 ], [ 109.2348048, -7.426259 ], [ 109.2345287, -7.4261807 ], [ 109.2345188, -7.4261761 ], [ 109.234404, -7.4261389 ], [ 109.2341793, -7.4260694 ], [ 109.2339504, -7.425995 ], [ 109.2337349, -7.4259263 ], [ 109.2335995, -7.4258875 ], [ 109.2335247, -7.4258647 ] ] } },
{ "type": "Feature", "properties": { "name": "Jalan Baturaden timur", "highway": "primary", "length": 879.3212849874152, "latitude": -7.3839972922747288, "longitude": 109.27746725755991 }, "geometry": { "type": "LineString", "coordinates": [ [ 109.2763676, -7.3801994 ], [ 109.27643, -7.3804487 ], [ 109.2765043, -7.3807133 ], [ 109.2765775, -7.3810115 ], [ 109.2766259, -7.3812087 ], [ 109.2769101, -7.3823659 ], [ 109.277, -7.3826964 ], [ 109.2773748, -7.3838622 ], [ 109.2774352, -7.3840317 ], [ 109.2776337, -7.3846316 ], [ 109.2778757, -7.385367 ], [ 109.2781694, -7.3862355 ], [ 109.2784417, -7.386959 ], [ 109.2787615, -7.3877331 ] ] } },
{ "type": "Feature", "properties": { "name": "Jalan Baturaden timur", "highway": "primary", "length": 1522.1152875387788, "latitude": -7.3734394498629161, "longitude": 109.27534889894055 }, "geometry": { "type": "LineString", "coordinates": [ [ 109.2763676, -7.3801994 ], [ 109.275968, -7.3782117 ], [ 109.2758245, -7.3774722 ], [ 109.2757769, -7.3772401 ], [ 109.2756233, -7.3764042 ], [ 109.2755529, -7.3759999 ], [ 109.2755181, -7.3757259 ], [ 109.2753585, -7.3747457 ], [ 109.2753223, -7.3744664 ], [ 109.2752304, -7.3733891 ], [ 109.275164, -7.3723936 ], [ 109.2749984, -7.370467 ], [ 109.2749161, -7.3696185 ], [ 109.2748278, -7.3685899 ], [ 109.2748172, -7.3684348 ], [ 109.2748132, -7.3683759 ], [ 109.2747795, -7.3679639 ], [ 109.2747577, -7.3676979 ], [ 109.2747335, -7.3670721 ], [ 109.2747637, -7.3666299 ] ] } },
{ "type": "Feature", "properties": { "name": null, "highway": "tertiary", "length": 1685.7203537995267, "latitude": -7.37962448656981, "longitude": 109.26875351085521 }, "geometry": { "type": "LineString", "coordinates": [ [ 109.2763676, -7.3801994 ], [ 109.2761457, -7.3801814 ], [ 109.2758989, -7.3801561 ], [ 109.2755617, -7.3801151 ], [ 109.2750742, -7.380067 ], [ 109.2746027, -7.3800088 ], [ 109.2741394, -7.3799582 ], [ 109.2736856, -7.379882 ], [ 109.2734514, -7.3798396 ], [ 109.2732395, -7.3798103 ], [ 109.2728627, -7.3797731 ], [ 109.2721402, -7.3797097 ], [ 109.2714392, -7.3796826 ], [ 109.2707223, -7.3796601 ], [ 109.270023, -7.3796375 ], [ 109.2699644, -7.3796364 ], [ 109.269691, -7.3796202 ], [ 109.2693347, -7.3796053 ], [ 109.2689692, -7.3795927 ], [ 109.2685896, -7.3795779 ], [ 109.2677336, -7.3795445 ], [ 109.2675935, -7.379539 ], [ 109.2667206, -7.3794897 ], [ 109.2662112, -7.379458 ], [ 109.2660318, -7.3794559 ], [ 109.2650289, -7.3794271 ], [ 109.2631303, -7.3793555 ], [ 109.2611196, -7.379308 ] ] } },
{ "type": "Feature", "properties": { "name": "Jalan Jenderal Sudirman", "highway": "primary", "length": 302.43536726133499, "latitude": -7.427775127731449, "longitude": 109.24508916808925 }, "geometry": { "type": "LineString", "coordinates": [ [ 109.24646, -7.4277356 ], [ 109.2453443, -7.4277678 ], [ 109.2453134, -7.4277687 ], [ 109.2452813, -7.4277689 ], [ 109.2448158, -7.427785 ], [ 109.2445909, -7.4277888 ], [ 109.244168, -7.4277979 ], [ 109.2438683, -7.4278131 ], [ 109.2437186, -7.4278205 ] ] } },
{ "type": "Feature", "properties": { "name": "Jalan Letnan Jenderal S. Parman", "highway": "tertiary", "length": 176.44478303547547, "latitude": -7.4299601775393951, "longitude": 109.24373266118987 }, "geometry": { "type": "LineString", "coordinates": [ [ 109.2437226, -7.4291669 ], [ 109.2437253, -7.4298071 ], [ 109.2437377, -7.4301574 ], [ 109.2437477, -7.4307534 ] ] } },
{ "type": "Feature", "properties": { "name": "Jalan Letnan Jenderal S. Parman", "highway": "tertiary", "length": 149.74430351964162, "latitude": -7.4284936444211622, "longitude": 109.24371415049856 }, "geometry": { "type": "LineString", "coordinates": [ [ 109.2437226, -7.4291669 ], [ 109.2437103, -7.4284171 ], [ 109.2437088, -7.4282517 ], [ 109.2437118, -7.4279627 ], [ 109.2437186, -7.4278205 ] ] } },
{ "type": "Feature", "properties": { "name": "Situmpur", "highway": "tertiary", "length": 417.70424770690562, "latitude": -7.4297041129137433, "longitude": 109.24216152963015 }, "geometry": { "type": "LineString", "coordinates": [ [ 109.2437226, -7.4291669 ], [ 109.2432915, -7.4291739 ], [ 109.2428151, -7.4292044 ], [ 109.2422221, -7.4292744 ], [ 109.2421197, -7.4292959 ], [ 109.2420814, -7.4293175 ], [ 109.2420355, -7.4294321 ], [ 109.2420547, -7.4298473 ], [ 109.2420041, -7.4299808 ], [ 109.241808, -7.4301415 ], [ 109.2416103, -7.4302746 ], [ 109.2413408, -7.4303699 ], [ 109.2410876, -7.4304016 ], [ 109.2407885, -7.4304142 ], [ 109.2406763, -7.4304215 ] ] } },
{ "type": "Feature", "properties": { "name": "Jalan Pramuka", "highway": "tertiary", "length": 554.97699908498453, "latitude": -7.4294490715149086, "longitude": 109.24621885524896 }, "geometry": { "type": "LineString", "coordinates": [ [ 109.2437226, -7.4291669 ], [ 109.244013, -7.429165 ], [ 109.2442304, -7.4291716 ], [ 109.244644, -7.4292289 ], [ 109.2446709, -7.4292326 ], [ 109.2448884, -7.4292627 ], [ 109.2450388, -7.4292848 ], [ 109.2454894, -7.4293513 ], [ 109.2460858, -7.429431 ], [ 109.246157, -7.429449 ], [ 109.2463352, -7.429475 ], [ 109.2465101, -7.4294984 ], [ 109.2469274, -7.4295487 ], [ 109.2469717, -7.4295544 ], [ 109.247287, -7.4296037 ], [ 109.2475513, -7.4296411 ], [ 109.2477723, -7.4296768 ], [ 109.2478972, -7.4296926 ], [ 109.2481263, -7.4297154 ], [ 109.2482732, -7.429716 ], [ 109.2487156, -7.4296878 ] ] } },
{ "type": "Feature", "properties": { "name": "Jalan Pramuka", "highway": "tertiary", "length": 534.7015473251754, "latitude": -7.4293508702278892, "longitude": 109.25111353760926 }, "geometry": { "type": "LineString", "coordinates": [ [ 109.2487156, -7.4296878 ], [ 109.249372, -7.4295988 ], [ 109.2496869, -7.4295541 ], [ 109.2500829, -7.4294912 ], [ 109.250375, -7.4294469 ], [ 109.2503933, -7.4294441 ], [ 109.2508173, -7.4293535 ], [ 109.2510112, -7.4293131 ], [ 109.2513729, -7.4292438 ], [ 109.2523124, -7.4291884 ], [ 109.2523809, -7.4291843 ], [ 109.252624, -7.4291685 ], [ 109.2527789, -7.4291577 ], [ 109.2529322, -7.4291514 ], [ 109.2534971, -7.4291392 ], [ 109.2535234, -7.4291391 ] ] } },
{ "type": "Feature", "properties": { "name": "Jalan Pramuka", "highway": "tertiary", "length": 554.97699908498441, "latitude": -7.4294490715149095, "longitude": 109.24621885524893 }, "geometry": { "type": "LineString", "coordinates": [ [ 109.2487156, -7.4296878 ], [ 109.2482732, -7.429716 ], [ 109.2481263, -7.4297154 ], [ 109.2478972, -7.4296926 ], [ 109.2477723, -7.4296768 ], [ 109.2475513, -7.4296411 ], [ 109.247287, -7.4296037 ], [ 109.2469717, -7.4295544 ], [ 109.2469274, -7.4295487 ], [ 109.2465101, -7.4294984 ], [ 109.2463352, -7.429475 ], [ 109.246157, -7.429449 ], [ 109.2460858, -7.429431 ], [ 109.2454894, -7.4293513 ], [ 109.2450388, -7.4292848 ], [ 109.2448884, -7.4292627 ], [ 109.2446709, -7.4292326 ], [ 109.244644, -7.4292289 ], [ 109.2442304, -7.4291716 ], [ 109.244013, -7.429165 ], [ 109.2437226, -7.4291669 ] ] } },
{ "type": "Feature", "properties": { "name": "Jalan Mayor Jenderal DI. Panjaitan", "highway": "tertiary", "length": 220.85577025952193, "latitude": -7.4286946997533061, "longitude": 109.24871612682264 }, "geometry": { "type": "LineString", "coordinates": [ [ 109.2487156, -7.4296878 ], [ 109.2487166, -7.4279147 ], [ 109.2487161, -7.4277016 ] ] } },
{ "type": "Feature", "properties": { "name": [ "Jalan Mayor Jenderal DI. Panjaitan", "Jalan Hos. Notosuwiryo" ], "highway": "tertiary", "length": 2042.1912517197416, "latitude": -7.4388222886709006, "longitude": 109.24926913881633 }, "geometry": { "type": "LineString", "coordinates": [ [ 109.2487156, -7.4296878 ], [ 109.2487224, -7.4302962 ], [ 109.2487264, -7.4309065 ], [ 109.24873, -7.4312878 ], [ 109.2487345, -7.4316835 ], [ 109.2487425, -7.4320836 ], [ 109.2487472, -7.4323186 ], [ 109.2487609, -7.4327407 ], [ 109.248795, -7.4336704 ], [ 109.2488003, -7.4339384 ], [ 109.2488124, -7.4345435 ], [ 109.2488172, -7.4347843 ], [ 109.2488277, -7.4353152 ], [ 109.2488328, -7.435567 ], [ 109.2488518, -7.4365231 ], [ 109.2488532, -7.4365942 ], [ 109.24886, -7.4369314 ], [ 109.2488638, -7.4371268 ], [ 109.2488834, -7.4377382 ], [ 109.248909, -7.4385637 ], [ 109.2489193, -7.4388319 ], [ 109.2489223, -7.4389038 ], [ 109.2489283, -7.439042 ], [ 109.2489307, -7.4390942 ], [ 109.2489454, -7.4393954 ], [ 109.2489556, -7.439573 ], [ 109.2489681, -7.4396902 ], [ 109.249015, -7.439906 ], [ 109.2490526, -7.440082 ], [ 109.2491753, -7.4405685 ], [ 109.2492187, -7.440792 ], [ 109.2493595, -7.4413191 ], [ 109.2494021, -7.4414896 ], [ 109.2494793, -7.4418346 ], [ 109.2495421, -7.4420494 ], [ 109.2496167, -7.442355 ], [ 109.2496806, -7.4426619 ], [ 109.2497459, -7.4431451 ], [ 109.2498166, -7.4436803 ], [ 109.2498348, -7.4438272 ], [ 109.2499435, -7.4447042 ], [ 109.2499658, -7.4448919 ], [ 109.2499952, -7.4451691 ], [ 109.2500248, -7.4456718 ], [ 109.2500347, -7.4457863 ], [ 109.2500741, -7.4462397 ], [ 109.2500823, -7.4463276 ], [ 109.2501153, -7.4464014 ], [ 109.250182, -7.4464979 ], [ 109.250251, -7.4465795 ], [ 109.2503666, -7.4467355 ], [ 109.2505403, -7.4469853 ], [ 109.2506978, -7.4472068 ], [ 109.2507215, -7.4472564 ], [ 109.2508511, -7.4475276 ], [ 109.2509204, -7.4477027 ] ] } },
{ "type": "Feature", "properties": { "name": null, "highway": "tertiary", "length": 1389.0957127976646, "latitude": -7.4645723568059168, "longitude": 109.30535033794311 }, "geometry": { "type": "LineString", "coordinates": [ [ 109.2992249, -7.4641253 ], [ 109.2996816, -7.4641571 ], [ 109.3001488, -7.4642166 ], [ 109.3006144, -7.4642795 ], [ 109.3007868, -7.4643096 ], [ 109.3014002, -7.4643812 ], [ 109.3067686, -7.464968 ], [ 109.3090321, -7.4652344 ], [ 109.309271, -7.465092 ], [ 109.3093729, -7.4650083 ], [ 109.30944, -7.4649165 ], [ 109.3094788, -7.4648394 ], [ 109.3095191, -7.4647436 ], [ 109.3095486, -7.4645176 ], [ 109.3095714, -7.4644019 ], [ 109.3096063, -7.4642982 ], [ 109.3096653, -7.4641825 ], [ 109.3097471, -7.4640469 ], [ 109.3098063, -7.4639643 ], [ 109.3099965, -7.4637663 ], [ 109.3100635, -7.4636958 ], [ 109.310136, -7.4636054 ], [ 109.3102111, -7.4635243 ], [ 109.3103144, -7.4634272 ], [ 109.310419, -7.4633581 ], [ 109.3105263, -7.4633195 ], [ 109.3107006, -7.4632956 ] ] } },
{ "type": "Feature", "properties": { "name": "Jalan Baturaden timur", "highway": "primary", "length": 1522.1152875387793, "latitude": -7.3734394498629205, "longitude": 109.27534889894062 }, "geometry": { "type": "LineString", "coordinates": [ [ 109.2747637, -7.3666299 ], [ 109.2747335, -7.3670721 ], [ 109.2747577, -7.3676979 ], [ 109.2747795, -7.3679639 ], [ 109.2748132, -7.3683759 ], [ 109.2748172, -7.3684348 ], [ 109.2748278, -7.3685899 ], [ 109.2749161, -7.3696185 ], [ 109.2749984, -7.370467 ], [ 109.275164, -7.3723936 ], [ 109.2752304, -7.3733891 ], [ 109.2753223, -7.3744664 ], [ 109.2753585, -7.3747457 ], [ 109.2755181, -7.3757259 ], [ 109.2755529, -7.3759999 ], [ 109.2756233, -7.3764042 ], [ 109.2757769, -7.3772401 ], [ 109.2758245, -7.3774722 ], [ 109.275968, -7.3782117 ], [ 109.2763676, -7.3801994 ] ] } },
{ "type": "Feature", "properties": { "name": "Jalan Baturaden timur", "highway": "primary", "length": 2185.704848360208, "latitude": -7.356836244788429, "longitude": 109.27528102923735 }, "geometry": { "type": "LineString", "coordinates": [ [ 109.2747637, -7.3666299 ], [ 109.274767, -7.3665358 ], [ 109.2748096, -7.3662405 ], [ 109.2748488, -7.3659981 ], [ 109.2748711, -7.3657705 ], [ 109.274987, -7.364978 ], [ 109.2749961, -7.3648851 ], [ 109.2750266, -7.364591 ], [ 109.2751057, -7.3638541 ], [ 109.2751305, -7.3635981 ], [ 109.2751305, -7.3634358 ], [ 109.2751472, -7.3632715 ], [ 109.2751465, -7.3627341 ], [ 109.275148, -7.3626729 ], [ 109.2751828, -7.3612951 ], [ 109.2751857, -7.3609653 ], [ 109.2751881, -7.3606833 ], [ 109.2751928, -7.3600269 ], [ 109.2751828, -7.3597509 ], [ 109.2751754, -7.3596092 ], [ 109.2751763, -7.3592348 ], [ 109.2751774, -7.3587307 ], [ 109.2751989, -7.3582599 ], [ 109.2752304, -7.3578263 ], [ 109.2752543, -7.3575475 ], [ 109.275272, -7.3572624 ], [ 109.2752941, -7.3569651 ], [ 109.2754262, -7.3557148 ], [ 109.2754577, -7.3553617 ], [ 109.2754778, -7.3550937 ], [ 109.2755187, -7.3531172 ], [ 109.2755254, -7.3527381 ], [ 109.2755322, -7.3520578 ], [ 109.2755342, -7.3518636 ], [ 109.2755583, -7.3513834 ], [ 109.2755737, -7.3504018 ], [ 109.2755771, -7.3501671 ], [ 109.2756099, -7.3497621 ], [ 109.2756106, -7.3495805 ], [ 109.2755838, -7.3493684 ], [ 109.2755348, -7.3491775 ], [ 109.2754591, -7.3489348 ], [ 109.275168, -7.3478933 ], [ 109.2749015, -7.3471155 ] ] } },
{ "type": "Feature", "properties": { "name": null, "highway": "tertiary", "length": 2447.9546630076693, "latitude": -7.3259372883536598, "longitude": 109.25397835794818 }, "geometry": { "type": "LineString", "coordinates": [ [ 109.2533295, -7.3150009 ], [ 109.253384, -7.3152861 ], [ 109.2534663, -7.3158077 ], [ 109.2535092, -7.3160631 ], [ 109.2535557, -7.3163656 ], [ 109.2536747, -7.3171406 ], [ 109.2537865, -7.3179858 ], [ 109.253801, -7.3185701 ], [ 109.253771, -7.3186904 ], [ 109.2537828, -7.3188312 ], [ 109.253808, -7.3189681 ], [ 109.2538582, -7.3193028 ], [ 109.254036, -7.3203068 ], [ 109.2540631, -7.3205192 ], [ 109.2541175, -7.3210184 ], [ 109.2541811, -7.3215354 ], [ 109.2541919, -7.3216613 ], [ 109.2541942, -7.3217546 ], [ 109.2541958, -7.3218179 ], [ 109.2542018, -7.3220609 ], [ 109.254202, -7.3226333 ], [ 109.254212, -7.3230471 ], [ 109.2541874, -7.3235992 ], [ 109.2541669, -7.3240902 ], [ 109.2541571, -7.3243165 ], [ 109.2541552, -7.3243622 ], [ 109.2541539, -7.3243911 ], [ 109.2541419, -7.3246688 ], [ 109.2541361, -7.3250017 ], [ 109.2541537, -7.3254279 ], [ 109.2542248, -7.3262125 ], [ 109.2542275, -7.3266211 ], [ 109.2541895, -7.3280799 ], [ 109.2541626, -7.3296735 ], [ 109.2541761, -7.3304885 ], [ 109.2541704, -7.3307922 ], [ 109.2541747, -7.3320363 ], [ 109.2541586, -7.3322584 ], [ 109.2541455, -7.3324069 ], [ 109.2541409, -7.3325018 ], [ 109.2540813, -7.3330501 ], [ 109.2540792, -7.3330905 ], [ 109.2540738, -7.3331942 ], [ 109.2540645, -7.3333533 ], [ 109.2540649, -7.3333829 ], [ 109.254039, -7.3336172 ], [ 109.2539628, -7.3341299 ], [ 109.2539451, -7.3342208 ], [ 109.2539069, -7.3344119 ], [ 109.2538625, -7.33459 ], [ 109.2538327, -7.3347637 ], [ 109.2537918, -7.3350282 ], [ 109.2537553, -7.335276 ], [ 109.2537466, -7.3353876 ], [ 109.253737, -7.3354553 ], [ 109.2537198, -7.3355126 ], [ 109.2536849, -7.3355974 ], [ 109.2530364, -7.3367295 ] ] } },
{ "type": "Feature", "properties": { "name": "Jalan Baturaden timur", "highway": "primary", "length": 5045.2656157933652, "latitude": -7.3269833019236534, "longitude": 109.26731554903236 }, "geometry": { "type": "LineString", "coordinates": [ [ 109.2533295, -7.3150009 ], [ 109.2540281, -7.3148645 ], [ 109.2544305, -7.3147462 ], [ 109.2545868, -7.3146976 ], [ 109.2547028, -7.3146478 ], [ 109.2548262, -7.3145939 ], [ 109.2550085, -7.3144868 ], [ 109.2551688, -7.3143917 ], [ 109.2553177, -7.3143092 ], [ 109.2555302, -7.3142374 ], [ 109.2559366, -7.314121 ], [ 109.2567014, -7.3139041 ], [ 109.2568278, -7.3138683 ], [ 109.257106, -7.3137991 ], [ 109.2578745, -7.3135849 ], [ 109.2582862, -7.3134951 ], [ 109.2584203, -7.3134559 ], [ 109.2585752, -7.3133821 ], [ 109.2587201, -7.3132843 ], [ 109.2588723, -7.3131653 ], [ 109.2589427, -7.3131194 ], [ 109.2590037, -7.3130967 ], [ 109.2590754, -7.3130921 ], [ 109.2591338, -7.3130901 ], [ 109.2592022, -7.3131021 ], [ 109.2593182, -7.3131692 ], [ 109.2594087, -7.3132737 ], [ 109.2594731, -7.3134107 ], [ 109.2596059, -7.3137658 ], [ 109.2596488, -7.3139068 ], [ 109.2596823, -7.3140438 ], [ 109.2596749, -7.3143801 ], [ 109.2596903, -7.3144715 ], [ 109.2597198, -7.3145786 ], [ 109.2598144, -7.3147834 ], [ 109.2598801, -7.3149005 ], [ 109.2599512, -7.314967 ], [ 109.2600504, -7.3150249 ], [ 109.2604937, -7.3152044 ], [ 109.2605881, -7.3152417 ], [ 109.2607176, -7.3152929 ], [ 109.2609228, -7.3153913 ], [ 109.2611032, -7.3154771 ], [ 109.2612916, -7.3155895 ], [ 109.2614941, -7.3157212 ], [ 109.2617154, -7.3158941 ], [ 109.2620198, -7.3161675 ], [ 109.2621674, -7.3163085 ], [ 109.262333, -7.3164774 ], [ 109.2624852, -7.3166484 ], [ 109.2626435, -7.31679 ], [ 109.2627729, -7.3168658 ], [ 109.2629573, -7.3169603 ], [ 109.263139, -7.3170368 ], [ 109.2635279, -7.3171598 ], [ 109.2636205, -7.3171977 ], [ 109.2636754, -7.317239 ], [ 109.2637284, -7.3173061 ], [ 109.263776, -7.3173839 ], [ 109.2639289, -7.3176852 ], [ 109.2641936, -7.3182595 ], [ 109.2642622, -7.3184082 ], [ 109.2646759, -7.3191252 ], [ 109.2648937, -7.3194194 ], [ 109.2650528, -7.3196422 ], [ 109.265209, -7.3199046 ], [ 109.2653102, -7.3201201 ], [ 109.2660566, -7.3220396 ], [ 109.2662242, -7.3223894 ], [ 109.2664012, -7.3226741 ], [ 109.267224, -7.3237254 ], [ 109.2678523, -7.3245283 ], [ 109.2680192, -7.32476 ], [ 109.2680897, -7.3248615 ], [ 109.2683043, -7.3252014 ], [ 109.2684759, -7.3255366 ], [ 109.2689901, -7.3265579 ], [ 109.2693765, -7.3273253 ], [ 109.2707853, -7.3301814 ], [ 109.2711447, -7.3307973 ], [ 109.2718326, -7.3318746 ], [ 109.272978, -7.3335294 ], [ 109.2733066, -7.3341173 ], [ 109.2734796, -7.3344951 ], [ 109.2736003, -7.3347964 ], [ 109.2737444, -7.3352752 ], [ 109.2738014, -7.3355499 ], [ 109.273855, -7.3359342 ], [ 109.2738611, -7.3361797 ], [ 109.2738524, -7.3364564 ], [ 109.2738383, -7.3367157 ], [ 109.2737062, -7.337839 ], [ 109.2736754, -7.338274 ], [ 109.2736284, -7.3389523 ], [ 109.2736342, -7.3391519 ], [ 109.2736526, -7.3397916 ], [ 109.2736726, -7.3400948 ], [ 109.2738973, -7.3419677 ], [ 109.2739832, -7.3424173 ], [ 109.27403, -7.3426603 ], [ 109.2740777, -7.3429081 ], [ 109.2742004, -7.3434807 ], [ 109.2742353, -7.3437048 ], [ 109.2742588, -7.3439343 ], [ 109.274358, -7.3451839 ], [ 109.2743888, -7.3454512 ], [ 109.2744626, -7.3457957 ], [ 109.2745511, -7.3461003 ], [ 109.2746765, -7.3464488 ], [ 109.2748525, -7.3469812 ], [ 109.2749015, -7.3471155 ] ] } },
{ "type": "Feature", "properties": { "name": "Jalan Pariwisata Baturaden", "highway": "primary", "length": 5264.141476902364, "latitude": -7.3102050989756755, "longitude": 109.24319397597961 }, "geometry": { "type": "LineString", "coordinates": [ [ 109.2533295, -7.3150009 ], [ 109.252612, -7.3151599 ], [ 109.2517135, -7.3153927 ], [ 109.2516176, -7.3153933 ], [ 109.2515586, -7.31538 ], [ 109.2514244, -7.3153208 ], [ 109.2513031, -7.3152224 ], [ 109.2511837, -7.3151146 ], [ 109.2510885, -7.3150069 ], [ 109.2508873, -7.3147515 ], [ 109.2508136, -7.3147023 ], [ 109.2507344, -7.3146677 ], [ 109.2506634, -7.3146491 ], [ 109.2506044, -7.3146491 ], [ 109.2505346, -7.3146644 ], [ 109.2504381, -7.3146817 ], [ 109.2503294, -7.314693 ], [ 109.2502325, -7.3146943 ], [ 109.2497306, -7.314675 ], [ 109.2496602, -7.3146557 ], [ 109.24962, -7.3146211 ], [ 109.2495865, -7.3145081 ], [ 109.2495851, -7.3144003 ], [ 109.2496012, -7.3142553 ], [ 109.24962, -7.3140904 ], [ 109.2496448, -7.313982 ], [ 109.2496495, -7.313968 ], [ 109.2499124, -7.3133841 ], [ 109.2500773, -7.3130675 ], [ 109.2502356, -7.3127629 ], [ 109.2503147, -7.3125873 ], [ 109.2503442, -7.3124795 ], [ 109.2505051, -7.3119727 ], [ 109.2505708, -7.3116202 ], [ 109.2505682, -7.3115218 ], [ 109.2505614, -7.3114127 ], [ 109.2505185, -7.3112318 ], [ 109.2503093, -7.3104058 ], [ 109.2501819, -7.3099628 ], [ 109.250147, -7.3098617 ], [ 109.2500518, -7.3095957 ], [ 109.2498225, -7.3089345 ], [ 109.2497943, -7.3088255 ], [ 109.2497367, -7.308618 ], [ 109.2497045, -7.3084198 ], [ 109.2496696, -7.3081683 ], [ 109.2496495, -7.3079435 ], [ 109.2496401, -7.3075578 ], [ 109.2495824, -7.3066665 ], [ 109.2495529, -7.3065588 ], [ 109.2495301, -7.3065215 ], [ 109.2494953, -7.306475 ], [ 109.2492297, -7.3062389 ], [ 109.2491312, -7.3061404 ], [ 109.2490185, -7.3060107 ], [ 109.2489421, -7.3059063 ], [ 109.2487134, -7.3054873 ], [ 109.2486665, -7.3054235 ], [ 109.2486101, -7.3053731 ], [ 109.2485464, -7.3053377 ], [ 109.2483694, -7.3052731 ], [ 109.2482702, -7.3052552 ], [ 109.2481552, -7.3052565 ], [ 109.24807, -7.3052465 ], [ 109.2479899, -7.3052209 ], [ 109.2479349, -7.3051857 ], [ 109.2479014, -7.3051501 ], [ 109.2477773, -7.3049948 ], [ 109.247715, -7.3049369 ], [ 109.2476844, -7.3049203 ], [ 109.2476499, -7.3049133 ], [ 109.2476321, -7.3049116 ], [ 109.2476137, -7.3049122 ], [ 109.2475839, -7.30492 ], [ 109.2475614, -7.3049313 ], [ 109.2475443, -7.3049484 ], [ 109.2475283, -7.3049788 ], [ 109.2475064, -7.305057 ], [ 109.2474689, -7.3052026 ], [ 109.2474192, -7.3053097 ], [ 109.2473488, -7.3054075 ], [ 109.2470404, -7.3058744 ], [ 109.2469733, -7.3059496 ], [ 109.2469177, -7.3060048 ], [ 109.2468499, -7.3060513 ], [ 109.2467876, -7.3060773 ], [ 109.2466119, -7.3061198 ], [ 109.2464979, -7.3061231 ], [ 109.2464261, -7.3061092 ], [ 109.2463772, -7.3060879 ], [ 109.2463182, -7.3060373 ], [ 109.246233, -7.3059522 ], [ 109.2461868, -7.3059136 ], [ 109.2461398, -7.305895 ], [ 109.2460936, -7.3058877 ], [ 109.2460506, -7.3058957 ], [ 109.2460117, -7.3059256 ], [ 109.245995, -7.3059589 ], [ 109.2459869, -7.3060121 ], [ 109.2459977, -7.3062209 ], [ 109.2460473, -7.3065661 ], [ 109.2460533, -7.3066725 ], [ 109.2460459, -7.3067636 ], [ 109.2460305, -7.30689 ], [ 109.2459668, -7.3071428 ], [ 109.2459494, -7.3072625 ], [ 109.245936, -7.3073928 ], [ 109.2459172, -7.3074893 ], [ 109.2458877, -7.3075724 ], [ 109.2458696, -7.307613 ], [ 109.2458408, -7.3076536 ], [ 109.2457603, -7.3077174 ], [ 109.245486, -7.3078637 ], [ 109.2452225, -7.3080367 ], [ 109.2449087, -7.3082867 ], [ 109.2447853, -7.3084065 ], [ 109.2447048, -7.3085069 ], [ 109.2446519, -7.3085514 ], [ 109.2445969, -7.3085774 ], [ 109.2445288, -7.3085844 ], [ 109.2444648, -7.3085687 ], [ 109.2443971, -7.3085322 ], [ 109.2443427, -7.308477 ], [ 109.2443132, -7.3084051 ], [ 109.2442931, -7.308308 ], [ 109.2442536, -7.3079296 ], [ 109.2442334, -7.3078511 ], [ 109.2442046, -7.3077859 ], [ 109.2441436, -7.3077181 ], [ 109.2440598, -7.3076595 ], [ 109.2439471, -7.3076176 ], [ 109.2438734, -7.3076137 ], [ 109.243819, -7.307624 ], [ 109.2437741, -7.3076449 ], [ 109.2437392, -7.3076748 ], [ 109.2437104, -7.3077201 ], [ 109.243634, -7.3078617 ], [ 109.2435998, -7.307907 ], [ 109.2435585, -7.3079306 ], [ 109.2434978, -7.3079362 ], [ 109.2434523, -7.3079209 ], [ 109.2434234, -7.3078804 ], [ 109.243408, -7.3078291 ], [ 109.2434033, -7.3076575 ], [ 109.2433979, -7.3075545 ], [ 109.2433899, -7.3074973 ], [ 109.2433718, -7.307448 ], [ 109.2433567, -7.3074273 ], [ 109.2433388, -7.3074153 ], [ 109.2433213, -7.307412 ], [ 109.2432999, -7.3074125 ], [ 109.2432806, -7.30742 ], [ 109.2432643, -7.3074324 ], [ 109.2432524, -7.3074534 ], [ 109.2432457, -7.307486 ], [ 109.2432491, -7.3075431 ], [ 109.2432625, -7.3076064 ], [ 109.2432805, -7.3077061 ], [ 109.2432906, -7.3077693 ], [ 109.243296, -7.3078331 ], [ 109.2432994, -7.3079768 ], [ 109.2433014, -7.3080959 ], [ 109.2433108, -7.3082202 ], [ 109.2433188, -7.3083087 ], [ 109.2433202, -7.3083519 ], [ 109.2433111, -7.3083951 ], [ 109.2432806, -7.3084331 ], [ 109.2432404, -7.3084583 ], [ 109.2431934, -7.3084703 ], [ 109.2431404, -7.3084657 ], [ 109.2430881, -7.3084484 ], [ 109.2429829, -7.3083885 ], [ 109.2428833, -7.3082971 ], [ 109.2426181, -7.30803 ], [ 109.2422198, -7.3076509 ], [ 109.2421742, -7.3076136 ], [ 109.2421259, -7.3075777 ], [ 109.2419334, -7.3074879 ], [ 109.2418637, -7.3074354 ], [ 109.2417705, -7.3073217 ], [ 109.2417246, -7.3072522 ], [ 109.2417018, -7.3072322 ], [ 109.2416793, -7.3072219 ], [ 109.2416505, -7.3072186 ], [ 109.241623, -7.3072266 ], [ 109.2416069, -7.3072405 ], [ 109.2415955, -7.3072625 ], [ 109.2415915, -7.3072891 ], [ 109.2416022, -7.3073496 ], [ 109.2416431, -7.3074494 ], [ 109.2417155, -7.3075724 ], [ 109.2417625, -7.3076176 ], [ 109.2418778, -7.3077134 ], [ 109.2419026, -7.3077487 ], [ 109.2419448, -7.307877 ], [ 109.2419542, -7.3079748 ], [ 109.2419395, -7.3080746 ], [ 109.2418952, -7.3083213 ], [ 109.2418443, -7.308445 ], [ 109.2417913, -7.3085122 ], [ 109.2417531, -7.3085461 ], [ 109.2415895, -7.3086459 ], [ 109.2415532, -7.3086785 ], [ 109.2414272, -7.3088368 ], [ 109.2413051, -7.3089658 ], [ 109.2412756, -7.3090084 ], [ 109.2412569, -7.309047 ], [ 109.2412247, -7.3091401 ], [ 109.2411965, -7.3091899 ], [ 109.2411415, -7.3092345 ], [ 109.2410644, -7.3092731 ], [ 109.2409913, -7.3092877 ], [ 109.2409343, -7.3092777 ], [ 109.2408877, -7.3092531 ], [ 109.2408498, -7.3092139 ], [ 109.2407318, -7.3089951 ], [ 109.2407161, -7.3089781 ], [ 109.2406976, -7.3089665 ], [ 109.2406762, -7.3089575 ], [ 109.240656, -7.3089565 ], [ 109.2406218, -7.3089618 ], [ 109.2406017, -7.3089731 ], [ 109.2405883, -7.3089871 ], [ 109.2405729, -7.3090177 ], [ 109.2405239, -7.3091427 ], [ 109.2405062, -7.3091717 ], [ 109.2404844, -7.3092006 ], [ 109.2404579, -7.3092235 ], [ 109.2404274, -7.3092342 ], [ 109.2403878, -7.3092358 ], [ 109.2403476, -7.3092245 ], [ 109.2403194, -7.3092033 ], [ 109.2402933, -7.309176 ], [ 109.2402054, -7.3090416 ], [ 109.2401645, -7.3089911 ], [ 109.2401401, -7.3089675 ], [ 109.2401122, -7.3089528 ], [ 109.2400861, -7.3089452 ], [ 109.2400526, -7.3089474 ], [ 109.2400289, -7.3089588 ], [ 109.2400157, -7.3089718 ], [ 109.2400049, -7.3089898 ], [ 109.2400002, -7.3090104 ], [ 109.2400016, -7.3090576 ], [ 109.240013, -7.3091447 ], [ 109.2400593, -7.3094194 ], [ 109.2400619, -7.3095152 ], [ 109.2400526, -7.3095923 ], [ 109.2400284, -7.3096529 ], [ 109.2399781, -7.3096961 ], [ 109.2399137, -7.309742 ], [ 109.2398608, -7.3097593 ], [ 109.2397837, -7.3097746 ], [ 109.239722, -7.3097673 ], [ 109.2396757, -7.3097466 ], [ 109.2396402, -7.3097081 ], [ 109.23961, -7.3096475 ], [ 109.2395376, -7.3094467 ], [ 109.2395141, -7.3094008 ], [ 109.2394759, -7.3093562 ], [ 109.2393807, -7.3092871 ], [ 109.2392948, -7.3092458 ], [ 109.2388268, -7.3090702 ], [ 109.2387829, -7.3090593 ], [ 109.2387416, -7.3090579 ], [ 109.2387114, -7.3090636 ], [ 109.2386823, -7.3090819 ], [ 109.2386571, -7.3091055 ], [ 109.2386417, -7.3091294 ], [ 109.2386355, -7.3091512 ], [ 109.2385606, -7.309317 ], [ 109.2385169, -7.3093988 ], [ 109.2384466, -7.3095112 ], [ 109.2384003, -7.3095943 ], [ 109.2383514, -7.3096948 ], [ 109.2383363, -7.309721 ], [ 109.2383229, -7.3097367 ], [ 109.2383054, -7.309747 ], [ 109.238288, -7.3097526 ], [ 109.2382709, -7.309753 ], [ 109.2382555, -7.30975 ], [ 109.2381596, -7.3097074 ], [ 109.2381391, -7.3097001 ], [ 109.23812, -7.3096988 ], [ 109.2380934, -7.3097049 ], [ 109.2380732, -7.3097195 ], [ 109.2380615, -7.3097385 ], [ 109.2380533, -7.3097586 ], [ 109.2380489, -7.3097852 ], [ 109.2380436, -7.3099342 ], [ 109.2380305, -7.3099921 ], [ 109.2379966, -7.3100539 ], [ 109.2379423, -7.3101198 ], [ 109.2379256, -7.3101597 ], [ 109.2379128, -7.3102009 ], [ 109.2379121, -7.3102495 ], [ 109.2379262, -7.3102973 ], [ 109.2379685, -7.3103911 ], [ 109.2379993, -7.3104949 ], [ 109.2380751, -7.3108946 ], [ 109.2380825, -7.3109757 ], [ 109.2380778, -7.3110443 ], [ 109.2380489, -7.3111081 ], [ 109.238006, -7.311168 ], [ 109.237894, -7.3112657 ], [ 109.2378733, -7.311301 ], [ 109.2378605, -7.3113648 ], [ 109.2378484, -7.3114759 ], [ 109.2378471, -7.3115617 ], [ 109.2378391, -7.3118257 ], [ 109.237831, -7.3119209 ], [ 109.2378062, -7.3120067 ], [ 109.2377626, -7.3121297 ], [ 109.2377452, -7.3122102 ], [ 109.2376976, -7.3123745 ], [ 109.2376728, -7.3125101 ], [ 109.2376265, -7.3129371 ], [ 109.2376104, -7.3129923 ], [ 109.2375836, -7.3130309 ], [ 109.2375447, -7.3130475 ], [ 109.2375045, -7.3130509 ], [ 109.2374555, -7.3130449 ], [ 109.2374159, -7.3130289 ], [ 109.2373858, -7.313005 ], [ 109.2373703, -7.312971 ], [ 109.237369, -7.3129252 ], [ 109.2373871, -7.312846 ], [ 109.2374495, -7.3126505 ], [ 109.2374749, -7.3125308 ], [ 109.237481, -7.312407 ], [ 109.2374682, -7.312272 ], [ 109.2374191, -7.3121069 ], [ 109.2373154, -7.3119182 ], [ 109.2372315, -7.3118071 ], [ 109.2371216, -7.3116907 ], [ 109.2370545, -7.3116389 ], [ 109.2369918, -7.3116026 ], [ 109.2369271, -7.311581 ], [ 109.2368587, -7.311575 ], [ 109.2368071, -7.311581 ], [ 109.2367668, -7.3115963 ], [ 109.2367266, -7.3116309 ], [ 109.2366622, -7.3117213 ], [ 109.2366046, -7.3118371 ], [ 109.2365912, -7.3118989 ], [ 109.2365965, -7.3119501 ], [ 109.2366207, -7.312 ], [ 109.2366917, -7.3120678 ], [ 109.2367155, -7.3121058 ], [ 109.2367219, -7.3121334 ], [ 109.2367179, -7.312163 ], [ 109.2367038, -7.3121882 ], [ 109.2366817, -7.3122088 ], [ 109.2366455, -7.3122215 ], [ 109.2366119, -7.3122228 ], [ 109.2365576, -7.3122142 ], [ 109.2364141, -7.3121836 ], [ 109.2363652, -7.3121819 ], [ 109.2363327, -7.3121895 ], [ 109.2363045, -7.3122075 ], [ 109.2362891, -7.3122341 ], [ 109.2362847, -7.3122694 ], [ 109.2362898, -7.3123086 ], [ 109.2363049, -7.3123385 ], [ 109.2363859, -7.3124323 ], [ 109.2364262, -7.3124802 ], [ 109.2364537, -7.3125378 ], [ 109.2364611, -7.3125933 ], [ 109.2364564, -7.3126428 ], [ 109.2364396, -7.3126831 ], [ 109.2364222, -7.312703 ], [ 109.2363936, -7.312721 ], [ 109.2363618, -7.3127309 ], [ 109.2363286, -7.3127313 ], [ 109.2363072, -7.3127256 ], [ 109.2361996, -7.3126621 ], [ 109.2361627, -7.3126428 ], [ 109.2361241, -7.3126368 ], [ 109.2360976, -7.3126395 ], [ 109.2360621, -7.3126555 ], [ 109.2360299, -7.3126777 ], [ 109.2359112, -7.3127881 ], [ 109.2358562, -7.3128264 ], [ 109.2357815, -7.3128746 ], [ 109.2356846, -7.3128969 ], [ 109.2354847, -7.3129288 ], [ 109.2351924, -7.312969 ], [ 109.2337172, -7.3130376 ], [ 109.2331834, -7.3130568 ], [ 109.2330319, -7.3130728 ], [ 109.2326845, -7.313122 ], [ 109.2323358, -7.3131646 ], [ 109.2324143, -7.3146444 ], [ 109.2324129, -7.3148579 ], [ 109.2324016, -7.3152253 ] ] } },
{ "type": "Feature", "properties": { "name": "Jalan Baturaden timur", "highway": "primary", "length": 2185.704848360208, "latitude": -7.3568362447884255, "longitude": 109.27528102923735 }, "geometry": { "type": "LineString", "coordinates": [ [ 109.2749015, -7.3471155 ], [ 109.275168, -7.3478933 ], [ 109.2754591, -7.3489348 ], [ 109.2755348, -7.3491775 ], [ 109.2755838, -7.3493684 ], [ 109.2756106, -7.3495805 ], [ 109.2756099, -7.3497621 ], [ 109.2755771, -7.3501671 ], [ 109.2755737, -7.3504018 ], [ 109.2755583, -7.3513834 ], [ 109.2755342, -7.3518636 ], [ 109.2755322, -7.3520578 ], [ 109.2755254, -7.3527381 ], [ 109.2755187, -7.3531172 ], [ 109.2754778, -7.3550937 ], [ 109.2754577, -7.3553617 ], [ 109.2754262, -7.3557148 ], [ 109.2752941, -7.3569651 ], [ 109.275272, -7.3572624 ], [ 109.2752543, -7.3575475 ], [ 109.2752304, -7.3578263 ], [ 109.2751989, -7.3582599 ], [ 109.2751774, -7.3587307 ], [ 109.2751763, -7.3592348 ], [ 109.2751754, -7.3596092 ], [ 109.2751828, -7.3597509 ], [ 109.2751928, -7.3600269 ], [ 109.2751881, -7.3606833 ], [ 109.2751857, -7.3609653 ], [ 109.2751828, -7.3612951 ], [ 109.275148, -7.3626729 ], [ 109.2751465, -7.3627341 ], [ 109.2751472, -7.3632715 ], [ 109.2751305, -7.3634358 ], [ 109.2751305, -7.3635981 ], [ 109.2751057, -7.3638541 ], [ 109.2750266, -7.364591 ], [ 109.2749961, -7.3648851 ], [ 109.274987, -7.364978 ], [ 109.2748711, -7.3657705 ], [ 109.2748488, -7.3659981 ], [ 109.2748096, -7.3662405 ], [ 109.274767, -7.3665358 ], [ 109.2747637, -7.3666299 ] ] } },
{ "type": "Feature", "properties": { "name": "Jalan Baturaden timur", "highway": "primary", "length": 5045.2656157933652, "latitude": -7.3269833019236552, "longitude": 109.2673155490323 }, "geometry": { "type": "LineString", "coordinates": [ [ 109.2749015, -7.3471155 ], [ 109.2748525, -7.3469812 ], [ 109.2746765, -7.3464488 ], [ 109.2745511, -7.3461003 ], [ 109.2744626, -7.3457957 ], [ 109.2743888, -7.3454512 ], [ 109.274358, -7.3451839 ], [ 109.2742588, -7.3439343 ], [ 109.2742353, -7.3437048 ], [ 109.2742004, -7.3434807 ], [ 109.2740777, -7.3429081 ], [ 109.27403, -7.3426603 ], [ 109.2739832, -7.3424173 ], [ 109.2738973, -7.3419677 ], [ 109.2736726, -7.3400948 ], [ 109.2736526, -7.3397916 ], [ 109.2736342, -7.3391519 ], [ 109.2736284, -7.3389523 ], [ 109.2736754, -7.338274 ], [ 109.2737062, -7.337839 ], [ 109.2738383, -7.3367157 ], [ 109.2738524, -7.3364564 ], [ 109.2738611, -7.3361797 ], [ 109.273855, -7.3359342 ], [ 109.2738014, -7.3355499 ], [ 109.2737444, -7.3352752 ], [ 109.2736003, -7.3347964 ], [ 109.2734796, -7.3344951 ], [ 109.2733066, -7.3341173 ], [ 109.272978, -7.3335294 ], [ 109.2718326, -7.3318746 ], [ 109.2711447, -7.3307973 ], [ 109.2707853, -7.3301814 ], [ 109.2693765, -7.3273253 ], [ 109.2689901, -7.3265579 ], [ 109.2684759, -7.3255366 ], [ 109.2683043, -7.3252014 ], [ 109.2680897, -7.3248615 ], [ 109.2680192, -7.32476 ], [ 109.2678523, -7.3245283 ], [ 109.267224, -7.3237254 ], [ 109.2664012, -7.3226741 ], [ 109.2662242, -7.3223894 ], [ 109.2660566, -7.3220396 ], [ 109.2653102, -7.3201201 ], [ 109.265209, -7.3199046 ], [ 109.2650528, -7.3196422 ], [ 109.2648937, -7.3194194 ], [ 109.2646759, -7.3191252 ], [ 109.2642622, -7.3184082 ], [ 109.2641936, -7.3182595 ], [ 109.2639289, -7.3176852 ], [ 109.263776, -7.3173839 ], [ 109.2637284, -7.3173061 ], [ 109.2636754, -7.317239 ], [ 109.2636205, -7.3171977 ], [ 109.2635279, -7.3171598 ], [ 109.263139, -7.3170368 ], [ 109.2629573, -7.3169603 ], [ 109.2627729, -7.3168658 ], [ 109.2626435, -7.31679 ], [ 109.2624852, -7.3166484 ], [ 109.262333, -7.3164774 ], [ 109.2621674, -7.3163085 ], [ 109.2620198, -7.3161675 ], [ 109.2617154, -7.3158941 ], [ 109.2614941, -7.3157212 ], [ 109.2612916, -7.3155895 ], [ 109.2611032, -7.3154771 ], [ 109.2609228, -7.3153913 ], [ 109.2607176, -7.3152929 ], [ 109.2605881, -7.3152417 ], [ 109.2604937, -7.3152044 ], [ 109.2600504, -7.3150249 ], [ 109.2599512, -7.314967 ], [ 109.2598801, -7.3149005 ], [ 109.2598144, -7.3147834 ], [ 109.2597198, -7.3145786 ], [ 109.2596903, -7.3144715 ], [ 109.2596749, -7.3143801 ], [ 109.2596823, -7.3140438 ], [ 109.2596488, -7.3139068 ], [ 109.2596059, -7.3137658 ], [ 109.2594731, -7.3134107 ], [ 109.2594087, -7.3132737 ], [ 109.2593182, -7.3131692 ], [ 109.2592022, -7.3131021 ], [ 109.2591338, -7.3130901 ], [ 109.2590754, -7.3130921 ], [ 109.2590037, -7.3130967 ], [ 109.2589427, -7.3131194 ], [ 109.2588723, -7.3131653 ], [ 109.2587201, -7.3132843 ], [ 109.2585752, -7.3133821 ], [ 109.2584203, -7.3134559 ], [ 109.2582862, -7.3134951 ], [ 109.2578745, -7.3135849 ], [ 109.257106, -7.3137991 ], [ 109.2568278, -7.3138683 ], [ 109.2567014, -7.3139041 ], [ 109.2559366, -7.314121 ], [ 109.2555302, -7.3142374 ], [ 109.2553177, -7.3143092 ], [ 109.2551688, -7.3143917 ], [ 109.2550085, -7.3144868 ], [ 109.2548262, -7.3145939 ], [ 109.2547028, -7.3146478 ], [ 109.2545868, -7.3146976 ], [ 109.2544305, -7.3147462 ], [ 109.2540281, -7.3148645 ], [ 109.2533295, -7.3150009 ] ] } },
{ "type": "Feature", "properties": { "name": null, "highway": "tertiary", "length": 3219.1299851472486, "latitude": -7.3512405104281369, "longitude": 109.26484768853638 }, "geometry": { "type": "LineString", "coordinates": [ [ 109.2749015, -7.3471155 ], [ 109.2747981, -7.3470988 ], [ 109.2746433, -7.3470796 ], [ 109.2737714, -7.3469095 ], [ 109.2729151, -7.3467535 ], [ 109.2715287, -7.3464657 ], [ 109.2709096, -7.3463506 ], [ 109.2702261, -7.3462354 ], [ 109.2699549, -7.3461765 ], [ 109.2693426, -7.3460436 ], [ 109.2688913, -7.3459029 ], [ 109.2683754, -7.3457686 ], [ 109.2680853, -7.3456977 ], [ 109.2674855, -7.3455639 ], [ 109.2670437, -7.345468 ], [ 109.2665849, -7.3453682 ], [ 109.2658072, -7.3451418 ], [ 109.2656993, -7.3454936 ], [ 109.2656261, -7.34568 ], [ 109.2655262, -7.3458799 ], [ 109.265471, -7.3459519 ], [ 109.2653146, -7.3461854 ], [ 109.26526, -7.3463225 ], [ 109.2652183, -7.3464676 ], [ 109.2651656, -7.3467266 ], [ 109.2651205, -7.3469992 ], [ 109.2650668, -7.3472676 ], [ 109.2649509, -7.3477804 ], [ 109.2648965, -7.3480365 ], [ 109.2647517, -7.3484985 ], [ 109.2645721, -7.3489914 ], [ 109.2644379, -7.349379 ], [ 109.2643486, -7.3496084 ], [ 109.2642893, -7.3497505 ], [ 109.2641161, -7.3496421 ], [ 109.2639031, -7.3495155 ], [ 109.2638186, -7.3494724 ], [ 109.2638018, -7.3495069 ], [ 109.2633598, -7.3505206 ], [ 109.2632517, -7.3507473 ], [ 109.2631155, -7.3510203 ], [ 109.2630287, -7.3511653 ], [ 109.2627375, -7.3515612 ], [ 109.2620519, -7.3523985 ], [ 109.2615062, -7.3530367 ], [ 109.2613062, -7.3533218 ], [ 109.2611436, -7.3535537 ], [ 109.2610476, -7.3537949 ], [ 109.2606782, -7.3548641 ], [ 109.2605276, -7.3552539 ], [ 109.2604851, -7.3554548 ], [ 109.2604493, -7.3556522 ], [ 109.2603958, -7.3560294 ], [ 109.2603777, -7.3564289 ], [ 109.2603492, -7.3568062 ], [ 109.2603648, -7.3574378 ], [ 109.260364, -7.357645 ], [ 109.2603875, -7.3579879 ], [ 109.2604252, -7.3591926 ], [ 109.2604617, -7.3598723 ], [ 109.2604693, -7.3601038 ], [ 109.2605542, -7.3615941 ], [ 109.260605, -7.3628141 ] ] } },
{ "type": "Feature", "properties": { "name": [ "Jalan KH. Wahid Hasyim", "Gunung Tugel" ], "highway": "primary", "length": 4849.3862043381914, "latitude": -7.4716053703468548, "longitude": 109.23809410211598 }, "geometry": { "type": "LineString", "coordinates": [ [ 109.2348062, -7.4912959 ], [ 109.234911, -7.4909596 ], [ 109.2350375, -7.4905049 ], [ 109.235233, -7.489575 ], [ 109.2354042, -7.4887776 ], [ 109.2354868, -7.4883686 ], [ 109.2355374, -7.4881183 ], [ 109.2356828, -7.4873987 ], [ 109.2359607, -7.4861408 ], [ 109.2364796, -7.4836307 ], [ 109.2368141, -7.4818344 ], [ 109.2368614, -7.4816292 ], [ 109.2370191, -7.4809412 ], [ 109.2371664, -7.479033 ], [ 109.2372392, -7.4785913 ], [ 109.2372831, -7.4781561 ], [ 109.237314, -7.477743 ], [ 109.237314, -7.4776619 ], [ 109.2372978, -7.4775391 ], [ 109.2372845, -7.4774824 ], [ 109.2372617, -7.4774192 ], [ 109.2372175, -7.4773427 ], [ 109.2370813, -7.4771579 ], [ 109.236921, -7.476982 ], [ 109.2368527, -7.4769172 ], [ 109.2367923, -7.4768767 ], [ 109.236748, -7.4768482 ], [ 109.2366998, -7.4768224 ], [ 109.2366582, -7.4768002 ], [ 109.2364906, -7.476743 ], [ 109.2363031, -7.4766721 ], [ 109.2362089, -7.4766473 ], [ 109.2359843, -7.4765549 ], [ 109.2357139, -7.4764474 ], [ 109.2354512, -7.4762936 ], [ 109.2354001, -7.4762509 ], [ 109.2353095, -7.4761751 ], [ 109.2351646, -7.4760118 ], [ 109.2351119, -7.4759359 ], [ 109.2350568, -7.4758092 ], [ 109.235008, -7.4756261 ], [ 109.2350006, -7.4754785 ], [ 109.2350234, -7.4752431 ], [ 109.2350502, -7.4748987 ], [ 109.2350757, -7.4747711 ], [ 109.2350918, -7.4745357 ], [ 109.2350797, -7.4743283 ], [ 109.2350355, -7.4741541 ], [ 109.2349818, -7.4740318 ], [ 109.2349215, -7.4738509 ], [ 109.2348759, -7.4736555 ], [ 109.2348491, -7.4735212 ], [ 109.2348531, -7.4733975 ], [ 109.2348759, -7.4732805 ], [ 109.2349134, -7.4731661 ], [ 109.2349657, -7.4730651 ], [ 109.2350315, -7.472964 ], [ 109.2350744, -7.4728896 ], [ 109.2351535, -7.4727832 ], [ 109.2352729, -7.4726595 ], [ 109.2353895, -7.4725478 ], [ 109.2354606, -7.472496 ], [ 109.235592, -7.4724135 ], [ 109.2358696, -7.4722322 ], [ 109.2366073, -7.4717713 ], [ 109.2368326, -7.471633 ], [ 109.2369653, -7.4715439 ], [ 109.2371464, -7.4714308 ], [ 109.2376895, -7.4710718 ], [ 109.2377499, -7.4710167 ], [ 109.2378558, -7.4709202 ], [ 109.2379752, -7.4708032 ], [ 109.238061, -7.4707155 ], [ 109.2381267, -7.4706224 ], [ 109.2381696, -7.4705399 ], [ 109.2381991, -7.4704522 ], [ 109.2382018, -7.470379 ], [ 109.2381991, -7.470258 ], [ 109.2381817, -7.4700971 ], [ 109.2380986, -7.4693099 ], [ 109.2380704, -7.4689483 ], [ 109.2380181, -7.468693 ], [ 109.2379135, -7.4683233 ], [ 109.2379028, -7.4682355 ], [ 109.2378893, -7.468173 ], [ 109.2378907, -7.4680986 ], [ 109.2378987, -7.4680494 ], [ 109.2379336, -7.4679603 ], [ 109.2379913, -7.4678659 ], [ 109.2380583, -7.4677914 ], [ 109.2382233, -7.4676159 ], [ 109.238396, -7.4674376 ], [ 109.2387812, -7.4670401 ], [ 109.2388945, -7.4669437 ], [ 109.2389274, -7.4668952 ], [ 109.2389488, -7.4668287 ], [ 109.2389703, -7.4666744 ], [ 109.2390119, -7.466447 ], [ 109.239095, -7.4660548 ], [ 109.2391835, -7.46567 ], [ 109.2392049, -7.4655938 ], [ 109.239331, -7.4652955 ], [ 109.2394866, -7.4650242 ], [ 109.2396287, -7.4646887 ], [ 109.2397808, -7.4643323 ], [ 109.2398342, -7.4642071 ], [ 109.2399826, -7.4638595 ], [ 109.2400884, -7.4636158 ], [ 109.2402064, -7.4633078 ], [ 109.2403065, -7.4630581 ], [ 109.2403757, -7.4628856 ], [ 109.2405935, -7.4622676 ], [ 109.2406261, -7.462175 ], [ 109.2407057, -7.461898 ], [ 109.2407782, -7.4616173 ], [ 109.2408424, -7.4613817 ], [ 109.2409149, -7.4610709 ], [ 109.2409896, -7.4607258 ], [ 109.2410181, -7.4605864 ], [ 109.2410342, -7.4604738 ], [ 109.241057, -7.4603289 ], [ 109.2410825, -7.4600891 ], [ 109.2410852, -7.4600124 ], [ 109.2410888, -7.4598854 ], [ 109.2411026, -7.4594016 ], [ 109.2411254, -7.4589805 ], [ 109.2411442, -7.4585453 ], [ 109.2411589, -7.4584256 ], [ 109.2411643, -7.4583502 ], [ 109.2411818, -7.4582797 ], [ 109.2412125, -7.4581995 ], [ 109.2412921, -7.4580264 ], [ 109.2413816, -7.4578369 ], [ 109.2414419, -7.4577505 ], [ 109.2415556, -7.4575552 ], [ 109.2416323, -7.4574309 ], [ 109.2416511, -7.457391 ], [ 109.2416981, -7.4572837 ], [ 109.2417115, -7.4572266 ], [ 109.2417195, -7.4571867 ], [ 109.2417505, -7.4569648 ], [ 109.2417786, -7.4566987 ], [ 109.2418215, -7.4563493 ], [ 109.2418391, -7.4561645 ], [ 109.2418959, -7.4556727 ], [ 109.2419099, -7.4555427 ], [ 109.2419235, -7.4553959 ], [ 109.2419256, -7.4553732 ], [ 109.241934, -7.455157 ], [ 109.2419555, -7.4549494 ], [ 109.2419929, -7.4546972 ], [ 109.2421553, -7.4540996 ], [ 109.242212, -7.4538728 ], [ 109.2422409, -7.4537523 ], [ 109.2422734, -7.4536482 ], [ 109.2422989, -7.4535883 ], [ 109.2423347, -7.4535284 ], [ 109.2423379, -7.4535231 ], [ 109.2425308, -7.4532683 ], [ 109.2425837, -7.4531969 ], [ 109.2426515, -7.4531026 ], [ 109.2427105, -7.4529975 ], [ 109.242725, -7.4529401 ], [ 109.2427307, -7.4529128 ], [ 109.2427398, -7.4526679 ], [ 109.2427323, -7.4522912 ], [ 109.2427334, -7.4520883 ], [ 109.2427321, -7.4519005 ] ] } },
{ "type": "Feature", "properties": { "name": null, "highway": "primary", "length": 7225.7394190063214, "latitude": -7.5008732682096824, "longitude": 109.26525099888038 }, "geometry": { "type": "LineString", "coordinates": [ [ 109.2348062, -7.4912959 ], [ 109.2353206, -7.491426 ], [ 109.2360699, -7.4916483 ], [ 109.2361136, -7.491657 ], [ 109.2361804, -7.4916726 ], [ 109.2372268, -7.4919386 ], [ 109.2374635, -7.4919758 ], [ 109.2376097, -7.4920011 ], [ 109.2379548, -7.4920609 ], [ 109.239357, -7.492068 ], [ 109.242131, -7.492111 ], [ 109.243257, -7.4921606 ], [ 109.2435604, -7.4922215 ], [ 109.2438233, -7.4923146 ], [ 109.2439762, -7.4923731 ], [ 109.244164, -7.4924833 ], [ 109.244501, -7.492763 ], [ 109.2448698, -7.4931007 ], [ 109.2454894, -7.4936299 ], [ 109.2456959, -7.4937835 ], [ 109.2458971, -7.4938872 ], [ 109.2459719, -7.4939097 ], [ 109.2464874, -7.4940978 ], [ 109.2465557, -7.4941206 ], [ 109.2473931, -7.4944344 ], [ 109.2492918, -7.495126 ], [ 109.2494047, -7.4951703 ], [ 109.2496095, -7.4952417 ], [ 109.2499578, -7.4953686 ], [ 109.2508629, -7.4956983 ], [ 109.2516732, -7.4959866 ], [ 109.2525509, -7.4962988 ], [ 109.2537961, -7.4967686 ], [ 109.2541916, -7.4969337 ], [ 109.2543863, -7.4970511 ], [ 109.2545083, -7.4971229 ], [ 109.2547686, -7.4972905 ], [ 109.2551235, -7.4975088 ], [ 109.2557178, -7.4978916 ], [ 109.2562472, -7.4982493 ], [ 109.2563237, -7.4982963 ], [ 109.2567488, -7.4985726 ], [ 109.2575955, -7.4991187 ], [ 109.2580676, -7.4994059 ], [ 109.2587148, -7.4998067 ], [ 109.2588241, -7.4998744 ], [ 109.2595612, -7.5003309 ], [ 109.260099, -7.500664 ], [ 109.2605245, -7.5009523 ], [ 109.2612685, -7.5014948 ], [ 109.2613031, -7.50152 ], [ 109.2615759, -7.5017294 ], [ 109.2620378, -7.5021225 ], [ 109.2625415, -7.5025391 ], [ 109.2628144, -7.502748 ], [ 109.2630494, -7.5029335 ], [ 109.2632121, -7.5030517 ], [ 109.2634409, -7.5031852 ], [ 109.2634857, -7.5032113 ], [ 109.263717, -7.503307 ], [ 109.263884, -7.5033483 ], [ 109.2640141, -7.5033615 ], [ 109.2640825, -7.5033589 ], [ 109.264171, -7.5033575 ], [ 109.264787, -7.503336 ], [ 109.2649717, -7.5033297 ], [ 109.2656745, -7.5033058 ], [ 109.2662771, -7.5032986 ], [ 109.2665186, -7.5032956 ], [ 109.2670117, -7.5033107 ], [ 109.2675062, -7.5033565 ], [ 109.2681527, -7.5034347 ], [ 109.2687267, -7.5035248 ], [ 109.2691652, -7.5035982 ], [ 109.269377, -7.503624 ], [ 109.2707761, -7.5038721 ], [ 109.2708349, -7.5038825 ], [ 109.271328, -7.50397 ], [ 109.272147, -7.504134 ], [ 109.2723967, -7.5041913 ], [ 109.2736319, -7.5044748 ], [ 109.274423, -7.504662 ], [ 109.2746688, -7.5047206 ], [ 109.2764545, -7.5051459 ], [ 109.2767999, -7.5052282 ], [ 109.2771171, -7.5053086 ], [ 109.2774171, -7.5053919 ], [ 109.2776772, -7.505477 ], [ 109.2781755, -7.5056726 ], [ 109.2783019, -7.5057277 ], [ 109.27838, -7.5057575 ], [ 109.2784705, -7.5057841 ], [ 109.2785392, -7.5057994 ], [ 109.2786133, -7.5058113 ], [ 109.278809, -7.5058189 ], [ 109.2788936, -7.5058207 ], [ 109.2790546, -7.5058094 ], [ 109.2792825, -7.5057827 ], [ 109.2793737, -7.5057668 ], [ 109.279473, -7.5057575 ], [ 109.2795253, -7.5057529 ], [ 109.2795756, -7.5057516 ], [ 109.2796171, -7.5057558 ], [ 109.2796583, -7.5057629 ], [ 109.2796956, -7.5057708 ], [ 109.2797338, -7.5057788 ], [ 109.2798206, -7.505803 ], [ 109.2799122, -7.5058346 ], [ 109.2800268, -7.5058891 ], [ 109.2803009, -7.506021 ], [ 109.2804104, -7.5060693 ], [ 109.2805257, -7.5061211 ], [ 109.2806384, -7.5061677 ], [ 109.2807679, -7.5062028 ], [ 109.281085, -7.5062668 ], [ 109.2813975, -7.506308 ], [ 109.2816013, -7.5063306 ], [ 109.2822933, -7.506401 ], [ 109.2824791, -7.5064137 ], [ 109.2829712, -7.5064788 ], [ 109.2836358, -7.5065619 ], [ 109.2846322, -7.5066537 ], [ 109.2850144, -7.5066896 ], [ 109.2854717, -7.5067348 ], [ 109.2857373, -7.5067467 ], [ 109.2862576, -7.50678 ], [ 109.2864682, -7.5067933 ], [ 109.2873144, -7.5068411 ], [ 109.287993, -7.506889 ], [ 109.2887789, -7.5069701 ], [ 109.2890507, -7.5070184 ], [ 109.2900422, -7.5074355 ], [ 109.2900746, -7.5074415 ], [ 109.2905223, -7.5075246 ], [ 109.2909381, -7.5076004 ], [ 109.2915201, -7.5076761 ], [ 109.2920566, -7.5077267 ], [ 109.2925694, -7.5077689 ], [ 109.293116, -7.5078344 ], [ 109.2934218, -7.5078596 ], [ 109.2936954, -7.5078995 ], [ 109.2939046, -7.5079075 ], [ 109.2940655, -7.5078729 ], [ 109.2942721, -7.507736 ], [ 109.2945977, -7.5075077 ], [ 109.2946532, -7.5074529 ], [ 109.2948112, -7.5073308 ], [ 109.2948377, -7.5073103 ], [ 109.2949956, -7.5072 ], [ 109.2950928, -7.5071017 ], [ 109.2953133, -7.5069053 ], [ 109.2954183, -7.5068409 ], [ 109.2955059, -7.5068172 ], [ 109.2956494, -7.5068119 ], [ 109.2957457, -7.5068082 ], [ 109.2962123, -7.50679 ] ] } },
{ "type": "Feature", "properties": { "name": null, "highway": "primary", "length": 1411.9937217858405, "latitude": -7.4897828306467904, "longitude": 109.22859599043237 }, "geometry": { "type": "LineString", "coordinates": [ [ 109.2348062, -7.4912959 ], [ 109.2340876, -7.4910782 ], [ 109.2338555, -7.4910037 ], [ 109.2334119, -7.4908761 ], [ 109.2328599, -7.4907236 ], [ 109.2327218, -7.4906863 ], [ 109.2326877, -7.4906771 ], [ 109.2320873, -7.490528 ], [ 109.2319892, -7.4905036 ], [ 109.231702, -7.4904363 ], [ 109.2315494, -7.4904004 ], [ 109.2313473, -7.4903366 ], [ 109.230957, -7.4902523 ], [ 109.230581, -7.4901482 ], [ 109.2304362, -7.490121 ], [ 109.2301351, -7.4900957 ], [ 109.2295019, -7.4900267 ], [ 109.2284472, -7.4897868 ], [ 109.2279829, -7.4896731 ], [ 109.2278967, -7.489652 ], [ 109.2276407, -7.4896027 ], [ 109.2271434, -7.4894866 ], [ 109.2265731, -7.4893432 ], [ 109.226095, -7.489223 ], [ 109.2259087, -7.4891837 ], [ 109.225602, -7.489119 ], [ 109.2245163, -7.488852 ], [ 109.2239149, -7.4887164 ], [ 109.2234421, -7.4885966 ], [ 109.2230675, -7.4885107 ], [ 109.2223623, -7.488348 ] ] } },
{ "type": "Feature", "properties": { "name": "Jalan Desa Klahang", "highway": "tertiary", "length": 3163.9408008437149, "latitude": -7.4298683721719918, "longitude": 109.30922668764195 }, "geometry": { "type": "LineString", "coordinates": [ [ 109.3125359, -7.4435478 ], [ 109.3124829, -7.4432998 ], [ 109.3124333, -7.4430737 ], [ 109.3123837, -7.4428396 ], [ 109.3123502, -7.4426721 ], [ 109.3123099, -7.4424952 ], [ 109.312259, -7.442192 ], [ 109.3122013, -7.4418676 ], [ 109.3121362, -7.4416056 ], [ 109.312094, -7.4413848 ], [ 109.3120511, -7.4411814 ], [ 109.3120162, -7.4410484 ], [ 109.31198, -7.4408596 ], [ 109.311976, -7.4407798 ], [ 109.3119733, -7.4406056 ], [ 109.31198, -7.4405018 ], [ 109.311984, -7.4403489 ], [ 109.3119948, -7.4400311 ], [ 109.3119974, -7.4397997 ], [ 109.3119881, -7.4394672 ], [ 109.3119827, -7.4391388 ], [ 109.3119907, -7.4390337 ], [ 109.3119948, -7.4388635 ], [ 109.311984, -7.4387119 ], [ 109.3119746, -7.4385816 ], [ 109.3119666, -7.4384739 ], [ 109.3119746, -7.4383409 ], [ 109.3119612, -7.4381787 ], [ 109.3119371, -7.4380372 ], [ 109.311917, -7.4379193 ], [ 109.3118647, -7.4375749 ], [ 109.3118615, -7.4375337 ], [ 109.311858, -7.4374885 ], [ 109.3118405, -7.4373754 ], [ 109.3118083, -7.4372451 ], [ 109.3117681, -7.4369619 ], [ 109.3117225, -7.4367039 ], [ 109.311685, -7.4364778 ], [ 109.3116528, -7.4363249 ], [ 109.3116313, -7.4361347 ], [ 109.3116125, -7.4360509 ], [ 109.3115804, -7.4359738 ], [ 109.3115616, -7.4358275 ], [ 109.3115374, -7.435644 ], [ 109.3115227, -7.4354618 ], [ 109.3114878, -7.4352517 ], [ 109.3114717, -7.4351453 ], [ 109.3114248, -7.4348594 ], [ 109.3113738, -7.4345575 ], [ 109.3112947, -7.4340602 ], [ 109.3112732, -7.4339112 ], [ 109.3112585, -7.4338075 ], [ 109.3112116, -7.4336546 ], [ 109.3111753, -7.4335389 ], [ 109.3111418, -7.4334604 ], [ 109.3110788, -7.4332982 ], [ 109.3110037, -7.4331 ], [ 109.3109391, -7.4329286 ], [ 109.3108696, -7.4327443 ], [ 109.3107161, -7.4323184 ], [ 109.3106483, -7.4321492 ], [ 109.3105061, -7.4318221 ], [ 109.3103459, -7.4313716 ], [ 109.3102071, -7.4310348 ], [ 109.3101212, -7.4308313 ], [ 109.3100448, -7.4306492 ], [ 109.3099388, -7.4303832 ], [ 109.3098423, -7.4301531 ], [ 109.309625, -7.4295946 ], [ 109.3090282, -7.4280719 ], [ 109.3086165, -7.4270386 ], [ 109.308418, -7.4265412 ], [ 109.3082115, -7.4260864 ], [ 109.3078639, -7.4252953 ], [ 109.3077026, -7.4250013 ], [ 109.3075721, -7.424742 ], [ 109.3074149, -7.4244514 ], [ 109.3073197, -7.4242659 ], [ 109.3072761, -7.4241774 ], [ 109.3072359, -7.4240983 ], [ 109.307204, -7.4240305 ], [ 109.3071768, -7.4239444 ], [ 109.3070556, -7.4234794 ], [ 109.3070474, -7.423448 ], [ 109.3068731, -7.4227591 ], [ 109.3066552, -7.4219313 ], [ 109.3066468, -7.4219008 ], [ 109.306513, -7.421414 ], [ 109.3063745, -7.4209901 ], [ 109.3063031, -7.4208212 ], [ 109.3062776, -7.420748 ], [ 109.3062562, -7.4206945 ], [ 109.3062283, -7.4206137 ], [ 109.3061827, -7.4205496 ], [ 109.3061462, -7.4205156 ], [ 109.3060569, -7.4204543 ], [ 109.3059336, -7.4203906 ], [ 109.3058766, -7.4203481 ], [ 109.3058176, -7.4202995 ], [ 109.3057449, -7.4202008 ], [ 109.3056359, -7.4200016 ], [ 109.3055015, -7.4198012 ], [ 109.3053281, -7.4195767 ], [ 109.3052641, -7.419498 ], [ 109.3052115, -7.4194105 ], [ 109.3051833, -7.4193753 ], [ 109.305125, -7.419221 ], [ 109.3050821, -7.41911 ], [ 109.3050499, -7.4190182 ], [ 109.3049768, -7.418846 ], [ 109.3049526, -7.4187835 ], [ 109.3049171, -7.4186811 ], [ 109.3048661, -7.4185335 ], [ 109.3047937, -7.4182814 ], [ 109.3047887, -7.4182612 ], [ 109.3047592, -7.4181414 ], [ 109.3047488, -7.418099 ], [ 109.3047246, -7.4180008 ], [ 109.3046683, -7.4178034 ], [ 109.3046113, -7.4175228 ], [ 109.304553, -7.417187 ], [ 109.3044671, -7.416657 ] ] } },
{ "type": "Feature", "properties": { "name": [ "Jalan Griya Karen Indah", "Jalan Karang Duren" ], "highway": "tertiary", "length": 2937.0057986263146, "latitude": -7.447406207219192, "longitude": 109.30310294682278 }, "geometry": { "type": "LineString", "coordinates": [ [ 109.3125359, -7.4435478 ], [ 109.3120296, -7.4436049 ], [ 109.3114503, -7.4436628 ], [ 109.3110533, -7.4437014 ], [ 109.310663, -7.4437379 ], [ 109.3105678, -7.4437472 ], [ 109.3099, -7.443831 ], [ 109.3094896, -7.4438716 ], [ 109.3094294, -7.4438779 ], [ 109.3092023, -7.4438991 ], [ 109.3089283, -7.4439188 ], [ 109.3088264, -7.4439294 ], [ 109.3087681, -7.4439364 ], [ 109.3086877, -7.443945 ], [ 109.3086296, -7.443954 ], [ 109.3079339, -7.4440571 ], [ 109.3070448, -7.4442062 ], [ 109.3066786, -7.4442685 ], [ 109.3066617, -7.4442055 ], [ 109.3066495, -7.444169 ], [ 109.3066243, -7.4441309 ], [ 109.3065928, -7.4441076 ], [ 109.3065459, -7.4440817 ], [ 109.3064694, -7.4440371 ], [ 109.3063393, -7.443978 ], [ 109.3059926, -7.4437971 ], [ 109.3058445, -7.443716 ], [ 109.3056782, -7.4436242 ], [ 109.3055052, -7.4435405 ], [ 109.3054475, -7.4435165 ], [ 109.3054026, -7.4435039 ], [ 109.3053509, -7.4434913 ], [ 109.3052933, -7.4434886 ], [ 109.3052293, -7.4434923 ], [ 109.3051444, -7.4435052 ], [ 109.3049566, -7.4435351 ], [ 109.3046234, -7.4435927 ], [ 109.3039391, -7.4436947 ], [ 109.3033407, -7.4437829 ], [ 109.3027436, -7.4438644 ], [ 109.3024313, -7.4439148 ], [ 109.3022463, -7.4439467 ], [ 109.3021262, -7.4439633 ], [ 109.3020791, -7.44397 ], [ 109.3020156, -7.4439813 ], [ 109.3018795, -7.4440052 ], [ 109.3017266, -7.4440305 ], [ 109.3015784, -7.4440491 ], [ 109.3014523, -7.4440677 ], [ 109.3013752, -7.4440744 ], [ 109.3013229, -7.4440737 ], [ 109.3012817, -7.4440744 ], [ 109.3012482, -7.4440697 ], [ 109.3011995, -7.4440498 ], [ 109.301162, -7.4440391 ], [ 109.3010221, -7.4440099 ], [ 109.300909, -7.4440097 ], [ 109.300595, -7.4440039 ], [ 109.3005726, -7.4442599 ], [ 109.3005578, -7.4443849 ], [ 109.3005548, -7.44446 ], [ 109.3005538, -7.4445285 ], [ 109.3005528, -7.4446099 ], [ 109.3005538, -7.444708 ], [ 109.3005565, -7.444837 ], [ 109.3005665, -7.4449161 ], [ 109.3006055, -7.4451016 ], [ 109.3006229, -7.4451821 ], [ 109.3006336, -7.4453078 ], [ 109.300639, -7.4453995 ], [ 109.3006423, -7.4454587 ], [ 109.3006383, -7.4454933 ], [ 109.3006349, -7.4455325 ], [ 109.3006279, -7.4455549 ], [ 109.3006034, -7.445577 ], [ 109.3005551, -7.4455897 ], [ 109.3000562, -7.4456043 ], [ 109.2999905, -7.445605 ], [ 109.2999302, -7.4456056 ], [ 109.2998933, -7.4456136 ], [ 109.2998578, -7.4456435 ], [ 109.2998457, -7.4456748 ], [ 109.2998444, -7.4458197 ], [ 109.2998745, -7.4462273 ], [ 109.2998866, -7.4465318 ], [ 109.2999235, -7.4470112 ], [ 109.2999815, -7.4478676 ], [ 109.3000254, -7.4483261 ], [ 109.3000471, -7.4485909 ], [ 109.3000656, -7.4488011 ], [ 109.3001025, -7.4491781 ], [ 109.3001226, -7.4493915 ], [ 109.3001427, -7.4496302 ], [ 109.3001709, -7.4501967 ], [ 109.3001769, -7.4503118 ], [ 109.3001904, -7.4504733 ], [ 109.3002035, -7.4506025 ], [ 109.3002124, -7.4507958 ], [ 109.3002151, -7.4513285 ], [ 109.3002111, -7.4514285 ], [ 109.3002075, -7.4515765 ], [ 109.3002068, -7.4516894 ], [ 109.3002018, -7.451776 ], [ 109.3001971, -7.4518762 ], [ 109.3002043, -7.4519487 ], [ 109.3002232, -7.4521375 ], [ 109.3002373, -7.4522738 ], [ 109.3002512, -7.452415 ], [ 109.3002567, -7.4525883 ], [ 109.3002584, -7.4531852 ], [ 109.3002655, -7.4533656 ], [ 109.3002574, -7.4537047 ], [ 109.3002275, -7.4540672 ], [ 109.3002236, -7.4541149 ], [ 109.3002206, -7.4541359 ], [ 109.3002114, -7.4542119 ], [ 109.3001548, -7.4545511 ], [ 109.3000207, -7.4554016 ], [ 109.3000015, -7.4555763 ], [ 109.2999645, -7.4558509 ], [ 109.299912, -7.4561985 ], [ 109.2998912, -7.4563045 ], [ 109.2998545, -7.4564404 ], [ 109.2998056, -7.4565988 ], [ 109.299647, -7.4569307 ], [ 109.2995408, -7.4571395 ], [ 109.2994046, -7.4573597 ] ] } },
{ "type": "Feature", "properties": { "name": "Jalan Desa Klahang", "highway": "tertiary", "length": 490.98651064611704, "latitude": -7.4457296648366444, "longitude": 109.3128678757773 }, "geometry": { "type": "LineString", "coordinates": [ [ 109.3125359, -7.4435478 ], [ 109.3126157, -7.443962 ], [ 109.3126559, -7.4441708 ], [ 109.3126962, -7.4444195 ], [ 109.3127297, -7.4446774 ], [ 109.3127565, -7.4448902 ], [ 109.3127941, -7.4451096 ], [ 109.3128316, -7.4453357 ], [ 109.3128625, -7.4455032 ], [ 109.3128987, -7.4457858 ], [ 109.3129418, -7.4461474 ], [ 109.3130133, -7.4467752 ], [ 109.3130556, -7.4471748 ], [ 109.3130797, -7.4474354 ], [ 109.3130958, -7.4476043 ], [ 109.3131175, -7.4479226 ] ] } },
{ "type": "Feature", "properties": { "name": "Jalan Mesjid", "highway": "primary", "length": 11.575800506322791, "latitude": -7.4247863, "longitude": 109.2295477 }, "geometry": { "type": "LineString", "coordinates": [ [ 109.2295633, -7.424836 ], [ 109.2295321, -7.4247366 ] ] } },
{ "type": "Feature", "properties": { "name": null, "highway": "tertiary", "length": 305.61059756714099, "latitude": -7.4483832901553662, "longitude": 109.25397318061712 }, "geometry": { "type": "LineString", "coordinates": [ [ 109.2541173, -7.4470168 ], [ 109.2540965, -7.4471555 ], [ 109.2539817, -7.4484062 ], [ 109.2538785, -7.4492209 ], [ 109.2538356, -7.4496252 ], [ 109.2538069, -7.4497466 ] ] } },
{ "type": "Feature", "properties": { "name": "Jalan Sultan Agung", "highway": "secondary", "length": 362.22255369708216, "latitude": -7.4472949052945614, "longitude": 109.25250518843934 }, "geometry": { "type": "LineString", "coordinates": [ [ 109.2541173, -7.4470168 ], [ 109.2539454, -7.4470414 ], [ 109.2534145, -7.4471174 ], [ 109.2533101, -7.4471324 ], [ 109.2530246, -7.4471689 ], [ 109.2529686, -7.4471761 ], [ 109.2529017, -7.4471628 ], [ 109.2524323, -7.4472493 ], [ 109.2520729, -7.4473477 ], [ 109.2517116, -7.447459 ], [ 109.2509204, -7.4477027 ] ] } },
{ "type": "Feature", "properties": { "name": "Jalan Sultan Agung", "highway": "secondary", "length": 1177.7762446151173, "latitude": -7.4481385895663514, "longitude": 109.25896061811355 }, "geometry": { "type": "LineString", "coordinates": [ [ 109.2541173, -7.4470168 ], [ 109.2542833, -7.4469978 ], [ 109.2551011, -7.4468849 ], [ 109.2556912, -7.4468024 ], [ 109.2560522, -7.4467596 ], [ 109.2561968, -7.4467479 ], [ 109.2563783, -7.4467526 ], [ 109.2566326, -7.4467758 ], [ 109.2568784, -7.4468094 ], [ 109.2572415, -7.4468663 ], [ 109.2576444, -7.4469461 ], [ 109.2578946, -7.4470152 ], [ 109.2580897, -7.4470807 ], [ 109.2582317, -7.4471317 ], [ 109.2585598, -7.447345 ], [ 109.2587804, -7.4475038 ], [ 109.2590064, -7.4476748 ], [ 109.2592236, -7.4478902 ], [ 109.2593858, -7.4480699 ], [ 109.2594437, -7.4481318 ], [ 109.2595665, -7.4482631 ], [ 109.2599586, -7.4487493 ], [ 109.2601812, -7.4490205 ], [ 109.2604296, -7.4492797 ], [ 109.2606023, -7.4494686 ], [ 109.260689, -7.4495422 ], [ 109.260843, -7.4496622 ], [ 109.2609587, -7.4496856 ], [ 109.2611832, -7.4497025 ], [ 109.2615642, -7.4497132 ], [ 109.2619984, -7.4497253 ], [ 109.2623645, -7.4497123 ], [ 109.2633522, -7.449736 ], [ 109.2635199, -7.4497526 ], [ 109.2635785, -7.4497622 ], [ 109.2636275, -7.4497778 ], [ 109.2636607, -7.449797 ] ] } },
{ "type": "Feature", "properties": { "name": [ "Jalan Suwatio", "Jalan Pancurawis" ], "highway": "tertiary", "length": 2019.630908092018, "latitude": -7.4380510318351476, "longitude": 109.25429274111943 }, "geometry": { "type": "LineString", "coordinates": [ [ 109.2541173, -7.4470168 ], [ 109.2541461, -7.4468237 ], [ 109.2541999, -7.4464833 ], [ 109.2542305, -7.4463341 ], [ 109.2542884, -7.4460524 ], [ 109.2543444, -7.4457707 ], [ 109.2544064, -7.4454594 ], [ 109.2545083, -7.4449407 ], [ 109.2546357, -7.4443409 ], [ 109.2546536, -7.4442606 ], [ 109.2546585, -7.4442386 ], [ 109.2546773, -7.444107 ], [ 109.2547148, -7.4437652 ], [ 109.2547283, -7.4434088 ], [ 109.2547436, -7.4431059 ], [ 109.254747, -7.443084 ], [ 109.2547493, -7.4430222 ], [ 109.2547407, -7.4425012 ], [ 109.2547461, -7.4415158 ], [ 109.254747, -7.4413423 ], [ 109.2547548, -7.4403215 ], [ 109.2547604, -7.4401703 ], [ 109.2547524, -7.4400125 ], [ 109.2547108, -7.4395678 ], [ 109.2546824, -7.4392636 ], [ 109.254614, -7.4386942 ], [ 109.2545766, -7.4384922 ], [ 109.2545421, -7.4383059 ], [ 109.254529, -7.4382333 ], [ 109.2544756, -7.4380574 ], [ 109.2544314, -7.437912 ], [ 109.2542951, -7.4375219 ], [ 109.254283, -7.4374845 ], [ 109.2542495, -7.4373808 ], [ 109.2542347, -7.4373103 ], [ 109.2542207, -7.4372293 ], [ 109.254216, -7.4370677 ], [ 109.2542257, -7.4368507 ], [ 109.2542278, -7.4362412 ], [ 109.2542422, -7.4361227 ], [ 109.2542578, -7.4354226 ], [ 109.2542791, -7.4347191 ], [ 109.2542804, -7.4346308 ], [ 109.2542973, -7.4340957 ], [ 109.2542923, -7.4337889 ], [ 109.2542849, -7.4334815 ], [ 109.2542569, -7.4333926 ], [ 109.2542325, -7.4333318 ], [ 109.2542129, -7.4332979 ], [ 109.2541054, -7.433094 ], [ 109.2540098, -7.4328729 ], [ 109.2539606, -7.432781 ], [ 109.2537836, -7.4324916 ], [ 109.253639, -7.4321178 ], [ 109.2535842, -7.4320203 ], [ 109.2535695, -7.4319617 ], [ 109.2535603, -7.4318233 ], [ 109.2535575, -7.4316973 ], [ 109.2535589, -7.431485 ], [ 109.2535676, -7.4310722 ], [ 109.2535671, -7.4307304 ], [ 109.2535515, -7.4303852 ], [ 109.2535296, -7.4300981 ], [ 109.2535271, -7.4297213 ], [ 109.2535258, -7.4296039 ], [ 109.2535235, -7.4293884 ], [ 109.2535234, -7.4291391 ] ] } },
{ "type": "Feature", "properties": { "name": [ "Jayadiwangsa", "Pangebatan" ], "highway": [ "secondary", "tertiary" ], "length": 2053.0648542735066, "latitude": -7.4288324242923194, "longitude": 109.20157306306744 }, "geometry": { "type": "LineString", "coordinates": [ [ 109.2050015, -7.4358925 ], [ 109.2049619, -7.4358202 ], [ 109.2048318, -7.4355064 ], [ 109.2046361, -7.4350827 ], [ 109.204384, -7.434482 ], [ 109.2043148, -7.4343322 ], [ 109.2042882, -7.4342581 ], [ 109.2040745, -7.4337767 ], [ 109.2039433, -7.4334976 ], [ 109.2037755, -7.4332628 ], [ 109.2032938, -7.433266 ], [ 109.2032376, -7.4332637 ], [ 109.2029857, -7.4332493 ], [ 109.2026033, -7.4332373 ], [ 109.2023453, -7.4332293 ], [ 109.2013782, -7.433178 ], [ 109.2012892, -7.4331779 ], [ 109.2012182, -7.4331686 ], [ 109.2012168, -7.433019 ], [ 109.201205, -7.4320813 ], [ 109.2012051, -7.4320321 ], [ 109.2012056, -7.4318155 ], [ 109.2012196, -7.4314736 ], [ 109.2012329, -7.4309071 ], [ 109.2012253, -7.430588 ], [ 109.2011947, -7.430093 ], [ 109.2011927, -7.4299162 ], [ 109.2011517, -7.4293552 ], [ 109.2010889, -7.4287692 ], [ 109.2010471, -7.4285158 ], [ 109.2009937, -7.4281215 ], [ 109.2009832, -7.4280419 ], [ 109.200891, -7.4274807 ], [ 109.2008304, -7.427039 ], [ 109.2008181, -7.4266672 ], [ 109.2007315, -7.4260412 ], [ 109.200557, -7.4250637 ], [ 109.200439, -7.4242347 ], [ 109.2003541, -7.4234655 ], [ 109.200301, -7.4229829 ], [ 109.2002727, -7.422682 ], [ 109.2002275, -7.4219897 ], [ 109.2002205, -7.4219057 ], [ 109.2002097, -7.4216621 ], [ 109.2001849, -7.4212764 ], [ 109.2001813, -7.4211862 ], [ 109.2001443, -7.4205794 ], [ 109.2001437, -7.4204809 ], [ 109.2002272, -7.4204038 ], [ 109.2002715, -7.4203546 ], [ 109.2003237, -7.4202842 ] ] } },
{ "type": "Feature", "properties": { "name": "Pangebatan", "highway": "tertiary", "length": 1159.9615724755356, "latitude": -7.4360757052050426, "longitude": 109.20997296973854 }, "geometry": { "type": "LineString", "coordinates": [ [ 109.2050015, -7.4358925 ], [ 109.2050598, -7.4359113 ], [ 109.2050953, -7.4359166 ], [ 109.2051396, -7.4359219 ], [ 109.2054183, -7.4359375 ], [ 109.2058102, -7.4359684 ], [ 109.2059363, -7.4359768 ], [ 109.206105, -7.4359881 ], [ 109.2063694, -7.4360057 ], [ 109.2067497, -7.436035 ], [ 109.2069997, -7.4360576 ], [ 109.2074516, -7.4360735 ], [ 109.207744, -7.4360829 ], [ 109.2079045, -7.4360935 ], [ 109.2079916, -7.4361013 ], [ 109.2080263, -7.436102 ], [ 109.208042, -7.4361039 ], [ 109.2085018, -7.436152 ], [ 109.2085581, -7.4361573 ], [ 109.2086157, -7.436164 ], [ 109.208672, -7.4361693 ], [ 109.2090244, -7.4362098 ], [ 109.2092123, -7.4362204 ], [ 109.2095344, -7.4362384 ], [ 109.2098865, -7.4362655 ], [ 109.2099541, -7.436269 ], [ 109.2100212, -7.4362757 ], [ 109.2104269, -7.4362977 ], [ 109.2107762, -7.4363169 ], [ 109.2109144, -7.4363236 ], [ 109.2110418, -7.4363262 ], [ 109.2111432, -7.436328 ], [ 109.211366, -7.4363284 ], [ 109.2114522, -7.4363315 ], [ 109.2118325, -7.4363294 ], [ 109.2120798, -7.4363182 ], [ 109.2121804, -7.4363182 ], [ 109.2122313, -7.4363209 ], [ 109.212271, -7.4363267 ], [ 109.2123172, -7.4363408 ], [ 109.2125733, -7.4364486 ], [ 109.2128504, -7.4365594 ], [ 109.213002, -7.4366285 ], [ 109.2130864, -7.4366684 ], [ 109.2131714, -7.4367058 ], [ 109.2131793, -7.4366919 ], [ 109.2131858, -7.4366823 ], [ 109.2131941, -7.43667 ], [ 109.2132037, -7.4366534 ], [ 109.2132264, -7.4366174 ], [ 109.2132331, -7.4365982 ], [ 109.2132385, -7.4365775 ], [ 109.2132506, -7.4364712 ], [ 109.2132594, -7.4363106 ], [ 109.2132635, -7.4361671 ], [ 109.2132613, -7.4361321 ], [ 109.2132143, -7.4358633 ], [ 109.2131661, -7.4355775 ], [ 109.2131554, -7.435523 ], [ 109.2131379, -7.4354405 ], [ 109.2131111, -7.4353182 ], [ 109.2130789, -7.4351839 ], [ 109.2129931, -7.4348568 ], [ 109.2129462, -7.4346314 ], [ 109.2129604, -7.4345254 ] ] } },
{ "type": "Feature", "properties": { "name": null, "highway": "tertiary", "length": 1211.4148363202482, "latitude": -7.4411367608942145, "longitude": 109.20573004807451 }, "geometry": { "type": "LineString", "coordinates": [ [ 109.2050015, -7.4358925 ], [ 109.2051572, -7.4362392 ], [ 109.2052641, -7.4365007 ], [ 109.2053979, -7.4368206 ], [ 109.2054195, -7.4368611 ], [ 109.2056552, -7.4374285 ], [ 109.2057033, -7.4375138 ], [ 109.2057699, -7.4376321 ], [ 109.2059067, -7.4380217 ], [ 109.2060261, -7.4383395 ], [ 109.2060622, -7.4384313 ], [ 109.2060757, -7.4384898 ], [ 109.206073, -7.4385736 ], [ 109.2060703, -7.4386481 ], [ 109.2060462, -7.4388224 ], [ 109.2060047, -7.439233 ], [ 109.2059858, -7.4394845 ], [ 109.2059725, -7.4396388 ], [ 109.2059388, -7.4401583 ], [ 109.2058825, -7.4410524 ], [ 109.2057911, -7.4418955 ], [ 109.2057429, -7.4424605 ], [ 109.2056989, -7.44295 ], [ 109.2056667, -7.443393 ], [ 109.2056561, -7.4435956 ], [ 109.2056479, -7.4437199 ], [ 109.2056479, -7.4438942 ], [ 109.2056049, -7.4443304 ], [ 109.2055861, -7.4445884 ], [ 109.2055754, -7.444728 ], [ 109.2055567, -7.4449832 ], [ 109.2055543, -7.445271 ], [ 109.2055715, -7.4453996 ], [ 109.2055942, -7.4455272 ], [ 109.2056049, -7.4456242 ], [ 109.205617, -7.4456894 ], [ 109.2056304, -7.4457453 ], [ 109.2056425, -7.4457798 ], [ 109.2056586, -7.4458224 ], [ 109.2056787, -7.4458649 ], [ 109.2057318, -7.4459517 ], [ 109.2057632, -7.4460032 ], [ 109.205798, -7.4460444 ], [ 109.2059295, -7.446208 ], [ 109.2060825, -7.4464016 ] ] } },
{ "type": "Feature", "properties": { "name": "Kamandaka", "highway": "secondary", "length": 968.89282808243433, "latitude": -7.4085731473059138, "longitude": 109.2204625356668 }, "geometry": { "type": "LineString", "coordinates": [ [ 109.216162, -7.4094318 ], [ 109.2162749, -7.4094 ], [ 109.216931, -7.4092997 ], [ 109.2170348, -7.4092838 ], [ 109.2180878, -7.4091087 ], [ 109.2181931, -7.4090883 ], [ 109.2188855, -7.4089392 ], [ 109.2195644, -7.4087673 ], [ 109.2203873, -7.4085184 ], [ 109.2205582, -7.408467 ], [ 109.2205905, -7.4084573 ], [ 109.2210155, -7.4083457 ], [ 109.2216441, -7.4082507 ], [ 109.2224348, -7.4081312 ], [ 109.2227851, -7.4080782 ], [ 109.2230833, -7.4080439 ], [ 109.2233389, -7.4080145 ], [ 109.2240422, -7.4079161 ], [ 109.2247856, -7.4078519 ] ] } },
{ "type": "Feature", "properties": { "name": [ "Jalan KS. Tubun", "Jalan KS Tubun" ], "highway": "secondary", "length": 1565.073672010207, "latitude": -7.4163348874110921, "longitude": 109.21666558424839 }, "geometry": { "type": "LineString", "coordinates": [ [ 109.216162, -7.4094318 ], [ 109.2161311, -7.4095649 ], [ 109.2160719, -7.4098929 ], [ 109.2159802, -7.4104279 ], [ 109.2159027, -7.4109292 ], [ 109.2158208, -7.4114199 ], [ 109.2157825, -7.4116652 ], [ 109.215759, -7.4118434 ], [ 109.2157569, -7.4123589 ], [ 109.2157691, -7.4123953 ], [ 109.2158817, -7.4129791 ], [ 109.2158981, -7.4130349 ], [ 109.2160203, -7.4134501 ], [ 109.2160786, -7.4136327 ], [ 109.2160925, -7.4136748 ], [ 109.2161129, -7.413726 ], [ 109.2161741, -7.4139348 ], [ 109.2163077, -7.4144041 ], [ 109.2163608, -7.4145752 ], [ 109.2163785, -7.4146387 ], [ 109.2164155, -7.4147612 ], [ 109.2165233, -7.4150776 ], [ 109.2166377, -7.4154135 ], [ 109.2166655, -7.4154952 ], [ 109.2166783, -7.4155451 ], [ 109.2167024, -7.4156682 ], [ 109.2167178, -7.4157524 ], [ 109.2167427, -7.4158889 ], [ 109.2167652, -7.4160965 ], [ 109.2168097, -7.4165068 ], [ 109.2168155, -7.4165599 ], [ 109.2168294, -7.4166842 ], [ 109.2168519, -7.4168695 ], [ 109.2168579, -7.4169211 ], [ 109.2168816, -7.4171231 ], [ 109.2169056, -7.4172782 ], [ 109.2169112, -7.4173262 ], [ 109.2169501, -7.4176604 ], [ 109.2169726, -7.4178519 ], [ 109.2169863, -7.4179689 ], [ 109.2170281, -7.418325 ], [ 109.2170673, -7.418796 ], [ 109.2170715, -7.4188395 ], [ 109.2171616, -7.4195571 ], [ 109.2171962, -7.4198162 ], [ 109.2172408, -7.4201947 ], [ 109.2172521, -7.420272 ], [ 109.2172824, -7.4205323 ], [ 109.2173202, -7.4208373 ], [ 109.2173591, -7.4211217 ], [ 109.2174467, -7.421858 ], [ 109.2174652, -7.4220075 ], [ 109.2175337, -7.4225601 ], [ 109.2175368, -7.4225871 ], [ 109.217599, -7.4230725 ], [ 109.2176272, -7.423283 ] ] } },
{ "type": "Feature", "properties": { "name": "Pasir Wetan", "highway": "secondary", "length": 1170.4375892765265, "latitude": -7.4098636076880116, "longitude": 109.21138530868642 }, "geometry": { "type": "LineString", "coordinates": [ [ 109.216162, -7.4094318 ], [ 109.2159188, -7.4094695 ], [ 109.2155398, -7.4095004 ], [ 109.2152543, -7.4095376 ], [ 109.2145064, -7.4096351 ], [ 109.2144736, -7.4096389 ], [ 109.2121864, -7.409903 ], [ 109.212111, -7.4099117 ], [ 109.2119126, -7.4099346 ], [ 109.2110998, -7.4100284 ], [ 109.2108824, -7.4100535 ], [ 109.2108493, -7.4100491 ], [ 109.2108218, -7.4100401 ], [ 109.210797, -7.4100295 ], [ 109.2107781, -7.4100162 ], [ 109.2106504, -7.4098314 ], [ 109.2102161, -7.4092746 ], [ 109.2101727, -7.4092475 ], [ 109.2101204, -7.4092395 ], [ 109.2100762, -7.4092342 ], [ 109.2100321, -7.4092409 ], [ 109.2099154, -7.409281 ], [ 109.2097715, -7.4093572 ], [ 109.2097335, -7.4093911 ], [ 109.2096998, -7.4094369 ], [ 109.2096859, -7.4094962 ], [ 109.2096969, -7.4095747 ], [ 109.2099115, -7.409995 ], [ 109.2099246, -7.4100441 ], [ 109.2099199, -7.4100969 ], [ 109.2099106, -7.4101106 ], [ 109.2098864, -7.4101266 ], [ 109.2098522, -7.4101438 ], [ 109.2098147, -7.4101497 ], [ 109.209548, -7.4101821 ], [ 109.2093698, -7.4102055 ], [ 109.2092417, -7.4102303 ], [ 109.2086428, -7.4104073 ], [ 109.2083611, -7.4104046 ], [ 109.2080832, -7.4103505 ], [ 109.2077872, -7.4102929 ], [ 109.2070517, -7.4101618 ] ] } },
{ "type": "Feature", "properties": { "name": "KS Tubun", "highway": "secondary", "length": 728.13777176757526, "latitude": -7.406202386173554, "longitude": 109.2166981419802 }, "geometry": { "type": "LineString", "coordinates": [ [ 109.216162, -7.4094318 ], [ 109.2161814, -7.4092382 ], [ 109.2162229, -7.4090198 ], [ 109.2162923, -7.4086547 ], [ 109.2163582, -7.4082152 ], [ 109.2164319, -7.4078061 ], [ 109.2166766, -7.4064964 ], [ 109.2166879, -7.4064361 ], [ 109.2167241, -7.4062413 ], [ 109.216772, -7.4059838 ], [ 109.2168586, -7.4053614 ], [ 109.2169249, -7.404884 ], [ 109.2169472, -7.4047119 ], [ 109.2171513, -7.4031357 ], [ 109.2171639, -7.4029622 ] ] } },
{ "type": "Feature", "properties": { "name": "Jalan KH. Wahid Hasyim", "highway": "primary", "length": 906.16201403322157, "latitude": -7.4439422375303685, "longitude": 109.24401421272746 }, "geometry": { "type": "LineString", "coordinates": [ [ 109.2433858, -7.4479637 ], [ 109.2434245, -7.4477631 ], [ 109.2434626, -7.447563 ], [ 109.2435406, -7.4470649 ], [ 109.2435507, -7.4469737 ], [ 109.243563, -7.4468898 ], [ 109.243595, -7.4466852 ], [ 109.2436127, -7.4465784 ], [ 109.2436813, -7.4461854 ], [ 109.2437034, -7.4460485 ], [ 109.2437281, -7.4459061 ], [ 109.2437544, -7.445755 ], [ 109.2437757, -7.4456087 ], [ 109.2438993, -7.4449801 ], [ 109.2439476, -7.4446657 ], [ 109.2439653, -7.4445441 ], [ 109.2440099, -7.4442542 ], [ 109.2440187, -7.4441799 ], [ 109.2440417, -7.4440455 ], [ 109.244141, -7.443502 ], [ 109.2442628, -7.4427833 ], [ 109.2442911, -7.4426152 ], [ 109.2443872, -7.4420549 ], [ 109.2443973, -7.441757 ], [ 109.2444, -7.4414692 ], [ 109.24438, -7.4410791 ], [ 109.2443715, -7.4409076 ], [ 109.2443598, -7.440563 ], [ 109.2443524, -7.440343 ], [ 109.2443492, -7.4402493 ], [ 109.2443312, -7.4398998 ] ] } },
{ "type": "Feature", "properties": { "name": "Jalan KH. Agus Salim", "highway": "secondary", "length": 498.42662902609158, "latitude": -7.4478350079576705, "longitude": 109.24113036127548 }, "geometry": { "type": "LineString", "coordinates": [ [ 109.2433858, -7.4479637 ], [ 109.2431925, -7.4479557 ], [ 109.2425683, -7.4479238 ], [ 109.2425122, -7.447922 ], [ 109.2423056, -7.4479155 ], [ 109.2420808, -7.4479058 ], [ 109.2419518, -7.4479018 ], [ 109.2418684, -7.4478971 ], [ 109.2414031, -7.447871 ], [ 109.2411275, -7.4478552 ], [ 109.2406774, -7.4478244 ], [ 109.2398464, -7.4477694 ], [ 109.2398021, -7.4477665 ], [ 109.2395896, -7.4477298 ], [ 109.2393195, -7.4476832 ], [ 109.2391862, -7.4476602 ], [ 109.2389797, -7.447611 ], [ 109.2388952, -7.4475711 ] ] } },
{ "type": "Feature", "properties": { "name": "Jalan KH. Wahid Hasyim", "highway": "primary", "length": 443.65705880669088, "latitude": -7.4499321361426789, "longitude": 109.24305929350136 }, "geometry": { "type": "LineString", "coordinates": [ [ 109.2433858, -7.4479637 ], [ 109.2433497, -7.4481669 ], [ 109.2432848, -7.4485601 ], [ 109.243254, -7.4487227 ], [ 109.2431838, -7.4491637 ], [ 109.2430719, -7.4498621 ], [ 109.243027, -7.4501422 ], [ 109.2429735, -7.4504767 ], [ 109.2427321, -7.4519005 ] ] } },
{ "type": "Feature", "properties": { "name": "Jalan Sultan Agung", "highway": "secondary", "length": 841.20613195995179, "latitude": -7.4481008473590462, "longitude": 109.24718440779932 }, "geometry": { "type": "LineString", "coordinates": [ [ 109.2433858, -7.4479637 ], [ 109.243513, -7.4479778 ], [ 109.2442407, -7.4480097 ], [ 109.2444048, -7.4480187 ], [ 109.2449563, -7.4480466 ], [ 109.2453819, -7.4480735 ], [ 109.245567, -7.4480874 ], [ 109.2459766, -7.4481309 ], [ 109.2465408, -7.4481907 ], [ 109.2468962, -7.448228 ], [ 109.2473495, -7.4482572 ], [ 109.2483138, -7.4482147 ], [ 109.2484613, -7.4482047 ], [ 109.2487912, -7.4481987 ], [ 109.2489678, -7.4481894 ], [ 109.2494711, -7.4481628 ], [ 109.2496897, -7.4481402 ], [ 109.2498842, -7.4480977 ], [ 109.2500942, -7.4480274 ], [ 109.2504794, -7.4478658 ], [ 109.2509204, -7.4477027 ] ] } },
{ "type": "Feature", "properties": { "name": "Jalan Letnan Jenderal Suprapto", "highway": "tertiary", "length": 187.14921097201363, "latitude": -7.4240755929677498, "longitude": 109.24386449413318 }, "geometry": { "type": "LineString", "coordinates": [ [ 109.2437778, -7.4249127 ], [ 109.2437843, -7.4248328 ], [ 109.2438423, -7.4242737 ], [ 109.2438702, -7.4239956 ], [ 109.2439349, -7.4234363 ], [ 109.2439588, -7.4232393 ] ] } },
{ "type": "Feature", "properties": { "name": "Jalan Kyai Mohammad Syafei", "highway": "tertiary", "length": 173.43358988851753, "latitude": -7.4248038697210994, "longitude": 109.24299905642667 }, "geometry": { "type": "LineString", "coordinates": [ [ 109.2437778, -7.4249127 ], [ 109.2430782, -7.4248167 ], [ 109.2427974, -7.4247774 ], [ 109.2422211, -7.4246896 ] ] } },
{ "type": "Feature", "properties": { "name": [ "Jalan Mayor Jenderal DI. Panjaitan", "Jalan Hos. Notosuwiryo" ], "highway": "tertiary", "length": 2042.1912517197416, "latitude": -7.438822288670905, "longitude": 109.24926913881632 }, "geometry": { "type": "LineString", "coordinates": [ [ 109.2509204, -7.4477027 ], [ 109.2508511, -7.4475276 ], [ 109.2507215, -7.4472564 ], [ 109.2506978, -7.4472068 ], [ 109.2505403, -7.4469853 ], [ 109.2503666, -7.4467355 ], [ 109.250251, -7.4465795 ], [ 109.250182, -7.4464979 ], [ 109.2501153, -7.4464014 ], [ 109.2500823, -7.4463276 ], [ 109.2500741, -7.4462397 ], [ 109.2500347, -7.4457863 ], [ 109.2500248, -7.4456718 ], [ 109.2499952, -7.4451691 ], [ 109.2499658, -7.4448919 ], [ 109.2499435, -7.4447042 ], [ 109.2498348, -7.4438272 ], [ 109.2498166, -7.4436803 ], [ 109.2497459, -7.4431451 ], [ 109.2496806, -7.4426619 ], [ 109.2496167, -7.442355 ], [ 109.2495421, -7.4420494 ], [ 109.2494793, -7.4418346 ], [ 109.2494021, -7.4414896 ], [ 109.2493595, -7.4413191 ], [ 109.2492187, -7.440792 ], [ 109.2491753, -7.4405685 ], [ 109.2490526, -7.440082 ], [ 109.249015, -7.439906 ], [ 109.2489681, -7.4396902 ], [ 109.2489556, -7.439573 ], [ 109.2489454, -7.4393954 ], [ 109.2489307, -7.4390942 ], [ 109.2489283, -7.439042 ], [ 109.2489223, -7.4389038 ], [ 109.2489193, -7.4388319 ], [ 109.248909, -7.4385637 ], [ 109.2488834, -7.4377382 ], [ 109.2488638, -7.4371268 ], [ 109.24886, -7.4369314 ], [ 109.2488532, -7.4365942 ], [ 109.2488518, -7.4365231 ], [ 109.2488328, -7.435567 ], [ 109.2488277, -7.4353152 ], [ 109.2488172, -7.4347843 ], [ 109.2488124, -7.4345435 ], [ 109.2488003, -7.4339384 ], [ 109.248795, -7.4336704 ], [ 109.2487609, -7.4327407 ], [ 109.2487472, -7.4323186 ], [ 109.2487425, -7.4320836 ], [ 109.2487345, -7.4316835 ], [ 109.24873, -7.4312878 ], [ 109.2487264, -7.4309065 ], [ 109.2487224, -7.4302962 ], [ 109.2487156, -7.4296878 ] ] } },
{ "type": "Feature", "properties": { "name": "Jalan Sultan Agung", "highway": "secondary", "length": 362.22255369708211, "latitude": -7.4472949052945614, "longitude": 109.25250518843934 }, "geometry": { "type": "LineString", "coordinates": [ [ 109.2509204, -7.4477027 ], [ 109.2517116, -7.447459 ], [ 109.2520729, -7.4473477 ], [ 109.2524323, -7.4472493 ], [ 109.2529017, -7.4471628 ], [ 109.2529686, -7.4471761 ], [ 109.2530246, -7.4471689 ], [ 109.2533101, -7.4471324 ], [ 109.2534145, -7.4471174 ], [ 109.2539454, -7.4470414 ], [ 109.2541173, -7.4470168 ] ] } },
{ "type": "Feature", "properties": { "name": "Jalan Sultan Agung", "highway": "secondary", "length": 841.20613195995179, "latitude": -7.4481008473590427, "longitude": 109.24718440779927 }, "geometry": { "type": "LineString", "coordinates": [ [ 109.2509204, -7.4477027 ], [ 109.2504794, -7.4478658 ], [ 109.2500942, -7.4480274 ], [ 109.2498842, -7.4480977 ], [ 109.2496897, -7.4481402 ], [ 109.2494711, -7.4481628 ], [ 109.2489678, -7.4481894 ], [ 109.2487912, -7.4481987 ], [ 109.2484613, -7.4482047 ], [ 109.2483138, -7.4482147 ], [ 109.2473495, -7.4482572 ], [ 109.2468962, -7.448228 ], [ 109.2465408, -7.4481907 ], [ 109.2459766, -7.4481309 ], [ 109.245567, -7.4480874 ], [ 109.2453819, -7.4480735 ], [ 109.2449563, -7.4480466 ], [ 109.2444048, -7.4480187 ], [ 109.2442407, -7.4480097 ], [ 109.243513, -7.4479778 ], [ 109.2433858, -7.4479637 ] ] } },
{ "type": "Feature", "properties": { "name": null, "highway": "primary", "length": 36.341921149234182, "latitude": -7.4370341401000974, "longitude": 109.2621681802884 }, "geometry": { "type": "LineString", "coordinates": [ [ 109.2621818, -7.4371956 ], [ 109.2621581, -7.4370669 ], [ 109.2621656, -7.4369936 ], [ 109.2621746, -7.4368716 ] ] } },
{ "type": "Feature", "properties": { "name": "Jalan Jenderal Sudirman", "highway": "primary", "length": 248.84817895410885, "latitude": -7.4277220620554774, "longitude": 109.24758823448657 }, "geometry": { "type": "LineString", "coordinates": [ [ 109.2487161, -7.4277016 ], [ 109.2485887, -7.4276983 ], [ 109.2479733, -7.4277257 ], [ 109.2478003, -7.4277273 ], [ 109.2474206, -7.4277233 ], [ 109.2473006, -7.4277239 ], [ 109.2471701, -7.4277266 ], [ 109.24646, -7.4277356 ] ] } },
{ "type": "Feature", "properties": { "name": "Jalan Brigadir Jenderal Katamso", "highway": "tertiary", "length": 170.95399046150305, "latitude": -7.4269332789387423, "longitude": 109.24869165132345 }, "geometry": { "type": "LineString", "coordinates": [ [ 109.2487161, -7.4277016 ], [ 109.2487148, -7.4276404 ], [ 109.2487113, -7.4275567 ], [ 109.2486844, -7.4267251 ], [ 109.2486689, -7.4261649 ] ] } },
{ "type": "Feature", "properties": { "name": "Jalan Mayor Jenderal DI. Panjaitan", "highway": "tertiary", "length": 220.85577025952193, "latitude": -7.4286946997533061, "longitude": 109.24871612682264 }, "geometry": { "type": "LineString", "coordinates": [ [ 109.2487161, -7.4277016 ], [ 109.2487166, -7.4279147 ], [ 109.2487156, -7.4296878 ] ] } },
{ "type": "Feature", "properties": { "name": "Jalan Jenderal Sudirman", "highway": "primary", "length": 272.44591368680557, "latitude": -7.4276715166100944, "longitude": 109.2499511112777 }, "geometry": { "type": "LineString", "coordinates": [ [ 109.2511863, -7.4276471 ], [ 109.2510328, -7.4276495 ], [ 109.2500946, -7.4276674 ], [ 109.2494097, -7.4276817 ], [ 109.249122, -7.4276876 ], [ 109.2488877, -7.4276986 ], [ 109.2487161, -7.4277016 ] ] } },
{ "type": "Feature", "properties": { "name": "Jalan Jenderal Sudirman", "highway": "primary", "length": 230.7490484774608, "latitude": -7.4276150424475462, "longitude": 109.25223206427721 }, "geometry": { "type": "LineString", "coordinates": [ [ 109.2511863, -7.4276471 ], [ 109.2513008, -7.427647 ], [ 109.2521995, -7.4276118 ], [ 109.252623, -7.4275983 ], [ 109.2532781, -7.4275941 ] ] } },
{ "type": "Feature", "properties": { "name": null, "highway": "tertiary", "length": 20.693989668507275, "latitude": -7.4158531, "longitude": 109.26300284999998 }, "geometry": { "type": "LineString", "coordinates": [ [ 109.2630833, -7.415901 ], [ 109.2629224, -7.4158052 ] ] } },
{ "type": "Feature", "properties": { "name": "Jalan Senopati", "highway": "secondary", "length": 31.857948339561936, "latitude": -7.4160035018524821, "longitude": 109.26298400820468 }, "geometry": { "type": "LineString", "coordinates": [ [ 109.2630833, -7.415901 ], [ 109.2630136, -7.4159581 ], [ 109.2628956, -7.4161164 ] ] } },
{ "type": "Feature", "properties": { "name": "Jalan Senopati", "highway": "secondary", "length": 812.28227589178391, "latitude": -7.4146525853245233, "longitude": 109.26649743094721 }, "geometry": { "type": "LineString", "coordinates": [ [ 109.2630833, -7.415901 ], [ 109.2632014, -7.4158438 ], [ 109.2635563, -7.4157696 ], [ 109.263712, -7.4157371 ], [ 109.2637563, -7.4157278 ], [ 109.2638869, -7.415692 ], [ 109.2639403, -7.4156689 ], [ 109.2639886, -7.4156436 ], [ 109.264039, -7.4156133 ], [ 109.2640972, -7.4155645 ], [ 109.2641058, -7.4155533 ], [ 109.2642241, -7.4154496 ], [ 109.2643192, -7.4153882 ], [ 109.2643706, -7.4153591 ], [ 109.2644539, -7.4153119 ], [ 109.2646296, -7.4152027 ], [ 109.2648335, -7.4150804 ], [ 109.2652667, -7.4149248 ], [ 109.2653355, -7.4148986 ], [ 109.2655697, -7.4148397 ], [ 109.2658648, -7.4147639 ], [ 109.2659439, -7.41474 ], [ 109.2659895, -7.41473 ], [ 109.2661142, -7.4147001 ], [ 109.2664281, -7.4146243 ], [ 109.2672547, -7.4144212 ], [ 109.267289, -7.4144115 ], [ 109.267348, -7.4143929 ], [ 109.2678163, -7.4142729 ], [ 109.2686073, -7.4140644 ], [ 109.2687915, -7.4140037 ], [ 109.2688461, -7.4139713 ], [ 109.2690489, -7.4138643 ], [ 109.2690665, -7.4138559 ], [ 109.2691565, -7.413809 ], [ 109.2693476, -7.4136813 ], [ 109.2698646, -7.413297 ] ] } },
{ "type": "Feature", "properties": { "name": null, "highway": "tertiary", "length": 20.693989668507275, "latitude": -7.4158531, "longitude": 109.26300284999998 }, "geometry": { "type": "LineString", "coordinates": [ [ 109.2629224, -7.4158052 ], [ 109.2630833, -7.415901 ] ] } },
{ "type": "Feature", "properties": { "name": [ "Mesjid Baru", "Jalan A Jaelani" ], "highway": "tertiary", "length": 2081.3028312684614, "latitude": -7.4082158635703621, "longitude": 109.25869398722953 }, "geometry": { "type": "LineString", "coordinates": [ [ 109.2629224, -7.4158052 ], [ 109.2629358, -7.4156443 ], [ 109.2629358, -7.4154927 ], [ 109.2629278, -7.4154235 ], [ 109.2629077, -7.4153185 ], [ 109.2628584, -7.415219 ], [ 109.2628084, -7.4151097 ], [ 109.2627695, -7.4150153 ], [ 109.2627387, -7.4149142 ], [ 109.2627186, -7.4148078 ], [ 109.2626944, -7.4146696 ], [ 109.2626864, -7.4145032 ], [ 109.262685, -7.4143105 ], [ 109.2626555, -7.4141588 ], [ 109.2625844, -7.4138902 ], [ 109.2625187, -7.4136328 ], [ 109.2624618, -7.4134307 ], [ 109.2624141, -7.4132618 ], [ 109.2623205, -7.4128485 ], [ 109.2622176, -7.4124882 ], [ 109.2620952, -7.4121736 ], [ 109.2620321, -7.4119858 ], [ 109.2619299, -7.4117819 ], [ 109.2618739, -7.4116731 ], [ 109.2618081, -7.4115625 ], [ 109.2617751, -7.4114943 ], [ 109.2617068, -7.411364 ], [ 109.2615035, -7.4109664 ], [ 109.2614331, -7.410838 ], [ 109.2612742, -7.4105515 ], [ 109.2610656, -7.4101259 ], [ 109.2609242, -7.4098632 ], [ 109.2608786, -7.4097814 ], [ 109.2608041, -7.4096298 ], [ 109.2607224, -7.4094749 ], [ 109.2604668, -7.4091451 ], [ 109.2603347, -7.4089822 ], [ 109.2602801, -7.4089034 ], [ 109.2601551, -7.4087209 ], [ 109.2597661, -7.4082148 ], [ 109.2595173, -7.4078777 ], [ 109.2593282, -7.4076217 ], [ 109.2592786, -7.4075552 ], [ 109.2591899, -7.407436 ], [ 109.2586376, -7.4066941 ], [ 109.2583251, -7.4062632 ], [ 109.2582178, -7.4061262 ], [ 109.2579996, -7.4058551 ], [ 109.257933, -7.4057506 ], [ 109.2577988, -7.4055517 ], [ 109.2576035, -7.4053023 ], [ 109.2575358, -7.4052167 ], [ 109.2573716, -7.405009 ], [ 109.257233, -7.4048144 ], [ 109.2571181, -7.4046553 ], [ 109.2568526, -7.4042856 ], [ 109.2567104, -7.4041034 ], [ 109.2566487, -7.4040197 ], [ 109.2564811, -7.4037922 ], [ 109.2564616, -7.4037729 ], [ 109.2564301, -7.4037576 ], [ 109.2564033, -7.4037509 ], [ 109.2563751, -7.4037583 ], [ 109.256178, -7.4038487 ], [ 109.2557991, -7.4040408 ], [ 109.2554384, -7.4042058 ], [ 109.255313, -7.4042643 ], [ 109.2551467, -7.4043374 ], [ 109.2549777, -7.4044066 ], [ 109.2548783, -7.4044452 ], [ 109.2545532, -7.4045068 ], [ 109.2545418, -7.404509 ], [ 109.2543461, -7.4045349 ], [ 109.2543272, -7.4045376 ], [ 109.2542509, -7.4045484 ], [ 109.2541585, -7.4045633 ], [ 109.2537989, -7.4046087 ], [ 109.2536846, -7.4046241 ], [ 109.2532944, -7.4046768 ], [ 109.253025, -7.4047271 ], [ 109.2524985, -7.4048224 ], [ 109.2521097, -7.4048929 ], [ 109.2520568, -7.4049093 ], [ 109.2517899, -7.4049798 ] ] } },
{ "type": "Feature", "properties": { "name": "Mesjid Baru", "highway": "tertiary", "length": 34.729869307042279, "latitude": -7.4159608045812542, "longitude": 109.26290905333298 }, "geometry": { "type": "LineString", "coordinates": [ [ 109.2629224, -7.4158052 ], [ 109.262913, -7.4159156 ], [ 109.2628956, -7.4161164 ] ] } },
{ "type": "Feature", "properties": { "name": "KH Ahmad Zein", "highway": "tertiary", "length": 1258.580971507427, "latitude": -7.4157640473977153, "longitude": 109.20646506393282 }, "geometry": { "type": "LineString", "coordinates": [ [ 109.2061973, -7.4214069 ], [ 109.2062051, -7.4213383 ], [ 109.2062178, -7.4208986 ], [ 109.2062239, -7.4205887 ], [ 109.2062298, -7.4204387 ], [ 109.2062351, -7.4203507 ], [ 109.2062397, -7.4202217 ], [ 109.2062485, -7.4199719 ], [ 109.2062442, -7.4195964 ], [ 109.2062556, -7.4193473 ], [ 109.2062591, -7.4192604 ], [ 109.2062622, -7.419207 ], [ 109.2062646, -7.4190965 ], [ 109.2062683, -7.4189951 ], [ 109.2062672, -7.4188335 ], [ 109.206267, -7.4187064 ], [ 109.2062814, -7.4182373 ], [ 109.2062804, -7.4181814 ], [ 109.206286, -7.4178694 ], [ 109.2062848, -7.4177513 ], [ 109.2063001, -7.4173146 ], [ 109.2062999, -7.417211 ], [ 109.2063136, -7.4170625 ], [ 109.2063107, -7.416843 ], [ 109.2063123, -7.4166763 ], [ 109.206315, -7.4164977 ], [ 109.2063128, -7.4163693 ], [ 109.2063247, -7.4162328 ], [ 109.2063718, -7.4156978 ], [ 109.206408, -7.4155714 ], [ 109.2065064, -7.4149024 ], [ 109.2065434, -7.4145739 ], [ 109.2065729, -7.4138062 ], [ 109.2065717, -7.4137789 ], [ 109.2065741, -7.4137307 ], [ 109.2065742, -7.4137159 ], [ 109.2065732, -7.4134307 ], [ 109.2065873, -7.413184 ], [ 109.2065926, -7.4128728 ], [ 109.206593, -7.4127671 ], [ 109.2065815, -7.4124552 ], [ 109.2065947, -7.4122783 ], [ 109.2066437, -7.412025 ], [ 109.2067625, -7.4116773 ], [ 109.2068186, -7.4114525 ], [ 109.2068843, -7.4111533 ], [ 109.2069172, -7.4109943 ], [ 109.206937, -7.410899 ], [ 109.2069772, -7.4107047 ], [ 109.2070517, -7.4101618 ] ] } },
{ "type": "Feature", "properties": { "name": "Jalan Brawijaya Banjar Anyar", "highway": "tertiary", "length": 267.65679188746458, "latitude": -7.4153564601289848, "longitude": 109.31241226674173 }, "geometry": { "type": "LineString", "coordinates": [ [ 109.3119221, -7.4142716 ], [ 109.3119787, -7.4145777 ], [ 109.3120066, -7.414671 ], [ 109.3120391, -7.4147612 ], [ 109.3120819, -7.4148544 ], [ 109.3121382, -7.4149568 ], [ 109.3122738, -7.4151558 ], [ 109.3123492, -7.4152904 ], [ 109.3124413, -7.4154488 ], [ 109.3124656, -7.4154897 ], [ 109.3125352, -7.4156071 ], [ 109.3126292, -7.4157536 ], [ 109.3126917, -7.4158521 ], [ 109.3128561, -7.4160976 ], [ 109.312974, -7.4162764 ], [ 109.3130441, -7.41638 ] ] } },
{ "type": "Feature", "properties": { "name": "Jalan Brawijaya Banjar Anyar", "highway": "tertiary", "length": 1533.5956490184126, "latitude": -7.4078621173068369, "longitude": 109.30945828176868 }, "geometry": { "type": "LineString", "coordinates": [ [ 109.3119221, -7.4142716 ], [ 109.3118888, -7.4140431 ], [ 109.3117426, -7.4132119 ], [ 109.3117289, -7.4131369 ], [ 109.3116862, -7.4130062 ], [ 109.3116167, -7.4127238 ], [ 109.3115469, -7.4124733 ], [ 109.3113631, -7.4119538 ], [ 109.3111445, -7.4114538 ], [ 109.3108428, -7.4107769 ], [ 109.3106966, -7.4104723 ], [ 109.310427, -7.4099137 ], [ 109.3104123, -7.4098832 ], [ 109.3102285, -7.4094948 ], [ 109.310132, -7.4093073 ], [ 109.3100367, -7.4091012 ], [ 109.3098637, -7.4087222 ], [ 109.3097082, -7.4083754 ], [ 109.309613, -7.4081703 ], [ 109.3095271, -7.4079827 ], [ 109.3094136, -7.4077552 ], [ 109.3092938, -7.4075045 ], [ 109.3091825, -7.4072686 ], [ 109.3090403, -7.4069712 ], [ 109.3088888, -7.4066355 ], [ 109.3087319, -7.4063363 ], [ 109.3086299, -7.4061209 ], [ 109.3085535, -7.4059546 ], [ 109.3083711, -7.4055517 ], [ 109.3082705, -7.4053362 ], [ 109.3081351, -7.4050583 ], [ 109.3079607, -7.4046945 ], [ 109.3078984, -7.4045698 ], [ 109.3078296, -7.4044272 ], [ 109.3077358, -7.4042063 ], [ 109.3077294, -7.4041911 ], [ 109.3076617, -7.4040103 ], [ 109.3076026, -7.4038853 ], [ 109.3075436, -7.4036898 ], [ 109.3074616, -7.4034408 ], [ 109.3074028, -7.4032389 ], [ 109.3073358, -7.4029942 ], [ 109.3072298, -7.4026311 ], [ 109.3070863, -7.4021657 ], [ 109.3068932, -7.4014741 ] ] } },
{ "type": "Feature", "properties": { "name": "Jatiwinangun", "highway": "tertiary", "length": 690.11256406359871, "latitude": -7.4198594956835331, "longitude": 109.2431403985974 }, "geometry": { "type": "LineString", "coordinates": [ [ 109.2426761, -7.4229257 ], [ 109.2428074, -7.4223521 ], [ 109.2428211, -7.4222617 ], [ 109.2428665, -7.4219612 ], [ 109.2429099, -7.4216736 ], [ 109.2429412, -7.4213583 ], [ 109.242989, -7.4210367 ], [ 109.2430302, -7.4207295 ], [ 109.2430884, -7.4203917 ], [ 109.2431618, -7.4197855 ], [ 109.2432529, -7.4191791 ], [ 109.243317, -7.4185403 ], [ 109.243415, -7.417672 ], [ 109.2435329, -7.4167814 ] ] } },
{ "type": "Feature", "properties": { "name": "Jalan Jenderal Gatot Subroto", "highway": "primary", "length": 145.66987543938231, "latitude": -7.4230824921075387, "longitude": 109.24331745191753 }, "geometry": { "type": "LineString", "coordinates": [ [ 109.2426761, -7.4229257 ], [ 109.2427193, -7.4229363 ], [ 109.2429765, -7.4229991 ], [ 109.2431102, -7.4230318 ], [ 109.2433662, -7.4230944 ], [ 109.2436524, -7.4231644 ], [ 109.2439588, -7.4232393 ] ] } },
{ "type": "Feature", "properties": { "name": null, "highway": "tertiary", "length": 9.8029469119200368, "latitude": -7.42468595, "longitude": 109.2421768 }, "geometry": { "type": "LineString", "coordinates": [ [ 109.2422211, -7.4246896 ], [ 109.2421325, -7.4246823 ] ] } },
{ "type": "Feature", "properties": { "name": "Jalan Kyai Mohammad Syafei", "highway": "tertiary", "length": 173.43358988851753, "latitude": -7.4248038697210994, "longitude": 109.24299905642667 }, "geometry": { "type": "LineString", "coordinates": [ [ 109.2422211, -7.4246896 ], [ 109.2427974, -7.4247774 ], [ 109.2430782, -7.4248167 ], [ 109.2437778, -7.4249127 ] ] } },
{ "type": "Feature", "properties": { "name": "Jalan Kyai Mohammad Syafei", "highway": "tertiary", "length": 12.388962877434013, "latitude": -7.4237248, "longitude": 109.24234575 }, "geometry": { "type": "LineString", "coordinates": [ [ 109.2423569, -7.4236702 ], [ 109.2423346, -7.4237794 ] ] } },
{ "type": "Feature", "properties": { "name": "Jalan Kyai Haji Mohammad Syafei", "highway": "secondary", "length": 89.204531177575944, "latitude": -7.4232739075416427, "longitude": 109.24241912242378 }, "geometry": { "type": "LineString", "coordinates": [ [ 109.2423569, -7.4236702 ], [ 109.2424016, -7.4234084 ], [ 109.2424761, -7.4228768 ] ] } },
{ "type": "Feature", "properties": { "name": [ "Jalan Kyai Mohammad Syafei", "Jalan Kapten Pierre Tendean" ], "highway": "secondary", "length": 633.72547437142623, "latitude": -7.4249993390096476, "longitude": 109.24093521275891 }, "geometry": { "type": "LineString", "coordinates": [ [ 109.2423569, -7.4236702 ], [ 109.2422883, -7.4236556 ], [ 109.2410156, -7.4233376 ], [ 109.2409322, -7.4237402 ], [ 109.240907, -7.4238815 ], [ 109.2408835, -7.4240263 ], [ 109.2407773, -7.424752 ], [ 109.2406542, -7.4257963 ], [ 109.2406523, -7.4258083 ], [ 109.2405616, -7.426398 ], [ 109.2405352, -7.426592 ], [ 109.2404611, -7.4270731 ], [ 109.2404623, -7.4271487 ], [ 109.2404644, -7.4271748 ], [ 109.2404715, -7.427293 ], [ 109.2405092, -7.4275848 ], [ 109.2405159, -7.427621 ] ] } },
{ "type": "Feature", "properties": { "name": "Jalan Baturaden timur", "highway": "primary", "length": 1573.1195062034326, "latitude": -7.3958337408172188, "longitude": 109.28274857065399 }, "geometry": { "type": "LineString", "coordinates": [ [ 109.2795755, -7.3895039 ], [ 109.2799473, -7.3903524 ], [ 109.2805137, -7.39157 ], [ 109.2810246, -7.39261 ], [ 109.2812953, -7.3931471 ], [ 109.2816282, -7.3937438 ], [ 109.2820043, -7.394443 ], [ 109.2820832, -7.3945884 ], [ 109.2824905, -7.3953152 ], [ 109.282549, -7.395425 ], [ 109.2831365, -7.3965279 ], [ 109.2832434, -7.3967399 ], [ 109.2832696, -7.3967918 ], [ 109.283388, -7.3970133 ], [ 109.2836697, -7.3975406 ], [ 109.2840529, -7.3982527 ], [ 109.2841051, -7.3983497 ], [ 109.2844029, -7.398914 ], [ 109.2847486, -7.3995577 ], [ 109.2850452, -7.4001774 ], [ 109.2850961, -7.4002555 ], [ 109.2854298, -7.4010769 ], [ 109.2854423, -7.4011103 ], [ 109.2855014, -7.4012681 ], [ 109.2855456, -7.4013862 ], [ 109.2856541, -7.4017507 ], [ 109.2857835, -7.4022145 ] ] } },
{ "type": "Feature", "properties": { "name": "Jalan Baturaden timur", "highway": "primary", "length": 216.40369730550771, "latitude": -7.388619885760729, "longitude": 109.27916547787977 }, "geometry": { "type": "LineString", "coordinates": [ [ 109.2795755, -7.3895039 ], [ 109.2795404, -7.3894288 ], [ 109.2793508, -7.3890227 ], [ 109.2791069, -7.3885004 ], [ 109.2787615, -7.3877331 ] ] } },
{ "type": "Feature", "properties": { "name": "Jalan Raya Padamara", "highway": "secondary", "length": 2331.3493287840979, "latitude": -7.3874441972256841, "longitude": 109.28975367349879 }, "geometry": { "type": "LineString", "coordinates": [ [ 109.2795755, -7.3895039 ], [ 109.2796902, -7.3894549 ], [ 109.2797562, -7.3894283 ], [ 109.2799655, -7.389359 ], [ 109.2800827, -7.3893184 ], [ 109.2805217, -7.3892186 ], [ 109.2808644, -7.3891275 ], [ 109.2809844, -7.3891009 ], [ 109.2811078, -7.3890637 ], [ 109.2811909, -7.3890205 ], [ 109.2812687, -7.3889533 ], [ 109.2815812, -7.3886068 ], [ 109.2816583, -7.3885344 ], [ 109.2817689, -7.3884652 ], [ 109.2818843, -7.3884233 ], [ 109.2820922, -7.3883608 ], [ 109.2825233, -7.3882633 ], [ 109.282695, -7.3882285 ], [ 109.2828968, -7.3882025 ], [ 109.2830767, -7.3881845 ], [ 109.2832086, -7.3881713 ], [ 109.2834574, -7.388158 ], [ 109.2838788, -7.388157 ], [ 109.2846716, -7.3881674 ], [ 109.2848521, -7.388158 ], [ 109.2851237, -7.3881281 ], [ 109.2855945, -7.3880669 ], [ 109.2858305, -7.3880341 ], [ 109.2865745, -7.3879306 ], [ 109.2867596, -7.3879003 ], [ 109.28781, -7.3878008 ], [ 109.28786, -7.3878004 ], [ 109.2883739, -7.387751 ], [ 109.2884973, -7.387741 ], [ 109.2894092, -7.3876466 ], [ 109.2904519, -7.3875828 ], [ 109.2906893, -7.3875668 ], [ 109.2909719, -7.3875603 ], [ 109.2912868, -7.3875368 ], [ 109.2915235, -7.3875016 ], [ 109.2917277, -7.387464 ], [ 109.2917977, -7.3874498 ], [ 109.2921746, -7.3873698 ], [ 109.292418, -7.3873138 ], [ 109.2928914, -7.3871791 ], [ 109.2932119, -7.3870727 ], [ 109.2947669, -7.3865561 ], [ 109.2950921, -7.3864576 ], [ 109.295467, -7.3863572 ], [ 109.2956467, -7.3863166 ], [ 109.2959625, -7.3862654 ], [ 109.2971085, -7.3860959 ], [ 109.2978569, -7.3859802 ], [ 109.2984654, -7.3859006 ], [ 109.2995386, -7.3857028 ], [ 109.2996965, -7.3856727 ], [ 109.3001038, -7.3855951 ] ] } },
{ "type": "Feature", "properties": { "name": null, "highway": "tertiary", "length": 987.23353896409924, "latitude": -7.4162437997127624, "longitude": 109.3087870856384 }, "geometry": { "type": "LineString", "coordinates": [ [ 109.3130441, -7.41638 ], [ 109.312799, -7.4164558 ], [ 109.312495, -7.4165513 ], [ 109.3123354, -7.4166058 ], [ 109.3121597, -7.4166537 ], [ 109.3119826, -7.4166949 ], [ 109.3118788, -7.4167138 ], [ 109.3117829, -7.4167122 ], [ 109.3116681, -7.4166952 ], [ 109.3115723, -7.4166803 ], [ 109.3114368, -7.4166324 ], [ 109.311107, -7.4165127 ], [ 109.3109453, -7.4164865 ], [ 109.3107757, -7.416417 ], [ 109.3105893, -7.4163411 ], [ 109.3103036, -7.4162254 ], [ 109.3101147, -7.4161403 ], [ 109.3099337, -7.4160411 ], [ 109.3097055, -7.4159262 ], [ 109.3095526, -7.4158358 ], [ 109.3093622, -7.4157547 ], [ 109.3091807, -7.4156951 ], [ 109.3090856, -7.4156712 ], [ 109.3090135, -7.4156669 ], [ 109.308923, -7.4156609 ], [ 109.3088083, -7.4156815 ], [ 109.3087084, -7.4157068 ], [ 109.3084925, -7.41576 ], [ 109.3082776, -7.4158262 ], [ 109.3080791, -7.4158883 ], [ 109.3078957, -7.4159302 ], [ 109.3077414, -7.4159661 ], [ 109.3072694, -7.4160679 ], [ 109.306693, -7.4161862 ], [ 109.3060952, -7.4163172 ], [ 109.3055984, -7.4164109 ], [ 109.3051602, -7.4165105 ], [ 109.3050431, -7.416542 ], [ 109.3044671, -7.416657 ] ] } },
{ "type": "Feature", "properties": { "name": "Jalan Brawijaya Banjar Anyar", "highway": "tertiary", "length": 651.88962688838058, "latitude": -7.4189488564614168, "longitude": 109.31445167409848 }, "geometry": { "type": "LineString", "coordinates": [ [ 109.3130441, -7.41638 ], [ 109.3131353, -7.4165051 ], [ 109.3132219, -7.4166337 ], [ 109.3133052, -7.4167485 ], [ 109.3134096, -7.4169157 ], [ 109.3134916, -7.417046 ], [ 109.3137451, -7.4174586 ], [ 109.3138978, -7.4177269 ], [ 109.3140346, -7.4179862 ], [ 109.3141432, -7.4182056 ], [ 109.3143404, -7.4186432 ], [ 109.3144208, -7.4187974 ], [ 109.3145335, -7.4190421 ], [ 109.3146289, -7.4192513 ], [ 109.314761, -7.4195355 ], [ 109.3148674, -7.4197643 ], [ 109.3151304, -7.4203535 ], [ 109.3152831, -7.4206859 ], [ 109.3154108, -7.4209563 ], [ 109.3155701, -7.421279 ], [ 109.3156963, -7.4216056 ] ] } },
{ "type": "Feature", "properties": { "name": "Jalan Brawijaya Banjar Anyar", "highway": "tertiary", "length": 267.65679188746464, "latitude": -7.4153564601289839, "longitude": 109.31241226674175 }, "geometry": { "type": "LineString", "coordinates": [ [ 109.3130441, -7.41638 ], [ 109.312974, -7.4162764 ], [ 109.3128561, -7.4160976 ], [ 109.3126917, -7.4158521 ], [ 109.3126292, -7.4157536 ], [ 109.3125352, -7.4156071 ], [ 109.3124656, -7.4154897 ], [ 109.3124413, -7.4154488 ], [ 109.3123492, -7.4152904 ], [ 109.3122738, -7.4151558 ], [ 109.3121382, -7.4149568 ], [ 109.3120819, -7.4148544 ], [ 109.3120391, -7.4147612 ], [ 109.3120066, -7.414671 ], [ 109.3119787, -7.4145777 ], [ 109.3119221, -7.4142716 ] ] } },
{ "type": "Feature", "properties": { "name": "Jalan Doktor Angka", "highway": "tertiary", "length": 369.18986360281787, "latitude": -7.4160239516676931, "longitude": 109.23571055509521 }, "geometry": { "type": "LineString", "coordinates": [ [ 109.2340386, -7.4159481 ], [ 109.234434, -7.4159555 ], [ 109.2348087, -7.4159752 ], [ 109.2351335, -7.4159969 ], [ 109.2353877, -7.4160126 ], [ 109.2359899, -7.4160265 ], [ 109.2365439, -7.4160612 ], [ 109.2366431, -7.4160691 ], [ 109.2368808, -7.4160881 ], [ 109.237381, -7.4161281 ] ] } },
{ "type": "Feature", "properties": { "name": "Jalan Doktor Angka", "highway": "tertiary", "length": 378.39853413516124, "latitude": -7.4160508082529848, "longitude": 109.23232696288471 }, "geometry": { "type": "LineString", "coordinates": [ [ 109.2340386, -7.4159481 ], [ 109.2334942, -7.4159783 ], [ 109.2329428, -7.4160035 ], [ 109.2326572, -7.416003 ], [ 109.2325297, -7.4160076 ], [ 109.2321633, -7.4160359 ], [ 109.23201, -7.4160469 ], [ 109.2319653, -7.4160513 ], [ 109.2319287, -7.4160549 ], [ 109.2314267, -7.4161212 ], [ 109.2310691, -7.4161684 ], [ 109.2307518, -7.4161908 ], [ 109.2306187, -7.4161905 ] ] } },
{ "type": "Feature", "properties": { "name": "Jalan Gereja", "highway": "tertiary", "length": 525.33025352184768, "latitude": -7.4182589738196079, "longitude": 109.23357556394579 }, "geometry": { "type": "LineString", "coordinates": [ [ 109.2340386, -7.4159481 ], [ 109.2339974, -7.4163597 ], [ 109.2339653, -7.4166404 ], [ 109.2339142, -7.4169635 ], [ 109.2338781, -7.4172388 ], [ 109.2338293, -7.417415 ], [ 109.2337712, -7.4176261 ], [ 109.233696, -7.4178993 ], [ 109.2336852, -7.4179384 ], [ 109.2335957, -7.4182479 ], [ 109.233555, -7.4184115 ], [ 109.2334309, -7.4188624 ], [ 109.2333154, -7.4193138 ], [ 109.2333061, -7.4193523 ], [ 109.2332797, -7.4194449 ], [ 109.2332688, -7.419477 ], [ 109.2329864, -7.420546 ] ] } },
{ "type": "Feature", "properties": { "name": "Kasatrian", "highway": "tertiary", "length": 592.81359418041848, "latitude": -7.4187234410385479, "longitude": 109.23677171188987 }, "geometry": { "type": "LineString", "coordinates": [ [ 109.237381, -7.4161281 ], [ 109.237214, -7.4169271 ], [ 109.2371767, -7.417111 ], [ 109.2371523, -7.4171728 ], [ 109.236846, -7.4184273 ], [ 109.2368329, -7.4184807 ], [ 109.2367776, -7.4187124 ], [ 109.2367202, -7.4189421 ], [ 109.2366592, -7.4191759 ], [ 109.2365598, -7.4195986 ], [ 109.2364409, -7.420085 ], [ 109.2363292, -7.420542 ], [ 109.2363211, -7.4205725 ], [ 109.2362385, -7.4209153 ], [ 109.2361405, -7.4213143 ] ] } },
{ "type": "Feature", "properties": { "name": "Jalan Karang Kobar", "highway": "secondary", "length": 756.29041338514446, "latitude": -7.4127930795044623, "longitude": 109.23801513648409 }, "geometry": { "type": "LineString", "coordinates": [ [ 109.237381, -7.4161281 ], [ 109.2375421, -7.4153267 ], [ 109.2375983, -7.4149461 ], [ 109.2376309, -7.4145404 ], [ 109.2376392, -7.4143132 ], [ 109.2376503, -7.4142249 ], [ 109.2376958, -7.4138618 ], [ 109.2377263, -7.4137496 ], [ 109.2378643, -7.4131975 ], [ 109.2379944, -7.4126445 ], [ 109.2381546, -7.4120298 ], [ 109.2385298, -7.4105322 ], [ 109.2387121, -7.4098009 ], [ 109.2387962, -7.4094855 ] ] } },
{ "type": "Feature", "properties": { "name": "Doktor Angka", "highway": "tertiary", "length": 682.39179256178386, "latitude": -7.4164265185827523, "longitude": 109.24045968212418 }, "geometry": { "type": "LineString", "coordinates": [ [ 109.237381, -7.4161281 ], [ 109.2375034, -7.4161358 ], [ 109.2376349, -7.4161421 ], [ 109.2379887, -7.4161667 ], [ 109.2382132, -7.4161791 ], [ 109.2384153, -7.4162039 ], [ 109.2384604, -7.4162088 ], [ 109.2384784, -7.4162108 ], [ 109.2385117, -7.4162144 ], [ 109.2389301, -7.4162601 ], [ 109.2390356, -7.4162667 ], [ 109.2391294, -7.4162778 ], [ 109.2392241, -7.4162867 ], [ 109.2394234, -7.416312 ], [ 109.2394938, -7.416321 ], [ 109.2398861, -7.4163625 ], [ 109.2399442, -7.4163687 ], [ 109.2401809, -7.4163951 ], [ 109.2402951, -7.4164068 ], [ 109.2405973, -7.4164345 ], [ 109.2406836, -7.4164424 ], [ 109.2409097, -7.4164632 ], [ 109.2410259, -7.4164729 ], [ 109.241106, -7.416482 ], [ 109.2416123, -7.4165397 ], [ 109.2421952, -7.4166096 ], [ 109.2423577, -7.4166291 ], [ 109.2424256, -7.4166372 ], [ 109.2435329, -7.4167814 ] ] } },
{ "type": "Feature", "properties": { "name": "Jalan Doktor Angka", "highway": "tertiary", "length": 369.18986360281792, "latitude": -7.4160239516676931, "longitude": 109.2357105550952 }, "geometry": { "type": "LineString", "coordinates": [ [ 109.237381, -7.4161281 ], [ 109.2368808, -7.4160881 ], [ 109.2366431, -7.4160691 ], [ 109.2365439, -7.4160612 ], [ 109.2359899, -7.4160265 ], [ 109.2353877, -7.4160126 ], [ 109.2351335, -7.4159969 ], [ 109.2348087, -7.4159752 ], [ 109.234434, -7.4159555 ], [ 109.2340386, -7.4159481 ] ] } },
{ "type": "Feature", "properties": { "name": null, "highway": "primary", "length": 1411.9937217858405, "latitude": -7.4897828306467904, "longitude": 109.22859599043241 }, "geometry": { "type": "LineString", "coordinates": [ [ 109.2223623, -7.488348 ], [ 109.2230675, -7.4885107 ], [ 109.2234421, -7.4885966 ], [ 109.2239149, -7.4887164 ], [ 109.2245163, -7.488852 ], [ 109.225602, -7.489119 ], [ 109.2259087, -7.4891837 ], [ 109.226095, -7.489223 ], [ 109.2265731, -7.4893432 ], [ 109.2271434, -7.4894866 ], [ 109.2276407, -7.4896027 ], [ 109.2278967, -7.489652 ], [ 109.2279829, -7.4896731 ], [ 109.2284472, -7.4897868 ], [ 109.2295019, -7.4900267 ], [ 109.2301351, -7.4900957 ], [ 109.2304362, -7.490121 ], [ 109.230581, -7.4901482 ], [ 109.230957, -7.4902523 ], [ 109.2313473, -7.4903366 ], [ 109.2315494, -7.4904004 ], [ 109.231702, -7.4904363 ], [ 109.2319892, -7.4905036 ], [ 109.2320873, -7.490528 ], [ 109.2326877, -7.4906771 ], [ 109.2327218, -7.4906863 ], [ 109.2328599, -7.4907236 ], [ 109.2334119, -7.4908761 ], [ 109.2338555, -7.4910037 ], [ 109.2340876, -7.4910782 ], [ 109.2348062, -7.4912959 ] ] } },
{ "type": "Feature", "properties": { "name": "Jalan Rasamala", "highway": "tertiary", "length": 23.720724177973334, "latitude": -7.44983185, "longitude": 109.25387155 }, "geometry": { "type": "LineString", "coordinates": [ [ 109.2538069, -7.4497466 ], [ 109.2539362, -7.4499171 ] ] } },
{ "type": "Feature", "properties": { "name": null, "highway": "tertiary", "length": 305.61059756714104, "latitude": -7.4483832901553662, "longitude": 109.25397318061712 }, "geometry": { "type": "LineString", "coordinates": [ [ 109.2538069, -7.4497466 ], [ 109.2538356, -7.4496252 ], [ 109.2538785, -7.4492209 ], [ 109.2539817, -7.4484062 ], [ 109.2540965, -7.4471555 ], [ 109.2541173, -7.4470168 ] ] } },
{ "type": "Feature", "properties": { "name": null, "highway": "tertiary", "length": 25.218838242277645, "latitude": -7.4498437190411648, "longitude": 109.25374785752277 }, "geometry": { "type": "LineString", "coordinates": [ [ 109.2538069, -7.4497466 ], [ 109.2537502, -7.4498407 ], [ 109.2536881, -7.4499404 ] ] } },
{ "type": "Feature", "properties": { "name": null, "highway": "tertiary", "length": 1436.7522988536641, "latitude": -7.4513130140490142, "longitude": 109.29146176626031 }, "geometry": { "type": "LineString", "coordinates": [ [ 109.2965958, -7.4535193 ], [ 109.2960119, -7.453432 ], [ 109.2957114, -7.4534028 ], [ 109.2953246, -7.4533489 ], [ 109.2952742, -7.4533469 ], [ 109.2951401, -7.453331 ], [ 109.2949841, -7.4533142 ], [ 109.2948437, -7.4532991 ], [ 109.2945708, -7.4532692 ], [ 109.2942812, -7.4532467 ], [ 109.29409, -7.4532359 ], [ 109.293919, -7.4532283 ], [ 109.2936622, -7.4532266 ], [ 109.2934394, -7.4532126 ], [ 109.2933306, -7.453196 ], [ 109.2932555, -7.4532 ], [ 109.2932207, -7.4531562 ], [ 109.2931992, -7.453107 ], [ 109.2931831, -7.4530551 ], [ 109.2931643, -7.4529141 ], [ 109.2931536, -7.4528782 ], [ 109.293132, -7.4528458 ], [ 109.2930999, -7.4528476 ], [ 109.2925572, -7.4528583 ], [ 109.2920636, -7.4528742 ], [ 109.2918382, -7.4528792 ], [ 109.2917139, -7.4528834 ], [ 109.2916865, -7.4528838 ], [ 109.2916113, -7.4528849 ], [ 109.2915622, -7.4528883 ], [ 109.2914343, -7.4522359 ], [ 109.2913914, -7.4521003 ], [ 109.2912868, -7.4519913 ], [ 109.2911795, -7.4518663 ], [ 109.2911272, -7.4517732 ], [ 109.2910695, -7.4516349 ], [ 109.2910129, -7.4514703 ], [ 109.2909488, -7.4512679 ], [ 109.2909421, -7.4512486 ], [ 109.2909193, -7.4511801 ], [ 109.2909029, -7.4511642 ], [ 109.2908549, -7.451079 ], [ 109.2907976, -7.4510289 ], [ 109.2907502, -7.4509642 ], [ 109.2907399, -7.4509501 ], [ 109.2906564, -7.4508423 ], [ 109.2905465, -7.4507147 ], [ 109.2904376, -7.4505891 ], [ 109.2903668, -7.4504966 ], [ 109.2903512, -7.4504845 ], [ 109.2902783, -7.4504009 ], [ 109.2902192, -7.4503397 ], [ 109.2902014, -7.4503287 ], [ 109.2901629, -7.4503051 ], [ 109.2901533, -7.4502948 ], [ 109.2900717, -7.4502705 ], [ 109.2894207, -7.4501625 ], [ 109.2893985, -7.4501588 ], [ 109.2893462, -7.4501475 ], [ 109.2893242, -7.4501425 ], [ 109.2893029, -7.4501356 ], [ 109.289284, -7.4501174 ], [ 109.2892751, -7.4501065 ], [ 109.2892713, -7.4500942 ], [ 109.2892645, -7.4500756 ], [ 109.2892621, -7.4500532 ], [ 109.2892627, -7.4500139 ], [ 109.2892627, -7.4499747 ], [ 109.2892754, -7.4496362 ], [ 109.2892644, -7.4494128 ], [ 109.2892644, -7.4493656 ], [ 109.2892546, -7.4492433 ], [ 109.289251, -7.4490817 ], [ 109.2892402, -7.448986 ], [ 109.2891816, -7.4488862 ], [ 109.2890766, -7.4488237 ], [ 109.2889291, -7.4487705 ], [ 109.2888955, -7.4487572 ], [ 109.2888382, -7.4487346 ], [ 109.2887862, -7.4487154 ], [ 109.2887092, -7.4486961 ], [ 109.2886398, -7.4486947 ], [ 109.2884869, -7.448716 ], [ 109.2883957, -7.4487346 ], [ 109.2882669, -7.4487665 ], [ 109.288157, -7.4487878 ], [ 109.288098, -7.4487772 ], [ 109.2880824, -7.4487617 ], [ 109.288047, -7.4487267 ], [ 109.2880336, -7.4486548 ], [ 109.2880081, -7.4484836 ], [ 109.2879987, -7.4484208 ], [ 109.2879522, -7.4481614 ], [ 109.2879477, -7.4481362 ], [ 109.2879435, -7.4480955 ], [ 109.2879209, -7.4478782 ], [ 109.2878834, -7.4476389 ], [ 109.28787, -7.4475511 ], [ 109.2878431, -7.4474899 ], [ 109.2878254, -7.4474649 ] ] } },
{ "type": "Feature", "properties": { "name": "Jalan Imam Bonjol", "highway": "secondary", "length": 571.76849302108963, "latitude": -7.4557910926214515, "longitude": 109.29751994562831 }, "geometry": { "type": "LineString", "coordinates": [ [ 109.2965958, -7.4535193 ], [ 109.296655, -7.4537181 ], [ 109.2967159, -7.4539227 ], [ 109.2967544, -7.4540588 ], [ 109.2968268, -7.4543143 ], [ 109.2969114, -7.4546268 ], [ 109.2969692, -7.454876 ], [ 109.2970073, -7.4550158 ], [ 109.2970876, -7.4552751 ], [ 109.2971417, -7.4554622 ], [ 109.2973207, -7.4560597 ], [ 109.2974334, -7.456565 ], [ 109.29746, -7.456646 ], [ 109.2975064, -7.4566933 ], [ 109.2975709, -7.4567299 ], [ 109.2977981, -7.456799 ], [ 109.2978891, -7.4568343 ], [ 109.2982731, -7.4569572 ], [ 109.2988987, -7.4572093 ], [ 109.2990774, -7.4572698 ], [ 109.2992404, -7.4573212 ] ] } },
{ "type": "Feature", "properties": { "name": "Jalan Imam Bonjol", "highway": "secondary", "length": 2711.8020446098526, "latitude": -7.4421097402580374, "longitude": 109.29249654277137 }, "geometry": { "type": "LineString", "coordinates": [ [ 109.2965958, -7.4535193 ], [ 109.29651, -7.453228 ], [ 109.2964908, -7.4531629 ], [ 109.2964767, -7.4531207 ], [ 109.2964401, -7.453011 ], [ 109.2964077, -7.4529274 ], [ 109.2963744, -7.4528423 ], [ 109.2963204, -7.4527284 ], [ 109.2961986, -7.4523932 ], [ 109.2960744, -7.4520649 ], [ 109.2960337, -7.4519625 ], [ 109.2959662, -7.4517924 ], [ 109.2959202, -7.4516672 ], [ 109.2957986, -7.4513716 ], [ 109.2956846, -7.4510896 ], [ 109.2955398, -7.4507373 ], [ 109.2954016, -7.4504075 ], [ 109.295077, -7.4496814 ], [ 109.294947, -7.4493928 ], [ 109.2947826, -7.4490419 ], [ 109.2945634, -7.4485551 ], [ 109.2944534, -7.4483144 ], [ 109.2943268, -7.4480106 ], [ 109.2942308, -7.4477905 ], [ 109.2941249, -7.4475498 ], [ 109.2940028, -7.4472745 ], [ 109.2939008, -7.4470272 ], [ 109.2936088, -7.4464101 ], [ 109.2934409, -7.4460418 ], [ 109.2932491, -7.4456069 ], [ 109.2931459, -7.4453649 ], [ 109.2930815, -7.445204 ], [ 109.2930305, -7.4450857 ], [ 109.2928139, -7.4446069 ], [ 109.2925712, -7.4440497 ], [ 109.2924217, -7.443712 ], [ 109.2923278, -7.4434952 ], [ 109.2922259, -7.4432625 ], [ 109.2919941, -7.4427418 ], [ 109.2917337, -7.4421124 ], [ 109.2913391, -7.4411588 ], [ 109.2912063, -7.4404606 ], [ 109.2910429, -7.4389903 ], [ 109.2910385, -7.4388744 ], [ 109.2909783, -7.4384167 ], [ 109.290962, -7.4383161 ], [ 109.2909574, -7.4382874 ], [ 109.2907262, -7.4368555 ], [ 109.2906538, -7.436164 ], [ 109.2905356, -7.435314 ], [ 109.2904926, -7.4347504 ], [ 109.2904547, -7.4344228 ], [ 109.290433, -7.4342286 ], [ 109.2904253, -7.4341689 ], [ 109.2903984, -7.4339364 ], [ 109.2903962, -7.433917 ], [ 109.2903466, -7.4334895 ], [ 109.2903506, -7.4334668 ], [ 109.2903284, -7.4332954 ], [ 109.2903235, -7.4331768 ], [ 109.2903206, -7.4331062 ], [ 109.2902855, -7.4322528 ], [ 109.2902801, -7.4320032 ], [ 109.2901864, -7.431227 ], [ 109.2901743, -7.43109 ], [ 109.290116, -7.4308579 ], [ 109.2900856, -7.4307735 ], [ 109.2899499, -7.4303975 ], [ 109.2899457, -7.4303858 ], [ 109.2899166, -7.4303088 ] ] } },
{ "type": "Feature", "properties": { "name": null, "highway": "tertiary", "length": 1211.414836320248, "latitude": -7.4411367608942163, "longitude": 109.20573004807447 }, "geometry": { "type": "LineString", "coordinates": [ [ 109.2060825, -7.4464016 ], [ 109.2059295, -7.446208 ], [ 109.205798, -7.4460444 ], [ 109.2057632, -7.4460032 ], [ 109.2057318, -7.4459517 ], [ 109.2056787, -7.4458649 ], [ 109.2056586, -7.4458224 ], [ 109.2056425, -7.4457798 ], [ 109.2056304, -7.4457453 ], [ 109.205617, -7.4456894 ], [ 109.2056049, -7.4456242 ], [ 109.2055942, -7.4455272 ], [ 109.2055715, -7.4453996 ], [ 109.2055543, -7.445271 ], [ 109.2055567, -7.4449832 ], [ 109.2055754, -7.444728 ], [ 109.2055861, -7.4445884 ], [ 109.2056049, -7.4443304 ], [ 109.2056479, -7.4438942 ], [ 109.2056479, -7.4437199 ], [ 109.2056561, -7.4435956 ], [ 109.2056667, -7.443393 ], [ 109.2056989, -7.44295 ], [ 109.2057429, -7.4424605 ], [ 109.2057911, -7.4418955 ], [ 109.2058825, -7.4410524 ], [ 109.2059388, -7.4401583 ], [ 109.2059725, -7.4396388 ], [ 109.2059858, -7.4394845 ], [ 109.2060047, -7.439233 ], [ 109.2060462, -7.4388224 ], [ 109.2060703, -7.4386481 ], [ 109.206073, -7.4385736 ], [ 109.2060757, -7.4384898 ], [ 109.2060622, -7.4384313 ], [ 109.2060261, -7.4383395 ], [ 109.2059067, -7.4380217 ], [ 109.2057699, -7.4376321 ], [ 109.2057033, -7.4375138 ], [ 109.2056552, -7.4374285 ], [ 109.2054195, -7.4368611 ], [ 109.2053979, -7.4368206 ], [ 109.2052641, -7.4365007 ], [ 109.2051572, -7.4362392 ], [ 109.2050015, -7.4358925 ] ] } },
{ "type": "Feature", "properties": { "name": "Penatusan", "highway": "tertiary", "length": 301.16832488060226, "latitude": -7.4262471041703346, "longitude": 109.25318935488586 }, "geometry": { "type": "LineString", "coordinates": [ [ 109.2532781, -7.4275941 ], [ 109.2532755, -7.4275239 ], [ 109.2532413, -7.4266381 ], [ 109.2532256, -7.4263524 ], [ 109.253213, -7.4261621 ], [ 109.2531732, -7.4256862 ], [ 109.2531645, -7.4255133 ], [ 109.2531444, -7.4253876 ], [ 109.2531216, -7.4253078 ], [ 109.2530599, -7.4252094 ], [ 109.2529204, -7.4250073 ], [ 109.2529171, -7.4249541 ] ] } },
{ "type": "Feature", "properties": { "name": "Jalan Jenderal Sudirman", "highway": "primary", "length": 118.07249788275676, "latitude": -7.4275854812587285, "longitude": 109.25381344708256 }, "geometry": { "type": "LineString", "coordinates": [ [ 109.2532781, -7.4275941 ], [ 109.2542951, -7.4275777 ], [ 109.2543488, -7.4275774 ] ] } },
{ "type": "Feature", "properties": { "name": "Jalan Jenderal Sudirman", "highway": "primary", "length": 230.74904847746078, "latitude": -7.4276150424475471, "longitude": 109.25223206427721 }, "geometry": { "type": "LineString", "coordinates": [ [ 109.2532781, -7.4275941 ], [ 109.252623, -7.4275983 ], [ 109.2521995, -7.4276118 ], [ 109.2513008, -7.427647 ], [ 109.2511863, -7.4276471 ] ] } },
{ "type": "Feature", "properties": { "name": "Jalan Letnan Jenderal Suprapto", "highway": "primary", "length": 69.390989180245342, "latitude": -7.4575288979218275, "longitude": 109.2990059989862 }, "geometry": { "type": "LineString", "coordinates": [ [ 109.2992404, -7.4573212 ], [ 109.2992241, -7.4573323 ], [ 109.299195, -7.4573601 ], [ 109.2988661, -7.4576593 ], [ 109.2987858, -7.4577084 ], [ 109.2987605, -7.4577214 ] ] } },
{ "type": "Feature", "properties": { "name": "Jalan Letnan Jenderal Suprapto", "highway": "primary", "length": 18.712080885701688, "latitude": -7.4573396034923034, "longitude": 109.29932241894493 }, "geometry": { "type": "LineString", "coordinates": [ [ 109.2992404, -7.4573212 ], [ 109.2992576, -7.4573207 ], [ 109.29927, -7.457323 ], [ 109.2993492, -7.4573492 ], [ 109.2994046, -7.4573597 ] ] } },
{ "type": "Feature", "properties": { "name": "Jalan Imam Bonjol", "highway": "secondary", "length": 571.76849302108951, "latitude": -7.4557910926214532, "longitude": 109.29751994562831 }, "geometry": { "type": "LineString", "coordinates": [ [ 109.2992404, -7.4573212 ], [ 109.2990774, -7.4572698 ], [ 109.2988987, -7.4572093 ], [ 109.2982731, -7.4569572 ], [ 109.2978891, -7.4568343 ], [ 109.2977981, -7.456799 ], [ 109.2975709, -7.4567299 ], [ 109.2975064, -7.4566933 ], [ 109.29746, -7.456646 ], [ 109.2974334, -7.456565 ], [ 109.2973207, -7.4560597 ], [ 109.2971417, -7.4554622 ], [ 109.2970876, -7.4552751 ], [ 109.2970073, -7.4550158 ], [ 109.2969692, -7.454876 ], [ 109.2969114, -7.4546268 ], [ 109.2968268, -7.4543143 ], [ 109.2967544, -7.4540588 ], [ 109.2967159, -7.4539227 ], [ 109.296655, -7.4537181 ], [ 109.2965958, -7.4535193 ] ] } },
{ "type": "Feature", "properties": { "name": null, "highway": "tertiary", "length": 25.218838242277645, "latitude": -7.4498437190411648, "longitude": 109.25374785752277 }, "geometry": { "type": "LineString", "coordinates": [ [ 109.2536881, -7.4499404 ], [ 109.2537502, -7.4498407 ], [ 109.2538069, -7.4497466 ] ] } },
{ "type": "Feature", "properties": { "name": null, "highway": "tertiary", "length": 181.01488108932992, "latitude": -7.4505614868165821, "longitude": 109.25319116579479 }, "geometry": { "type": "LineString", "coordinates": [ [ 109.2536881, -7.4499404 ], [ 109.2536694, -7.4499576 ], [ 109.2536309, -7.4499922 ], [ 109.2533576, -7.4502546 ], [ 109.2530894, -7.450579 ], [ 109.2529996, -7.4506841 ], [ 109.2529666, -7.450806 ], [ 109.2529344, -7.4512954 ] ] } },
{ "type": "Feature", "properties": { "name": null, "highway": "tertiary_link", "length": 10.354683303911324, "latitude": -7.4315515, "longitude": 109.24379155 }, "geometry": { "type": "LineString", "coordinates": [ [ 109.2438385, -7.4315508 ], [ 109.2437446, -7.4315522 ] ] } },
{ "type": "Feature", "properties": { "name": "Jalan Letnan Jenderal S. Parman", "highway": "tertiary", "length": 431.51108045830068, "latitude": -7.4334878595382401, "longitude": 109.24394777769942 }, "geometry": { "type": "LineString", "coordinates": [ [ 109.2438385, -7.4315508 ], [ 109.2438611, -7.4319299 ], [ 109.2438715, -7.4320627 ], [ 109.2438761, -7.4322157 ], [ 109.2438919, -7.4323795 ], [ 109.2438944, -7.4324208 ], [ 109.2439027, -7.4326325 ], [ 109.2439187, -7.4328855 ], [ 109.243933, -7.4331492 ], [ 109.2439388, -7.4332514 ], [ 109.2439497, -7.4334262 ], [ 109.2439799, -7.434115 ], [ 109.2439959, -7.4343923 ], [ 109.2440085, -7.4346113 ], [ 109.2440163, -7.4348553 ], [ 109.2440217, -7.4349527 ], [ 109.2440346, -7.4351733 ], [ 109.2440533, -7.4354252 ] ] } },
{ "type": "Feature", "properties": { "name": null, "highway": "tertiary_link", "length": 10.354683303911324, "latitude": -7.4315515, "longitude": 109.24379155 }, "geometry": { "type": "LineString", "coordinates": [ [ 109.2437446, -7.4315522 ], [ 109.2438385, -7.4315508 ] ] } },
{ "type": "Feature", "properties": { "name": "Jalan Letnan Jenderal S. Parman", "highway": "tertiary", "length": 89.648174049832051, "latitude": -7.4311501463954714, "longitude": 109.24372398771585 }, "geometry": { "type": "LineString", "coordinates": [ [ 109.2437446, -7.4315522 ], [ 109.2437184, -7.4311724 ], [ 109.2437106, -7.4309988 ], [ 109.243715, -7.4308336 ], [ 109.2437477, -7.4307534 ] ] } },
{ "type": "Feature", "properties": { "name": null, "highway": "tertiary_link", "length": 8.438055408363887, "latitude": -7.4359976, "longitude": 109.2440495 }, "geometry": { "type": "LineString", "coordinates": [ [ 109.2440877, -7.4359954 ], [ 109.2440113, -7.4359998 ] ] } },
{ "type": "Feature", "properties": { "name": "Jalan Letnan Jenderal S. Parman", "highway": "tertiary", "length": 74.757036214769897, "latitude": -7.4363303476166722, "longitude": 109.24411637791229 }, "geometry": { "type": "LineString", "coordinates": [ [ 109.2440877, -7.4359954 ], [ 109.2441189, -7.4363597 ], [ 109.2441346, -7.4365431 ], [ 109.244145, -7.4366653 ] ] } },
{ "type": "Feature", "properties": { "name": "Jalan Letnan Jenderal S. Parman", "highway": "tertiary", "length": 63.371855569881383, "latitude": -7.43571585, "longitude": 109.24398715 }, "geometry": { "type": "LineString", "coordinates": [ [ 109.2440113, -7.4359998 ], [ 109.243963, -7.4354319 ] ] } },
{ "type": "Feature", "properties": { "name": null, "highway": "tertiary_link", "length": 8.438055408363887, "latitude": -7.4359976, "longitude": 109.2440495 }, "geometry": { "type": "LineString", "coordinates": [ [ 109.2440113, -7.4359998 ], [ 109.2440877, -7.4359954 ] ] } },
{ "type": "Feature", "properties": { "name": null, "highway": "primary", "length": 538.58376132242745, "latitude": -7.4250309062552269, "longitude": 109.22271443356435 }, "geometry": { "type": "LineString", "coordinates": [ [ 109.2236285, -7.4239603 ], [ 109.2234464, -7.4247788 ], [ 109.2233646, -7.4252033 ], [ 109.2233299, -7.4254537 ], [ 109.223304, -7.4255313 ], [ 109.2232626, -7.4256089 ], [ 109.2231942, -7.4257081 ], [ 109.2231178, -7.4257709 ], [ 109.2231045, -7.4257817 ], [ 109.2229952, -7.4258305 ], [ 109.2228541, -7.425862 ], [ 109.222597, -7.4258336 ], [ 109.2224145, -7.4258146 ], [ 109.2223247, -7.4257936 ], [ 109.2222432, -7.4257624 ], [ 109.2221536, -7.4256909 ], [ 109.2220849, -7.4255878 ], [ 109.2220544, -7.4254692 ], [ 109.2220492, -7.4251758 ], [ 109.2220568, -7.4249536 ], [ 109.2220588, -7.4246903 ], [ 109.2220683, -7.4244002 ], [ 109.2220662, -7.4242254 ], [ 109.2220537, -7.4240312 ], [ 109.2220143, -7.4239377 ], [ 109.2219565, -7.4238622 ], [ 109.2219259, -7.4238338 ] ] } },
{ "type": "Feature", "properties": { "name": null, "highway": "primary", "length": 45.044633259218784, "latitude": -7.4240353741404315, "longitude": 109.22347913210768 }, "geometry": { "type": "LineString", "coordinates": [ [ 109.2236285, -7.4239603 ], [ 109.2236086, -7.4240069 ], [ 109.2235744, -7.4240445 ], [ 109.2235297, -7.424069 ], [ 109.2234794, -7.4240776 ], [ 109.223429, -7.4240695 ], [ 109.223384, -7.4240455 ], [ 109.2233494, -7.4240082 ], [ 109.223329, -7.4239618 ] ] } },
{ "type": "Feature", "properties": { "name": "Jalan Stasiun", "highway": "secondary", "length": 31.091119772570117, "latitude": -7.4238376523731056, "longitude": 109.22327789207863 }, "geometry": { "type": "LineString", "coordinates": [ [ 109.223329, -7.4239618 ], [ 109.223308, -7.4238734 ], [ 109.223292, -7.4238161 ], [ 109.2232508, -7.423781 ], [ 109.2231825, -7.4237477 ] ] } },
{ "type": "Feature", "properties": { "name": null, "highway": "primary", "length": 31.409630324553945, "latitude": -7.423841921730852, "longitude": 109.22337598503579 }, "geometry": { "type": "LineString", "coordinates": [ [ 109.223329, -7.4239618 ], [ 109.2233244, -7.4239217 ], [ 109.2233306, -7.4238818 ], [ 109.223347, -7.4238449 ], [ 109.2233727, -7.4238136 ], [ 109.2234057, -7.42379 ], [ 109.2234438, -7.4237758 ], [ 109.2234843, -7.4237719 ] ] } },
{ "type": "Feature", "properties": { "name": "Jalan Panglima Besar Sudirman", "highway": "primary", "length": 212.87507781963106, "latitude": -7.4239572807135099, "longitude": 109.22478118239438 }, "geometry": { "type": "LineString", "coordinates": [ [ 109.2257326, -7.4241172 ], [ 109.225577, -7.4240872 ], [ 109.2254091, -7.4240549 ], [ 109.2252621, -7.4240239 ], [ 109.2247542, -7.4239458 ], [ 109.2238258, -7.4238216 ] ] } },
{ "type": "Feature", "properties": { "name": "Jalan Panglima Besar Sudirman", "highway": "primary", "length": 120.30015513728793, "latitude": -7.4242002308814961, "longitude": 109.22627052971626 }, "geometry": { "type": "LineString", "coordinates": [ [ 109.2257326, -7.4241172 ], [ 109.2258336, -7.4241276 ], [ 109.2260338, -7.4241455 ], [ 109.2262519, -7.4241898 ], [ 109.2267093, -7.4242855 ], [ 109.2267978, -7.4243281 ] ] } },
{ "type": "Feature", "properties": { "name": null, "highway": "tertiary", "length": 2796.8059787586076, "latitude": -7.4386457224115397, "longitude": 109.2820510505093 }, "geometry": { "type": "LineString", "coordinates": [ [ 109.2878254, -7.4474649 ], [ 109.2878099, -7.4474177 ], [ 109.2877337, -7.4470299 ], [ 109.2876088, -7.4463947 ], [ 109.2875468, -7.4460792 ], [ 109.2874689, -7.4456003 ], [ 109.2868316, -7.4456375 ], [ 109.2864212, -7.4456535 ], [ 109.2862677, -7.4456635 ], [ 109.2862342, -7.4456528 ], [ 109.2862201, -7.4456326 ], [ 109.2862067, -7.445599 ], [ 109.2861611, -7.4452705 ], [ 109.2861108, -7.4450359 ], [ 109.2860828, -7.4449238 ], [ 109.2860134, -7.4446366 ], [ 109.285921, -7.4443197 ], [ 109.2858445, -7.4440551 ], [ 109.2858043, -7.4437865 ], [ 109.285799, -7.4435045 ], [ 109.285807, -7.4432399 ], [ 109.2857818, -7.4431099 ], [ 109.2857737, -7.4430194 ], [ 109.2857253, -7.4430211 ], [ 109.285222, -7.4430387 ], [ 109.2850292, -7.4430285 ], [ 109.2847653, -7.4430038 ], [ 109.2844123, -7.4429593 ], [ 109.2841279, -7.4429115 ], [ 109.2840515, -7.4428955 ], [ 109.2840194, -7.4428809 ], [ 109.2839818, -7.4428543 ], [ 109.2839596, -7.4428303 ], [ 109.2839509, -7.442813 ], [ 109.2839444, -7.4427291 ], [ 109.2839409, -7.4426834 ], [ 109.2839275, -7.442591 ], [ 109.2839281, -7.4424879 ], [ 109.2839254, -7.4423356 ], [ 109.2838892, -7.4421947 ], [ 109.2838322, -7.4421043 ], [ 109.2837363, -7.4419985 ], [ 109.2835969, -7.4418742 ], [ 109.2832509, -7.4415391 ], [ 109.2825776, -7.4408556 ], [ 109.2814444, -7.4396361 ], [ 109.2812607, -7.4394672 ], [ 109.2811668, -7.4393702 ], [ 109.2810903, -7.4392904 ], [ 109.2809442, -7.4391481 ], [ 109.2807055, -7.4388808 ], [ 109.2796996, -7.4376547 ], [ 109.2790747, -7.4368848 ], [ 109.2789124, -7.4366786 ], [ 109.2788561, -7.4366188 ], [ 109.2787662, -7.4365337 ], [ 109.2787072, -7.4364392 ], [ 109.2786697, -7.4363129 ], [ 109.2786348, -7.4361134 ], [ 109.2786233, -7.4359823 ], [ 109.2785777, -7.4355257 ], [ 109.2785191, -7.4349619 ], [ 109.278467, -7.4346173 ], [ 109.2783801, -7.4337998 ], [ 109.2783529, -7.4334002 ], [ 109.2783021, -7.4331268 ], [ 109.2782861, -7.4329073 ], [ 109.2781911, -7.4322279 ], [ 109.2781869, -7.4321798 ], [ 109.278185, -7.4321294 ], [ 109.2781546, -7.431661 ], [ 109.2781332, -7.4313314 ], [ 109.2781312, -7.4312875 ], [ 109.2781346, -7.4312316 ], [ 109.2781359, -7.4312007 ], [ 109.2781432, -7.431175 ], [ 109.2781674, -7.4311614 ], [ 109.2782124, -7.4311522 ], [ 109.2782511, -7.4311472 ], [ 109.2784147, -7.4311499 ], [ 109.2786884, -7.4311718 ], [ 109.2788346, -7.4311877 ], [ 109.2789634, -7.4311864 ], [ 109.279253, -7.4311784 ], [ 109.2796339, -7.4311478 ], [ 109.2799155, -7.4311372 ], [ 109.280047, -7.4311266 ], [ 109.2801221, -7.4311199 ], [ 109.2802455, -7.4310814 ], [ 109.2806572, -7.4309457 ], [ 109.2809455, -7.4308563 ], [ 109.2810313, -7.4308274 ], [ 109.2811292, -7.4308114 ], [ 109.2812609, -7.4308113 ], [ 109.2817395, -7.4307777 ], [ 109.2819491, -7.4307774 ] ] } },
{ "type": "Feature", "properties": { "name": null, "highway": "tertiary", "length": 246.08166688860592, "latitude": -7.4477256668064822, "longitude": 109.28674263304184 }, "geometry": { "type": "LineString", "coordinates": [ [ 109.2878254, -7.4474649 ], [ 109.2878244, -7.4474646 ], [ 109.2877684, -7.4474796 ], [ 109.2870647, -7.4476174 ], [ 109.2865862, -7.447757 ], [ 109.2862771, -7.4478416 ], [ 109.2860812, -7.4478987 ], [ 109.2857263, -7.4480343 ], [ 109.2856834, -7.4480627 ] ] } },
{ "type": "Feature", "properties": { "name": null, "highway": "tertiary", "length": 1436.7522988536641, "latitude": -7.4513130140490134, "longitude": 109.29146176626031 }, "geometry": { "type": "LineString", "coordinates": [ [ 109.2878254, -7.4474649 ], [ 109.2878431, -7.4474899 ], [ 109.28787, -7.4475511 ], [ 109.2878834, -7.4476389 ], [ 109.2879209, -7.4478782 ], [ 109.2879435, -7.4480955 ], [ 109.2879477, -7.4481362 ], [ 109.2879522, -7.4481614 ], [ 109.2879987, -7.4484208 ], [ 109.2880081, -7.4484836 ], [ 109.2880336, -7.4486548 ], [ 109.288047, -7.4487267 ], [ 109.2880824, -7.4487617 ], [ 109.288098, -7.4487772 ], [ 109.288157, -7.4487878 ], [ 109.2882669, -7.4487665 ], [ 109.2883957, -7.4487346 ], [ 109.2884869, -7.448716 ], [ 109.2886398, -7.4486947 ], [ 109.2887092, -7.4486961 ], [ 109.2887862, -7.4487154 ], [ 109.2888382, -7.4487346 ], [ 109.2888955, -7.4487572 ], [ 109.2889291, -7.4487705 ], [ 109.2890766, -7.4488237 ], [ 109.2891816, -7.4488862 ], [ 109.2892402, -7.448986 ], [ 109.289251, -7.4490817 ], [ 109.2892546, -7.4492433 ], [ 109.2892644, -7.4493656 ], [ 109.2892644, -7.4494128 ], [ 109.2892754, -7.4496362 ], [ 109.2892627, -7.4499747 ], [ 109.2892627, -7.4500139 ], [ 109.2892621, -7.4500532 ], [ 109.2892645, -7.4500756 ], [ 109.2892713, -7.4500942 ], [ 109.2892751, -7.4501065 ], [ 109.289284, -7.4501174 ], [ 109.2893029, -7.4501356 ], [ 109.2893242, -7.4501425 ], [ 109.2893462, -7.4501475 ], [ 109.2893985, -7.4501588 ], [ 109.2894207, -7.4501625 ], [ 109.2900717, -7.4502705 ], [ 109.2901533, -7.4502948 ], [ 109.2901629, -7.4503051 ], [ 109.2902014, -7.4503287 ], [ 109.2902192, -7.4503397 ], [ 109.2902783, -7.4504009 ], [ 109.2903512, -7.4504845 ], [ 109.2903668, -7.4504966 ], [ 109.2904376, -7.4505891 ], [ 109.2905465, -7.4507147 ], [ 109.2906564, -7.4508423 ], [ 109.2907399, -7.4509501 ], [ 109.2907502, -7.4509642 ], [ 109.2907976, -7.4510289 ], [ 109.2908549, -7.451079 ], [ 109.2909029, -7.4511642 ], [ 109.2909193, -7.4511801 ], [ 109.2909421, -7.4512486 ], [ 109.2909488, -7.4512679 ], [ 109.2910129, -7.4514703 ], [ 109.2910695, -7.4516349 ], [ 109.2911272, -7.4517732 ], [ 109.2911795, -7.4518663 ], [ 109.2912868, -7.4519913 ], [ 109.2913914, -7.4521003 ], [ 109.2914343, -7.4522359 ], [ 109.2915622, -7.4528883 ], [ 109.2916113, -7.4528849 ], [ 109.2916865, -7.4528838 ], [ 109.2917139, -7.4528834 ], [ 109.2918382, -7.4528792 ], [ 109.2920636, -7.4528742 ], [ 109.2925572, -7.4528583 ], [ 109.2930999, -7.4528476 ], [ 109.293132, -7.4528458 ], [ 109.2931536, -7.4528782 ], [ 109.2931643, -7.4529141 ], [ 109.2931831, -7.4530551 ], [ 109.2931992, -7.453107 ], [ 109.2932207, -7.4531562 ], [ 109.2932555, -7.4532 ], [ 109.2933306, -7.453196 ], [ 109.2934394, -7.4532126 ], [ 109.2936622, -7.4532266 ], [ 109.293919, -7.4532283 ], [ 109.29409, -7.4532359 ], [ 109.2942812, -7.4532467 ], [ 109.2945708, -7.4532692 ], [ 109.2948437, -7.4532991 ], [ 109.2949841, -7.4533142 ], [ 109.2951401, -7.453331 ], [ 109.2952742, -7.4533469 ], [ 109.2953246, -7.4533489 ], [ 109.2957114, -7.4534028 ], [ 109.2960119, -7.453432 ], [ 109.2965958, -7.4535193 ] ] } },
{ "type": "Feature", "properties": { "name": "Jalan Jenderal Sudirman", "highway": "primary", "length": 1192.2118465725443, "latitude": -7.4329898486301023, "longitude": 109.25844683876602 }, "geometry": { "type": "LineString", "coordinates": [ [ 109.2621746, -7.4368716 ], [ 109.2620723, -7.4367709 ], [ 109.2620405, -7.4367359 ], [ 109.2619246, -7.4366083 ], [ 109.261863, -7.4365435 ], [ 109.2617133, -7.4363861 ], [ 109.261533, -7.4361965 ], [ 109.2612787, -7.435929 ], [ 109.2610814, -7.4357262 ], [ 109.2605459, -7.4351669 ], [ 109.2599523, -7.4345478 ], [ 109.2596925, -7.4342838 ], [ 109.2594841, -7.4340713 ], [ 109.25932, -7.4338976 ], [ 109.259136, -7.4337124 ], [ 109.2587825, -7.4333557 ], [ 109.2584329, -7.4329878 ], [ 109.258381, -7.4329326 ], [ 109.2579678, -7.4325104 ], [ 109.2578209, -7.4323579 ], [ 109.2576481, -7.4321801 ], [ 109.2574703, -7.4320007 ], [ 109.2573625, -7.4318975 ], [ 109.2572684, -7.4317983 ], [ 109.2568724, -7.4313772 ], [ 109.2564664, -7.4309342 ], [ 109.2564192, -7.4308822 ], [ 109.2563095, -7.4307615 ], [ 109.2561673, -7.4306085 ], [ 109.2558186, -7.4302282 ], [ 109.2557735, -7.4301909 ], [ 109.2555523, -7.429948 ], [ 109.2555339, -7.429929 ], [ 109.2551637, -7.4295455 ], [ 109.2548235, -7.4291856 ], [ 109.2547839, -7.4291298 ], [ 109.2547568, -7.429077 ] ] } },
{ "type": "Feature", "properties": { "name": null, "highway": "primary", "length": 38.552921714322601, "latitude": -7.4370029263607824, "longitude": 109.26228815368067 }, "geometry": { "type": "LineString", "coordinates": [ [ 109.2621746, -7.4368716 ], [ 109.2622645, -7.4369866 ], [ 109.2623191, -7.4370403 ], [ 109.2624123, -7.4371244 ] ] } },
{ "type": "Feature", "properties": { "name": "Jalan Pramuka", "highway": "tertiary", "length": 136.17267654606684, "latitude": -7.4291074407424667, "longitude": 109.25414007196184 }, "geometry": { "type": "LineString", "coordinates": [ [ 109.2547568, -7.429077 ], [ 109.2546621, -7.4290807 ], [ 109.2536547, -7.4291322 ], [ 109.2535234, -7.4291391 ] ] } },
{ "type": "Feature", "properties": { "name": "Jalan Jenderal Sudirman", "highway": "primary", "length": 1192.2118465725446, "latitude": -7.4329898486301005, "longitude": 109.25844683876598 }, "geometry": { "type": "LineString", "coordinates": [ [ 109.2547568, -7.429077 ], [ 109.2547839, -7.4291298 ], [ 109.2548235, -7.4291856 ], [ 109.2551637, -7.4295455 ], [ 109.2555339, -7.429929 ], [ 109.2555523, -7.429948 ], [ 109.2557735, -7.4301909 ], [ 109.2558186, -7.4302282 ], [ 109.2561673, -7.4306085 ], [ 109.2563095, -7.4307615 ], [ 109.2564192, -7.4308822 ], [ 109.2564664, -7.4309342 ], [ 109.2568724, -7.4313772 ], [ 109.2572684, -7.4317983 ], [ 109.2573625, -7.4318975 ], [ 109.2574703, -7.4320007 ], [ 109.2576481, -7.4321801 ], [ 109.2578209, -7.4323579 ], [ 109.2579678, -7.4325104 ], [ 109.258381, -7.4329326 ], [ 109.2584329, -7.4329878 ], [ 109.2587825, -7.4333557 ], [ 109.259136, -7.4337124 ], [ 109.25932, -7.4338976 ], [ 109.2594841, -7.4340713 ], [ 109.2596925, -7.4342838 ], [ 109.2599523, -7.4345478 ], [ 109.2605459, -7.4351669 ], [ 109.2610814, -7.4357262 ], [ 109.2612787, -7.435929 ], [ 109.261533, -7.4361965 ], [ 109.2617133, -7.4363861 ], [ 109.261863, -7.4365435 ], [ 109.2619246, -7.4366083 ], [ 109.2620405, -7.4367359 ], [ 109.2620723, -7.4367709 ], [ 109.2621746, -7.4368716 ] ] } },
{ "type": "Feature", "properties": { "name": "Jalan Panglima Besar Sudirman", "highway": "primary", "length": 173.32011413268549, "latitude": -7.428320495185762, "longitude": 109.25456906953072 }, "geometry": { "type": "LineString", "coordinates": [ [ 109.2547568, -7.429077 ], [ 109.2546277, -7.4285527 ], [ 109.2545847, -7.4284017 ], [ 109.2544936, -7.4280014 ], [ 109.2544513, -7.4277947 ], [ 109.2543944, -7.4276503 ], [ 109.2543488, -7.4275774 ] ] } },
{ "type": "Feature", "properties": { "name": "Supriyadi", "highway": "secondary", "length": 138.62435435626094, "latitude": -7.4275327642000022, "longitude": 109.25497571663455 }, "geometry": { "type": "LineString", "coordinates": [ [ 109.2543488, -7.4275774 ], [ 109.2544955, -7.4275635 ], [ 109.254684, -7.4275546 ], [ 109.2556027, -7.4274881 ] ] } },
{ "type": "Feature", "properties": { "name": "Jalan Panglima Besar Sudirman", "highway": "primary", "length": 173.32011413268549, "latitude": -7.428320495185762, "longitude": 109.25456906953073 }, "geometry": { "type": "LineString", "coordinates": [ [ 109.2543488, -7.4275774 ], [ 109.2543944, -7.4276503 ], [ 109.2544513, -7.4277947 ], [ 109.2544936, -7.4280014 ], [ 109.2545847, -7.4284017 ], [ 109.2546277, -7.4285527 ], [ 109.2547568, -7.429077 ] ] } },
{ "type": "Feature", "properties": { "name": "Jalan Jenderal Sudirman", "highway": "primary", "length": 118.07249788275676, "latitude": -7.4275854812587285, "longitude": 109.25381344708256 }, "geometry": { "type": "LineString", "coordinates": [ [ 109.2543488, -7.4275774 ], [ 109.2542951, -7.4275777 ], [ 109.2532781, -7.4275941 ] ] } },
{ "type": "Feature", "properties": { "name": "Jalan Sunan Kalijaga", "highway": "tertiary", "length": 1950.9478989363038, "latitude": -7.4466016422470744, "longitude": 109.26683871344321 }, "geometry": { "type": "LineString", "coordinates": [ [ 109.2660686, -7.437922 ], [ 109.2661478, -7.4382059 ], [ 109.2661846, -7.4383688 ], [ 109.2662034, -7.4384453 ], [ 109.2662202, -7.4385343 ], [ 109.2662443, -7.4387292 ], [ 109.2662832, -7.4389606 ], [ 109.2663127, -7.4390922 ], [ 109.2663681, -7.4393075 ], [ 109.2663719, -7.4393223 ], [ 109.266424, -7.4395337 ], [ 109.2664468, -7.4396361 ], [ 109.2665789, -7.4401795 ], [ 109.2666157, -7.4404164 ], [ 109.2666641, -7.4407279 ], [ 109.2666951, -7.4408717 ], [ 109.2667747, -7.4412406 ], [ 109.2668331, -7.4414939 ], [ 109.266935, -7.4419593 ], [ 109.2669941, -7.4423085 ], [ 109.2669967, -7.4423237 ], [ 109.2670275, -7.442587 ], [ 109.2670208, -7.4428968 ], [ 109.2670181, -7.4431389 ], [ 109.2670222, -7.4435085 ], [ 109.2670235, -7.443603 ], [ 109.2670315, -7.4438729 ], [ 109.2670315, -7.4442772 ], [ 109.2670181, -7.4446189 ], [ 109.2670208, -7.4446695 ], [ 109.2670208, -7.4447479 ], [ 109.2670383, -7.4450976 ], [ 109.267057, -7.4454394 ], [ 109.2670627, -7.4457851 ], [ 109.2670743, -7.4464806 ], [ 109.2670932, -7.4476189 ], [ 109.2670093, -7.4487874 ], [ 109.2669526, -7.4493174 ], [ 109.266914, -7.4497802 ], [ 109.266879, -7.4504963 ], [ 109.2668274, -7.4521534 ], [ 109.2667945, -7.4532095 ], [ 109.2667408, -7.4546282 ], [ 109.266731, -7.454886 ], [ 109.2667162, -7.4552784 ], [ 109.2667162, -7.4553541 ] ] } },
{ "type": "Feature", "properties": { "name": "Jalan Sunan Giri", "highway": "secondary", "length": 1407.2500726653054, "latitude": -7.4436487005421155, "longitude": 109.26249967113368 }, "geometry": { "type": "LineString", "coordinates": [ [ 109.2636607, -7.449797 ], [ 109.2636303, -7.4496173 ], [ 109.2636158, -7.449433 ], [ 109.263615, -7.4493803 ], [ 109.2635293, -7.4487659 ], [ 109.2635113, -7.4485309 ], [ 109.2634897, -7.4484234 ], [ 109.263486, -7.4484069 ], [ 109.2634381, -7.4481907 ], [ 109.2634478, -7.4480928 ], [ 109.2634381, -7.4479959 ], [ 109.2634186, -7.4478769 ], [ 109.2634093, -7.4477672 ], [ 109.2632771, -7.4472652 ], [ 109.2628122, -7.4457277 ], [ 109.2627066, -7.4454042 ], [ 109.262524, -7.4448215 ], [ 109.2624674, -7.4446408 ], [ 109.2623225, -7.4441788 ], [ 109.2618976, -7.4428899 ], [ 109.2618254, -7.44272 ], [ 109.2618198, -7.4426749 ], [ 109.261801, -7.442523 ], [ 109.2618118, -7.4405426 ], [ 109.2618174, -7.4402636 ], [ 109.2618442, -7.4401388 ], [ 109.2618717, -7.4400668 ], [ 109.2620722, -7.4397165 ], [ 109.2620936, -7.4396601 ], [ 109.2621043, -7.4395949 ], [ 109.2621104, -7.4394374 ], [ 109.2621404, -7.4384517 ], [ 109.2621328, -7.4382436 ], [ 109.2621338, -7.4379898 ], [ 109.2621247, -7.4374692 ] ] } },
{ "type": "Feature", "properties": { "name": "Jalan Sultan Agung", "highway": "secondary", "length": 643.5495898753619, "latitude": -7.4524177744504385, "longitude": 109.26489132516495 }, "geometry": { "type": "LineString", "coordinates": [ [ 109.2636607, -7.449797 ], [ 109.2636717, -7.4498118 ], [ 109.2636848, -7.4498367 ], [ 109.2639006, -7.4503096 ], [ 109.2639437, -7.4503962 ], [ 109.2642099, -7.4510232 ], [ 109.2643553, -7.4513226 ], [ 109.2643991, -7.4514127 ], [ 109.2645631, -7.4517502 ], [ 109.264635, -7.4518982 ], [ 109.2647169, -7.4520745 ], [ 109.2648652, -7.452394 ], [ 109.2650574, -7.4527705 ], [ 109.2653176, -7.4533383 ], [ 109.265504, -7.4537692 ], [ 109.2657092, -7.4542519 ], [ 109.2657655, -7.4543662 ], [ 109.2658192, -7.4544447 ], [ 109.2660928, -7.454712 ], [ 109.2662958, -7.4549164 ] ] } },
{ "type": "Feature", "properties": { "name": "Jalan Sultan Agung", "highway": "secondary", "length": 1177.7762446151175, "latitude": -7.4481385895663523, "longitude": 109.2589606181136 }, "geometry": { "type": "LineString", "coordinates": [ [ 109.2636607, -7.449797 ], [ 109.2636275, -7.4497778 ], [ 109.2635785, -7.4497622 ], [ 109.2635199, -7.4497526 ], [ 109.2633522, -7.449736 ], [ 109.2623645, -7.4497123 ], [ 109.2619984, -7.4497253 ], [ 109.2615642, -7.4497132 ], [ 109.2611832, -7.4497025 ], [ 109.2609587, -7.4496856 ], [ 109.260843, -7.4496622 ], [ 109.260689, -7.4495422 ], [ 109.2606023, -7.4494686 ], [ 109.2604296, -7.4492797 ], [ 109.2601812, -7.4490205 ], [ 109.2599586, -7.4487493 ], [ 109.2595665, -7.4482631 ], [ 109.2594437, -7.4481318 ], [ 109.2593858, -7.4480699 ], [ 109.2592236, -7.4478902 ], [ 109.2590064, -7.4476748 ], [ 109.2587804, -7.4475038 ], [ 109.2585598, -7.447345 ], [ 109.2582317, -7.4471317 ], [ 109.2580897, -7.4470807 ], [ 109.2578946, -7.4470152 ], [ 109.2576444, -7.4469461 ], [ 109.2572415, -7.4468663 ], [ 109.2568784, -7.4468094 ], [ 109.2566326, -7.4467758 ], [ 109.2563783, -7.4467526 ], [ 109.2561968, -7.4467479 ], [ 109.2560522, -7.4467596 ], [ 109.2556912, -7.4468024 ], [ 109.2551011, -7.4468849 ], [ 109.2542833, -7.4469978 ], [ 109.2541173, -7.4470168 ] ] } },
{ "type": "Feature", "properties": { "name": null, "highway": "primary_link", "length": 26.810373331743985, "latitude": -7.4238744087811925, "longitude": 109.22181671342082 }, "geometry": { "type": "LineString", "coordinates": [ [ 109.2219259, -7.4238338 ], [ 109.2218674, -7.4238401 ], [ 109.2218136, -7.4238592 ], [ 109.2217627, -7.4239019 ], [ 109.2217322, -7.4239537 ] ] } },
{ "type": "Feature", "properties": { "name": null, "highway": "primary", "length": 27.495512227165854, "latitude": -7.4237817305044107, "longitude": 109.22181495586446 }, "geometry": { "type": "LineString", "coordinates": [ [ 109.2219259, -7.4238338 ], [ 109.2218055, -7.423789 ], [ 109.2217619, -7.4237586 ], [ 109.2217232, -7.4237038 ] ] } },
{ "type": "Feature", "properties": { "name": [ "Jalan Pekaja", "Jalan Suwarjono" ], "highway": "tertiary", "length": 2353.2570220732891, "latitude": -7.4744811333117314, "longitude": 109.29007427284144 }, "geometry": { "type": "LineString", "coordinates": [ [ 109.3002565, -7.4743378 ], [ 109.2996781, -7.4742966 ], [ 109.299506, -7.4742882 ], [ 109.2994619, -7.4742849 ], [ 109.2994321, -7.4742852 ], [ 109.2993895, -7.4742801 ], [ 109.2985678, -7.4742287 ], [ 109.298462, -7.4742339 ], [ 109.2981723, -7.4742539 ], [ 109.2979271, -7.4742927 ], [ 109.297726, -7.4743153 ], [ 109.2976822, -7.47432 ], [ 109.2976044, -7.4743283 ], [ 109.2972549, -7.4743658 ], [ 109.2964963, -7.4744472 ], [ 109.2963844, -7.4744592 ], [ 109.2957406, -7.4745283 ], [ 109.2954794, -7.4745563 ], [ 109.2952183, -7.4745843 ], [ 109.2949314, -7.4746151 ], [ 109.2946645, -7.4746405 ], [ 109.2943448, -7.474678 ], [ 109.2933915, -7.4747937 ], [ 109.2921424, -7.4749453 ], [ 109.2914639, -7.475017 ], [ 109.2909687, -7.4750786 ], [ 109.2904346, -7.4751378 ], [ 109.2897897, -7.4752138 ], [ 109.2894994, -7.475248 ], [ 109.289292, -7.4752709 ], [ 109.2886198, -7.4753502 ], [ 109.2883367, -7.4753878 ], [ 109.288106, -7.4754173 ], [ 109.2877516, -7.4754585 ], [ 109.28749, -7.4754761 ], [ 109.2872716, -7.4754647 ], [ 109.2870275, -7.475452 ], [ 109.2867494, -7.4754138 ], [ 109.2865803, -7.4753906 ], [ 109.2862024, -7.475345 ], [ 109.2854024, -7.475232 ], [ 109.2851544, -7.475197 ], [ 109.2848822, -7.4751668 ], [ 109.283576, -7.4750233 ], [ 109.2834198, -7.4749479 ], [ 109.283278, -7.4748588 ], [ 109.2832281, -7.474819 ], [ 109.2831865, -7.4747724 ], [ 109.2831634, -7.4747398 ], [ 109.2831429, -7.4747099 ], [ 109.2831282, -7.47468 ], [ 109.2831023, -7.4745902 ], [ 109.2831052, -7.4742651 ], [ 109.283187, -7.4733666 ], [ 109.2832315, -7.4728773 ], [ 109.2832986, -7.4721632 ], [ 109.2833506, -7.4716093 ], [ 109.2833517, -7.4715761 ], [ 109.2833577, -7.4714864 ], [ 109.2834251, -7.4707505 ] ] } },
{ "type": "Feature", "properties": { "name": "Jalan Stasiun", "highway": "secondary", "length": 430.09409032830723, "latitude": -7.4222987847006765, "longitude": 109.22246391121271 }, "geometry": { "type": "LineString", "coordinates": [ [ 109.2222427, -7.4204096 ], [ 109.2223164, -7.4211606 ], [ 109.2223124, -7.4214226 ], [ 109.2223183, -7.4215907 ], [ 109.2223369, -7.4217842 ], [ 109.2223768, -7.4221381 ], [ 109.2224131, -7.4224391 ], [ 109.2225615, -7.4235818 ], [ 109.2225922, -7.4236501 ], [ 109.2226401, -7.4236804 ], [ 109.2227026, -7.4237106 ], [ 109.2231825, -7.4237477 ] ] } },
{ "type": "Feature", "properties": { "name": [ "Jalan Pemuda", "Jalan Jenderal Gatot Subroto" ], "highway": "secondary", "length": 1018.0557663637125, "latitude": -7.4190251083639902, "longitude": 109.22553655705229 }, "geometry": { "type": "LineString", "coordinates": [ [ 109.2222427, -7.4204096 ], [ 109.2222933, -7.4203281 ], [ 109.2223192, -7.4202344 ], [ 109.2223387, -7.4201295 ], [ 109.2223236, -7.4193126 ], [ 109.222358, -7.419211 ], [ 109.2224076, -7.4191512 ], [ 109.2224626, -7.419102 ], [ 109.2225221, -7.4190595 ], [ 109.2228985, -7.4189238 ], [ 109.2230884, -7.4188528 ], [ 109.2231199, -7.418841 ], [ 109.223456, -7.418691 ], [ 109.2235205, -7.4186663 ], [ 109.2235939, -7.4186315 ], [ 109.2236705, -7.4186002 ], [ 109.2240838, -7.4184364 ], [ 109.2241896, -7.4183927 ], [ 109.2244315, -7.4182929 ], [ 109.224536, -7.4182496 ], [ 109.224764, -7.4181551 ], [ 109.2248938, -7.4181191 ], [ 109.225008, -7.4181598 ], [ 109.2251507, -7.4182071 ], [ 109.2256641, -7.4184154 ], [ 109.2269401, -7.4190326 ], [ 109.2277157, -7.4192644 ], [ 109.2279773, -7.4193305 ], [ 109.2284306, -7.4194392 ], [ 109.2296276, -7.4197384 ], [ 109.2298123, -7.4197841 ] ] } },
{ "type": "Feature", "properties": { "name": "Jalan Kober", "highway": "tertiary", "length": 1463.3358656706287, "latitude": -7.4141408035311489, "longitude": 109.22331361895712 }, "geometry": { "type": "LineString", "coordinates": [ [ 109.2222427, -7.4204096 ], [ 109.2223661, -7.4203707 ], [ 109.2224865, -7.4203545 ], [ 109.2225013, -7.4203053 ], [ 109.2225308, -7.419155 ], [ 109.2225345, -7.4189239 ], [ 109.2225662, -7.4182336 ], [ 109.2226659, -7.4166008 ], [ 109.222672, -7.4162372 ], [ 109.2226817, -7.4160372 ], [ 109.2226827, -7.4159769 ], [ 109.2227008, -7.4156573 ], [ 109.2227224, -7.4152234 ], [ 109.2227402, -7.414865 ], [ 109.2227477, -7.414731 ], [ 109.2227666, -7.4143432 ], [ 109.2228086, -7.4141787 ], [ 109.2228787, -7.4139452 ], [ 109.223046, -7.4135112 ], [ 109.2230487, -7.4135043 ], [ 109.2232513, -7.4129878 ], [ 109.2234493, -7.4124421 ], [ 109.2235947, -7.4120763 ], [ 109.223814, -7.4115079 ], [ 109.22398, -7.4110894 ], [ 109.2240812, -7.4108325 ], [ 109.2240975, -7.4107933 ], [ 109.2241198, -7.4107528 ], [ 109.224125, -7.4107445 ], [ 109.2241333, -7.4107312 ], [ 109.224403, -7.4101283 ], [ 109.2245, -7.4098262 ], [ 109.2246311, -7.4094491 ], [ 109.2247613, -7.4090957 ], [ 109.2248734, -7.4087367 ], [ 109.2249021, -7.4086357 ], [ 109.2249182, -7.4085692 ], [ 109.2249139, -7.4085114 ], [ 109.2247856, -7.4078519 ] ] } },
{ "type": "Feature", "properties": { "name": null, "highway": "primary", "length": 8.0061855234499824, "latitude": -7.3182506384672203, "longitude": 109.22882318395108 }, "geometry": { "type": "LineString", "coordinates": [ [ 109.2288581, -7.3182566 ], [ 109.2288339, -7.3182567 ], [ 109.2288109, -7.3182493 ], [ 109.2287913, -7.3182352 ] ] } },
{ "type": "Feature", "properties": { "name": "Jalan Raya Baturaden", "highway": "primary", "length": 28.390382344965779, "latitude": -7.3183749942928857, "longitude": 109.22881006517945 }, "geometry": { "type": "LineString", "coordinates": [ [ 109.2288581, -7.3182566 ], [ 109.2288014, -7.3184015 ], [ 109.2287575, -7.3184914 ] ] } },
{ "type": "Feature", "properties": { "name": "Jalan Raya Beji", "highway": "tertiary", "length": 1437.7585185229177, "latitude": -7.3946850928108336, "longitude": 109.22551002662388 }, "geometry": { "type": "LineString", "coordinates": [ [ 109.2191407, -7.393658 ], [ 109.2197549, -7.3938069 ], [ 109.2199316, -7.3938562 ], [ 109.220294, -7.3939574 ], [ 109.2205862, -7.3940389 ], [ 109.2206374, -7.3940557 ], [ 109.2209727, -7.3941448 ], [ 109.2210096, -7.3941538 ], [ 109.2211387, -7.3941855 ], [ 109.221257, -7.3942073 ], [ 109.2213294, -7.3942059 ], [ 109.2213938, -7.3941953 ], [ 109.221721, -7.3940782 ], [ 109.2218309, -7.3940477 ], [ 109.2219329, -7.3940411 ], [ 109.2220184, -7.3940458 ], [ 109.222067, -7.3940517 ], [ 109.2221153, -7.3940636 ], [ 109.2221766, -7.3940823 ], [ 109.2225337, -7.3941913 ], [ 109.2228301, -7.3942685 ], [ 109.2230836, -7.3943083 ], [ 109.223455, -7.3943749 ], [ 109.2237488, -7.3944253 ], [ 109.2240787, -7.3944773 ], [ 109.2242534, -7.394506 ], [ 109.224792, -7.394563 ], [ 109.2248533, -7.3945712 ], [ 109.2251325, -7.3946085 ], [ 109.2257631, -7.3946794 ], [ 109.2265728, -7.3947826 ], [ 109.2268163, -7.3948202 ], [ 109.2269066, -7.3948342 ], [ 109.2271498, -7.3948629 ], [ 109.2277791, -7.394955 ], [ 109.2285231, -7.3950638 ], [ 109.2288018, -7.3950965 ], [ 109.2289549, -7.3951289 ], [ 109.2296859, -7.3953225 ], [ 109.2297753, -7.3953462 ], [ 109.229954, -7.395391 ], [ 109.2300442, -7.3954102 ], [ 109.2301847, -7.3954401 ], [ 109.2303644, -7.3954748 ], [ 109.230532, -7.3955173 ], [ 109.230732, -7.3955555 ], [ 109.2308188, -7.3955751 ], [ 109.2310578, -7.395629 ], [ 109.2311507, -7.3956513 ], [ 109.2314118, -7.3957141 ], [ 109.2317149, -7.3957699 ], [ 109.2318139, -7.395788 ], [ 109.231908, -7.3958045 ] ] } },
{ "type": "Feature", "properties": { "name": null, "highway": "tertiary", "length": 27.123903658607439, "latitude": -7.3937137930911447, "longitude": 109.21903286518621 }, "geometry": { "type": "LineString", "coordinates": [ [ 109.2191407, -7.393658 ], [ 109.2190817, -7.3936793 ], [ 109.2190066, -7.3937218 ], [ 109.2189369, -7.3937883 ] ] } },
{ "type": "Feature", "properties": { "name": null, "highway": "tertiary", "length": 26.19479781496079, "latitude": -7.3935799326985858, "longitude": 109.21905479178547 }, "geometry": { "type": "LineString", "coordinates": [ [ 109.2191407, -7.393658 ], [ 109.2190814, -7.3936202 ], [ 109.2190431, -7.3935771 ], [ 109.2190057, -7.3935243 ], [ 109.2189932, -7.3934824 ] ] } },
{ "type": "Feature", "properties": { "name": "R. Soepeno", "highway": "secondary", "length": 34.576488121766907, "latitude": -7.39363535, "longitude": 109.21896505 }, "geometry": { "type": "LineString", "coordinates": [ [ 109.2189932, -7.3934824 ], [ 109.2189369, -7.3937883 ] ] } },
{ "type": "Feature", "properties": { "name": null, "highway": "tertiary", "length": 26.19479781496079, "latitude": -7.3935799326985849, "longitude": 109.21905479178545 }, "geometry": { "type": "LineString", "coordinates": [ [ 109.2189932, -7.3934824 ], [ 109.2190057, -7.3935243 ], [ 109.2190431, -7.3935771 ], [ 109.2190814, -7.3936202 ], [ 109.2191407, -7.393658 ] ] } },
{ "type": "Feature", "properties": { "name": "R. Soepeno", "highway": "secondary", "length": 2290.631973537977, "latitude": -7.3832775382789073, "longitude": 109.21940478604938 }, "geometry": { "type": "LineString", "coordinates": [ [ 109.2189932, -7.3934824 ], [ 109.2190506, -7.3931861 ], [ 109.2190639, -7.3931201 ], [ 109.2191064, -7.3929089 ], [ 109.2191367, -7.3927585 ], [ 109.2192067, -7.3923877 ], [ 109.219217, -7.3923331 ], [ 109.2192534, -7.3921499 ], [ 109.2192839, -7.3919191 ], [ 109.2192943, -7.3917804 ], [ 109.2193128, -7.3915396 ], [ 109.2193553, -7.390482 ], [ 109.219366, -7.389591 ], [ 109.2193821, -7.388777 ], [ 109.2194071, -7.3876592 ], [ 109.219417, -7.3872183 ], [ 109.21942, -7.3870769 ], [ 109.2194234, -7.3869462 ], [ 109.2194247, -7.3868964 ], [ 109.2194256, -7.386861 ], [ 109.2194273, -7.386793 ], [ 109.219431, -7.3865465 ], [ 109.2194451, -7.3860227 ], [ 109.2194607, -7.3854983 ], [ 109.2194652, -7.3846729 ], [ 109.2194901, -7.3841517 ], [ 109.2194932, -7.384088 ], [ 109.2195024, -7.3839007 ], [ 109.2195016, -7.3836396 ], [ 109.2195477, -7.3829165 ], [ 109.2195578, -7.3823586 ], [ 109.2195702, -7.3818278 ], [ 109.2195803, -7.381452 ], [ 109.219598, -7.380651 ], [ 109.2195804, -7.3794065 ], [ 109.219565, -7.3783925 ], [ 109.2195645, -7.378358 ], [ 109.2196109, -7.3773575 ], [ 109.2195809, -7.3765693 ], [ 109.2195854, -7.3763376 ], [ 109.2196417, -7.375781 ], [ 109.2197, -7.3748747 ], [ 109.2196849, -7.3748228 ], [ 109.2196681, -7.3747762 ], [ 109.2195846, -7.374749 ], [ 109.2195611, -7.3747397 ], [ 109.2178251, -7.3745063 ] ] } },
{ "type": "Feature", "properties": { "name": "R. Soepeno", "highway": "secondary", "length": 34.576488121766907, "latitude": -7.39363535, "longitude": 109.21896505 }, "geometry": { "type": "LineString", "coordinates": [ [ 109.2189369, -7.3937883 ], [ 109.2189932, -7.3934824 ] ] } },
{ "type": "Feature", "properties": { "name": null, "highway": "tertiary", "length": 27.123903658607439, "latitude": -7.3937137930911438, "longitude": 109.21903286518618 }, "geometry": { "type": "LineString", "coordinates": [ [ 109.2189369, -7.3937883 ], [ 109.2190066, -7.3937218 ], [ 109.2190817, -7.3936793 ], [ 109.2191407, -7.393658 ] ] } },
{ "type": "Feature", "properties": { "name": "R. Soepeno", "highway": "secondary", "length": 1004.6588288347751, "latitude": -7.3982203492764977, "longitude": 109.21805847782124 }, "geometry": { "type": "LineString", "coordinates": [ [ 109.2189369, -7.3937883 ], [ 109.218898, -7.3939466 ], [ 109.2188156, -7.3944104 ], [ 109.2188068, -7.39446 ], [ 109.218655, -7.3952295 ], [ 109.2184755, -7.3960732 ], [ 109.2183951, -7.3965227 ], [ 109.2183277, -7.3968041 ], [ 109.2181999, -7.3974357 ], [ 109.2180214, -7.3983289 ], [ 109.2180118, -7.3983767 ], [ 109.2179874, -7.3984857 ], [ 109.2178544, -7.3992108 ], [ 109.217801, -7.399538 ], [ 109.2176279, -7.4004474 ], [ 109.2175502, -7.4008716 ], [ 109.21746, -7.4013118 ], [ 109.2174559, -7.4013319 ], [ 109.2174093, -7.4015595 ], [ 109.2174053, -7.4015791 ], [ 109.217383, -7.4016927 ], [ 109.2173473, -7.4018738 ], [ 109.217298, -7.4021244 ], [ 109.2171988, -7.4026564 ] ] } },
{ "type": "Feature", "properties": { "name": "R. Soepeno", "highway": "secondary", "length": 34.220534068853198, "latitude": -7.4028093, "longitude": 109.21718135000002 }, "geometry": { "type": "LineString", "coordinates": [ [ 109.2171639, -7.4029622 ], [ 109.2171988, -7.4026564 ] ] } },
{ "type": "Feature", "properties": { "name": "KS Tubun", "highway": "secondary", "length": 728.13777176757515, "latitude": -7.4062023861735522, "longitude": 109.21669814198017 }, "geometry": { "type": "LineString", "coordinates": [ [ 109.2171639, -7.4029622 ], [ 109.2171513, -7.4031357 ], [ 109.2169472, -7.4047119 ], [ 109.2169249, -7.404884 ], [ 109.2168586, -7.4053614 ], [ 109.216772, -7.4059838 ], [ 109.2167241, -7.4062413 ], [ 109.2166879, -7.4064361 ], [ 109.2166766, -7.4064964 ], [ 109.2164319, -7.4078061 ], [ 109.2163582, -7.4082152 ], [ 109.2162923, -7.4086547 ], [ 109.2162229, -7.4090198 ], [ 109.2161814, -7.4092382 ], [ 109.216162, -7.4094318 ] ] } },
{ "type": "Feature", "properties": { "name": null, "highway": "tertiary", "length": 29.731371658660329, "latitude": -7.4028668602679284, "longitude": 109.21707035763529 }, "geometry": { "type": "LineString", "coordinates": [ [ 109.2171639, -7.4029622 ], [ 109.2171281, -7.4029199 ], [ 109.2170805, -7.402868 ], [ 109.2170237, -7.4028186 ], [ 109.2169628, -7.4027894 ] ] } },
{ "type": "Feature", "properties": { "name": "R. Soepeno", "highway": "secondary", "length": 34.220534068853198, "latitude": -7.4028093, "longitude": 109.21718135000002 }, "geometry": { "type": "LineString", "coordinates": [ [ 109.2171988, -7.4026564 ], [ 109.2171639, -7.4029622 ] ] } },
{ "type": "Feature", "properties": { "name": null, "highway": "tertiary", "length": 30.35447984674547, "latitude": -7.4027336775916295, "longitude": 109.21708709158122 }, "geometry": { "type": "LineString", "coordinates": [ [ 109.2171988, -7.4026564 ], [ 109.2171693, -7.4026856 ], [ 109.2171261, -7.402717 ], [ 109.2170888, -7.4027428 ], [ 109.2170378, -7.4027641 ], [ 109.2169628, -7.4027894 ] ] } },
{ "type": "Feature", "properties": { "name": "R. Soepeno", "highway": "secondary", "length": 1004.6588288347751, "latitude": -7.3982203492764995, "longitude": 109.21805847782124 }, "geometry": { "type": "LineString", "coordinates": [ [ 109.2171988, -7.4026564 ], [ 109.217298, -7.4021244 ], [ 109.2173473, -7.4018738 ], [ 109.217383, -7.4016927 ], [ 109.2174053, -7.4015791 ], [ 109.2174093, -7.4015595 ], [ 109.2174559, -7.4013319 ], [ 109.21746, -7.4013118 ], [ 109.2175502, -7.4008716 ], [ 109.2176279, -7.4004474 ], [ 109.217801, -7.399538 ], [ 109.2178544, -7.3992108 ], [ 109.2179874, -7.3984857 ], [ 109.2180118, -7.3983767 ], [ 109.2180214, -7.3983289 ], [ 109.2181999, -7.3974357 ], [ 109.2183277, -7.3968041 ], [ 109.2183951, -7.3965227 ], [ 109.2184755, -7.3960732 ], [ 109.218655, -7.3952295 ], [ 109.2188068, -7.39446 ], [ 109.2188156, -7.3944104 ], [ 109.218898, -7.3939466 ], [ 109.2189369, -7.3937883 ] ] } },
{ "type": "Feature", "properties": { "name": null, "highway": "tertiary", "length": 33.638409069194914, "latitude": -7.3957227947445379, "longitude": 109.23202927171074 }, "geometry": { "type": "LineString", "coordinates": [ [ 109.231908, -7.3958045 ], [ 109.2319965, -7.3957699 ], [ 109.2320499, -7.3957269 ], [ 109.232085, -7.3956768 ], [ 109.2321102, -7.3956019 ] ] } },
{ "type": "Feature", "properties": { "name": null, "highway": "tertiary", "length": 35.83491041083343, "latitude": -7.3959153790710763, "longitude": 109.23202060975176 }, "geometry": { "type": "LineString", "coordinates": [ [ 109.231908, -7.3958045 ], [ 109.2319802, -7.3958545 ], [ 109.232026, -7.3958976 ], [ 109.2320553, -7.3959423 ], [ 109.232077, -7.3959881 ], [ 109.232094, -7.3960544 ] ] } },
{ "type": "Feature", "properties": { "name": "Jalan Raya Beji", "highway": "tertiary", "length": 1437.7585185229175, "latitude": -7.3946850928108327, "longitude": 109.22551002662391 }, "geometry": { "type": "LineString", "coordinates": [ [ 109.231908, -7.3958045 ], [ 109.2318139, -7.395788 ], [ 109.2317149, -7.3957699 ], [ 109.2314118, -7.3957141 ], [ 109.2311507, -7.3956513 ], [ 109.2310578, -7.395629 ], [ 109.2308188, -7.3955751 ], [ 109.230732, -7.3955555 ], [ 109.230532, -7.3955173 ], [ 109.2303644, -7.3954748 ], [ 109.2301847, -7.3954401 ], [ 109.2300442, -7.3954102 ], [ 109.229954, -7.395391 ], [ 109.2297753, -7.3953462 ], [ 109.2296859, -7.3953225 ], [ 109.2289549, -7.3951289 ], [ 109.2288018, -7.3950965 ], [ 109.2285231, -7.3950638 ], [ 109.2277791, -7.394955 ], [ 109.2271498, -7.3948629 ], [ 109.2269066, -7.3948342 ], [ 109.2268163, -7.3948202 ], [ 109.2265728, -7.3947826 ], [ 109.2257631, -7.3946794 ], [ 109.2251325, -7.3946085 ], [ 109.2248533, -7.3945712 ], [ 109.224792, -7.394563 ], [ 109.2242534, -7.394506 ], [ 109.2240787, -7.3944773 ], [ 109.2237488, -7.3944253 ], [ 109.223455, -7.3943749 ], [ 109.2230836, -7.3943083 ], [ 109.2228301, -7.3942685 ], [ 109.2225337, -7.3941913 ], [ 109.2221766, -7.3940823 ], [ 109.2221153, -7.3940636 ], [ 109.222067, -7.3940517 ], [ 109.2220184, -7.3940458 ], [ 109.2219329, -7.3940411 ], [ 109.2218309, -7.3940477 ], [ 109.221721, -7.3940782 ], [ 109.2213938, -7.3941953 ], [ 109.2213294, -7.3942059 ], [ 109.221257, -7.3942073 ], [ 109.2211387, -7.3941855 ], [ 109.2210096, -7.3941538 ], [ 109.2209727, -7.3941448 ], [ 109.2206374, -7.3940557 ], [ 109.2205862, -7.3940389 ], [ 109.220294, -7.3939574 ], [ 109.2199316, -7.3938562 ], [ 109.2197549, -7.3938069 ], [ 109.2191407, -7.393658 ] ] } },
{ "type": "Feature", "properties": { "name": null, "highway": "tertiary", "length": 33.638409069194921, "latitude": -7.3957227947445379, "longitude": 109.23202927171076 }, "geometry": { "type": "LineString", "coordinates": [ [ 109.2321102, -7.3956019 ], [ 109.232085, -7.3956768 ], [ 109.2320499, -7.3957269 ], [ 109.2319965, -7.3957699 ], [ 109.231908, -7.3958045 ] ] } },
{ "type": "Feature", "properties": { "name": "Jalan Suparto", "highway": "secondary", "length": 50.43019477689856, "latitude": -7.39582799284985, "longitude": 109.23209567803499 }, "geometry": { "type": "LineString", "coordinates": [ [ 109.2321102, -7.3956019 ], [ 109.2320877, -7.3958713 ], [ 109.232094, -7.3960544 ] ] } },
{ "type": "Feature", "properties": { "name": "Jalan Suparto", "highway": "secondary", "length": 845.00880255054506, "latitude": -7.3918061712620924, "longitude": 109.23220480017605 }, "geometry": { "type": "LineString", "coordinates": [ [ 109.2321102, -7.3956019 ], [ 109.2321157, -7.3952726 ], [ 109.2321199, -7.3950199 ], [ 109.232133, -7.3942376 ], [ 109.2321354, -7.3940936 ], [ 109.232136, -7.3940573 ], [ 109.2321415, -7.3933801 ], [ 109.2321434, -7.3931394 ], [ 109.232144, -7.393073 ], [ 109.232146, -7.3928175 ], [ 109.2321469, -7.3927112 ], [ 109.2321498, -7.392352 ], [ 109.2321521, -7.3920677 ], [ 109.232157, -7.3919065 ], [ 109.2321888, -7.3908546 ], [ 109.2322021, -7.3904129 ], [ 109.2322155, -7.3899714 ], [ 109.2322285, -7.3895179 ], [ 109.2322524, -7.3893746 ], [ 109.2322835, -7.3892396 ], [ 109.2322996, -7.3891694 ], [ 109.2325642, -7.3880413 ] ] } },
{ "type": "Feature", "properties": { "name": null, "highway": "tertiary", "length": 35.83491041083343, "latitude": -7.3959153790710763, "longitude": 109.23202060975177 }, "geometry": { "type": "LineString", "coordinates": [ [ 109.232094, -7.3960544 ], [ 109.232077, -7.3959881 ], [ 109.2320553, -7.3959423 ], [ 109.232026, -7.3958976 ], [ 109.2319802, -7.3958545 ], [ 109.231908, -7.3958045 ] ] } },
{ "type": "Feature", "properties": { "name": "Jalan Suparto", "highway": "secondary", "length": 143.60076884771823, "latitude": -7.3966968993136541, "longitude": 109.23202909320554 }, "geometry": { "type": "LineString", "coordinates": [ [ 109.232094, -7.3960544 ], [ 109.2320835, -7.3961583 ], [ 109.2320508, -7.3964821 ], [ 109.2320211, -7.3967759 ], [ 109.2319642, -7.3973394 ] ] } },
{ "type": "Feature", "properties": { "name": "Jalan Suparto", "highway": "secondary", "length": 50.43019477689856, "latitude": -7.39582799284985, "longitude": 109.23209567803499 }, "geometry": { "type": "LineString", "coordinates": [ [ 109.232094, -7.3960544 ], [ 109.2320877, -7.3958713 ], [ 109.2321102, -7.3956019 ] ] } },
{ "type": "Feature", "properties": { "name": "Jalan Panglima Besar Sudirman", "highway": "primary", "length": 8.9122704720179016, "latitude": -7.42436755, "longitude": 109.22683605 }, "geometry": { "type": "LineString", "coordinates": [ [ 109.2268764, -7.4243653 ], [ 109.2267957, -7.4243698 ] ] } },
{ "type": "Feature", "properties": { "name": "Jalan Jenderal Sudirman", "highway": "primary", "length": 275.14686031172641, "latitude": -7.4246226722776711, "longitude": 109.22809594695205 }, "geometry": { "type": "LineString", "coordinates": [ [ 109.2268764, -7.4243653 ], [ 109.2270381, -7.4244156 ], [ 109.2272977, -7.4244665 ], [ 109.2280935, -7.4246226 ], [ 109.2285992, -7.4247217 ], [ 109.2292394, -7.424848 ], [ 109.2293176, -7.4248719 ] ] } },
{ "type": "Feature", "properties": { "name": null, "highway": "tertiary_link", "length": 9.9843194969559477, "latitude": -7.43542855, "longitude": 109.24400815000001 }, "geometry": { "type": "LineString", "coordinates": [ [ 109.2440533, -7.4354252 ], [ 109.243963, -7.4354319 ] ] } },
{ "type": "Feature", "properties": { "name": "Jalan Letnan Jenderal S. Parman", "highway": "tertiary", "length": 63.518806382606698, "latitude": -7.4357102324079136, "longitude": 109.24407163841605 }, "geometry": { "type": "LineString", "coordinates": [ [ 109.2440533, -7.4354252 ], [ 109.2440748, -7.4357437 ], [ 109.2440877, -7.4359954 ] ] } },
{ "type": "Feature", "properties": { "name": "Jalan Jenderal Sudirman", "highway": "primary", "length": 3.0343951605649893, "latitude": -7.4248688, "longitude": 109.229331 }, "geometry": { "type": "LineString", "coordinates": [ [ 109.2293176, -7.4248719 ], [ 109.2293444, -7.4248657 ] ] } },
{ "type": "Feature", "properties": { "name": "Jalan Jenderal Sudirman", "highway": "primary", "length": 275.14686031172641, "latitude": -7.424622672277672, "longitude": 109.2280959469521 }, "geometry": { "type": "LineString", "coordinates": [ [ 109.2293176, -7.4248719 ], [ 109.2292394, -7.424848 ], [ 109.2285992, -7.4247217 ], [ 109.2280935, -7.4246226 ], [ 109.2272977, -7.4244665 ], [ 109.2270381, -7.4244156 ], [ 109.2268764, -7.4243653 ] ] } },
{ "type": "Feature", "properties": { "name": "Jalan Letnan Jenderal MT. Haryono", "highway": "primary", "length": 180.42394881365561, "latitude": -7.4268366528415646, "longitude": 109.25121508651206 }, "geometry": { "type": "LineString", "coordinates": [ [ 109.2512336, -7.4260264 ], [ 109.2512415, -7.426087 ], [ 109.251224, -7.4267673 ], [ 109.2511838, -7.4274592 ], [ 109.2511856, -7.4275912 ], [ 109.2511863, -7.4276471 ] ] } },
{ "type": "Feature", "properties": { "name": "Vihara", "highway": "tertiary", "length": 283.28699128539688, "latitude": -7.4261012570517666, "longitude": 109.24995149251539 }, "geometry": { "type": "LineString", "coordinates": [ [ 109.2512336, -7.4260264 ], [ 109.250888, -7.4260465 ], [ 109.2505267, -7.4260593 ], [ 109.2504466, -7.4260671 ], [ 109.2504436, -7.4260674 ], [ 109.2502995, -7.4260807 ], [ 109.2498236, -7.4261092 ], [ 109.2494084, -7.4261442 ], [ 109.2486689, -7.4261649 ] ] } },
{ "type": "Feature", "properties": { "name": null, "highway": "tertiary_link", "length": 9.9843194969559477, "latitude": -7.43542855, "longitude": 109.24400815000001 }, "geometry": { "type": "LineString", "coordinates": [ [ 109.243963, -7.4354319 ], [ 109.2440533, -7.4354252 ] ] } },
{ "type": "Feature", "properties": { "name": "Jalan Letnan Jenderal S. Parman", "highway": "tertiary", "length": 432.11696744004132, "latitude": -7.4334918542560926, "longitude": 109.24385829989804 }, "geometry": { "type": "LineString", "coordinates": [ [ 109.243963, -7.4354319 ], [ 109.2439427, -7.4350774 ], [ 109.2439377, -7.4349574 ], [ 109.2439268, -7.4348338 ], [ 109.2439082, -7.4345456 ], [ 109.2438975, -7.434116 ], [ 109.243862, -7.4334572 ], [ 109.2438526, -7.4332589 ], [ 109.2438103, -7.4326346 ], [ 109.2437983, -7.4323852 ], [ 109.2437446, -7.4315522 ] ] } },
{ "type": "Feature", "properties": { "name": "Jalan Letnan Jenderal Suprapto", "highway": "primary", "length": 18.712080885701688, "latitude": -7.4573396034923034, "longitude": 109.29932241894491 }, "geometry": { "type": "LineString", "coordinates": [ [ 109.2994046, -7.4573597 ], [ 109.2993492, -7.4573492 ], [ 109.29927, -7.457323 ], [ 109.2992576, -7.4573207 ], [ 109.2992404, -7.4573212 ] ] } },
{ "type": "Feature", "properties": { "name": "Jalan Letnan Jenderal Suprapto", "highway": "primary", "length": 265.90253712942945, "latitude": -7.4577524975774914, "longitude": 109.30054243682426 }, "geometry": { "type": "LineString", "coordinates": [ [ 109.2994046, -7.4573597 ], [ 109.2998834, -7.4575131 ], [ 109.2999066, -7.4575201 ], [ 109.3000841, -7.4575773 ], [ 109.3003253, -7.4576482 ], [ 109.3005662, -7.4577427 ], [ 109.300816, -7.457839 ], [ 109.3014485, -7.458106 ], [ 109.3015338, -7.4581394 ], [ 109.3016149, -7.4581707 ], [ 109.3016669, -7.4581799 ] ] } },
{ "type": "Feature", "properties": { "name": [ "Jalan Griya Karen Indah", "Jalan Karang Duren" ], "highway": "tertiary", "length": 2937.0057986263137, "latitude": -7.4474062072191876, "longitude": 109.30310294682273 }, "geometry": { "type": "LineString", "coordinates": [ [ 109.2994046, -7.4573597 ], [ 109.2995408, -7.4571395 ], [ 109.299647, -7.4569307 ], [ 109.2998056, -7.4565988 ], [ 109.2998545, -7.4564404 ], [ 109.2998912, -7.4563045 ], [ 109.299912, -7.4561985 ], [ 109.2999645, -7.4558509 ], [ 109.3000015, -7.4555763 ], [ 109.3000207, -7.4554016 ], [ 109.3001548, -7.4545511 ], [ 109.3002114, -7.4542119 ], [ 109.3002206, -7.4541359 ], [ 109.3002236, -7.4541149 ], [ 109.3002275, -7.4540672 ], [ 109.3002574, -7.4537047 ], [ 109.3002655, -7.4533656 ], [ 109.3002584, -7.4531852 ], [ 109.3002567, -7.4525883 ], [ 109.3002512, -7.452415 ], [ 109.3002373, -7.4522738 ], [ 109.3002232, -7.4521375 ], [ 109.3002043, -7.4519487 ], [ 109.3001971, -7.4518762 ], [ 109.3002018, -7.451776 ], [ 109.3002068, -7.4516894 ], [ 109.3002075, -7.4515765 ], [ 109.3002111, -7.4514285 ], [ 109.3002151, -7.4513285 ], [ 109.3002124, -7.4507958 ], [ 109.3002035, -7.4506025 ], [ 109.3001904, -7.4504733 ], [ 109.3001769, -7.4503118 ], [ 109.3001709, -7.4501967 ], [ 109.3001427, -7.4496302 ], [ 109.3001226, -7.4493915 ], [ 109.3001025, -7.4491781 ], [ 109.3000656, -7.4488011 ], [ 109.3000471, -7.4485909 ], [ 109.3000254, -7.4483261 ], [ 109.2999815, -7.4478676 ], [ 109.2999235, -7.4470112 ], [ 109.2998866, -7.4465318 ], [ 109.2998745, -7.4462273 ], [ 109.2998444, -7.4458197 ], [ 109.2998457, -7.4456748 ], [ 109.2998578, -7.4456435 ], [ 109.2998933, -7.4456136 ], [ 109.2999302, -7.4456056 ], [ 109.2999905, -7.445605 ], [ 109.3000562, -7.4456043 ], [ 109.3005551, -7.4455897 ], [ 109.3006034, -7.445577 ], [ 109.3006279, -7.4455549 ], [ 109.3006349, -7.4455325 ], [ 109.3006383, -7.4454933 ], [ 109.3006423, -7.4454587 ], [ 109.300639, -7.4453995 ], [ 109.3006336, -7.4453078 ], [ 109.3006229, -7.4451821 ], [ 109.3006055, -7.4451016 ], [ 109.3005665, -7.4449161 ], [ 109.3005565, -7.444837 ], [ 109.3005538, -7.444708 ], [ 109.3005528, -7.4446099 ], [ 109.3005538, -7.4445285 ], [ 109.3005548, -7.44446 ], [ 109.3005578, -7.4443849 ], [ 109.3005726, -7.4442599 ], [ 109.300595, -7.4440039 ], [ 109.300909, -7.4440097 ], [ 109.3010221, -7.4440099 ], [ 109.301162, -7.4440391 ], [ 109.3011995, -7.4440498 ], [ 109.3012482, -7.4440697 ], [ 109.3012817, -7.4440744 ], [ 109.3013229, -7.4440737 ], [ 109.3013752, -7.4440744 ], [ 109.3014523, -7.4440677 ], [ 109.3015784, -7.4440491 ], [ 109.3017266, -7.4440305 ], [ 109.3018795, -7.4440052 ], [ 109.3020156, -7.4439813 ], [ 109.3020791, -7.44397 ], [ 109.3021262, -7.4439633 ], [ 109.3022463, -7.4439467 ], [ 109.3024313, -7.4439148 ], [ 109.3027436, -7.4438644 ], [ 109.3033407, -7.4437829 ], [ 109.3039391, -7.4436947 ], [ 109.3046234, -7.4435927 ], [ 109.3049566, -7.4435351 ], [ 109.3051444, -7.4435052 ], [ 109.3052293, -7.4434923 ], [ 109.3052933, -7.4434886 ], [ 109.3053509, -7.4434913 ], [ 109.3054026, -7.4435039 ], [ 109.3054475, -7.4435165 ], [ 109.3055052, -7.4435405 ], [ 109.3056782, -7.4436242 ], [ 109.3058445, -7.443716 ], [ 109.3059926, -7.4437971 ], [ 109.3063393, -7.443978 ], [ 109.3064694, -7.4440371 ], [ 109.3065459, -7.4440817 ], [ 109.3065928, -7.4441076 ], [ 109.3066243, -7.4441309 ], [ 109.3066495, -7.444169 ], [ 109.3066617, -7.4442055 ], [ 109.3066786, -7.4442685 ], [ 109.3070448, -7.4442062 ], [ 109.3079339, -7.4440571 ], [ 109.3086296, -7.443954 ], [ 109.3086877, -7.443945 ], [ 109.3087681, -7.4439364 ], [ 109.3088264, -7.4439294 ], [ 109.3089283, -7.4439188 ], [ 109.3092023, -7.4438991 ], [ 109.3094294, -7.4438779 ], [ 109.3094896, -7.4438716 ], [ 109.3099, -7.443831 ], [ 109.3105678, -7.4437472 ], [ 109.310663, -7.4437379 ], [ 109.3110533, -7.4437014 ], [ 109.3114503, -7.4436628 ], [ 109.3120296, -7.4436049 ], [ 109.3125359, -7.4435478 ] ] } },
{ "type": "Feature", "properties": { "name": "Jalan KH. Agus Salim", "highway": "secondary", "length": 498.42662902609152, "latitude": -7.4478350079576705, "longitude": 109.24113036127549 }, "geometry": { "type": "LineString", "coordinates": [ [ 109.2388952, -7.4475711 ], [ 109.2389797, -7.447611 ], [ 109.2391862, -7.4476602 ], [ 109.2393195, -7.4476832 ], [ 109.2395896, -7.4477298 ], [ 109.2398021, -7.4477665 ], [ 109.2398464, -7.4477694 ], [ 109.2406774, -7.4478244 ], [ 109.2411275, -7.4478552 ], [ 109.2414031, -7.447871 ], [ 109.2418684, -7.4478971 ], [ 109.2419518, -7.4479018 ], [ 109.2420808, -7.4479058 ], [ 109.2423056, -7.4479155 ], [ 109.2425122, -7.447922 ], [ 109.2425683, -7.4479238 ], [ 109.2431925, -7.4479557 ], [ 109.2433858, -7.4479637 ] ] } },
{ "type": "Feature", "properties": { "name": [ "Jalan KH. Agus Salim", "Jalan Perintis Kemerdekaan" ], "highway": "secondary", "length": 1405.9933717607396, "latitude": -7.4424222431363924, "longitude": 109.23642310169106 }, "geometry": { "type": "LineString", "coordinates": [ [ 109.2388952, -7.4475711 ], [ 109.2388093, -7.4475272 ], [ 109.2386712, -7.4474168 ], [ 109.2382432, -7.447072 ], [ 109.2375715, -7.4465139 ], [ 109.2371906, -7.4461854 ], [ 109.2368873, -7.445831 ], [ 109.2367078, -7.4456083 ], [ 109.2365858, -7.4454367 ], [ 109.2364587, -7.4452386 ], [ 109.2364313, -7.4451795 ], [ 109.2364019, -7.4451061 ], [ 109.236357, -7.4449762 ], [ 109.2362954, -7.4448144 ], [ 109.2362378, -7.4446794 ], [ 109.2361918, -7.4445724 ], [ 109.2361068, -7.444344 ], [ 109.2360905, -7.4442908 ], [ 109.2360048, -7.444022 ], [ 109.236, -7.4439943 ], [ 109.2359644, -7.4438456 ], [ 109.2359266, -7.443704 ], [ 109.235884, -7.4435355 ], [ 109.2358652, -7.4434634 ], [ 109.2358106, -7.4431006 ], [ 109.2357812, -7.4429417 ], [ 109.235765, -7.4428543 ], [ 109.2357489, -7.4427625 ], [ 109.2357134, -7.4426179 ], [ 109.2356457, -7.4423786 ], [ 109.2356354, -7.4422765 ], [ 109.2355753, -7.4419687 ], [ 109.2355213, -7.4416885 ], [ 109.2354957, -7.4415589 ], [ 109.2354171, -7.4411196 ], [ 109.235301, -7.440571 ], [ 109.2352068, -7.4400642 ], [ 109.2352018, -7.4398848 ], [ 109.2352181, -7.4396717 ], [ 109.2352587, -7.4395024 ], [ 109.2353292, -7.4393808 ], [ 109.2354673, -7.4392625 ], [ 109.2356335, -7.4391166 ], [ 109.235712, -7.4390559 ], [ 109.2361191, -7.4387039 ], [ 109.2364686, -7.4383964 ], [ 109.2369378, -7.438018 ], [ 109.2371777, -7.4378296 ], [ 109.2372996, -7.4377169 ], [ 109.2374019, -7.4376387 ], [ 109.2377106, -7.437325 ], [ 109.2377754, -7.4372713 ] ] } },
{ "type": "Feature", "properties": { "name": "Jalan Lesan Pura", "highway": "tertiary", "length": 871.91116173026853, "latitude": -7.4503441387220883, "longitude": 109.23970015402736 }, "geometry": { "type": "LineString", "coordinates": [ [ 109.2388952, -7.4475711 ], [ 109.2388706, -7.4476604 ], [ 109.2387295, -7.4481908 ], [ 109.2385953, -7.4487377 ], [ 109.2385547, -7.4489505 ], [ 109.2385011, -7.4491813 ], [ 109.2384834, -7.4492346 ], [ 109.2383794, -7.4496792 ], [ 109.2382756, -7.4501176 ], [ 109.2382381, -7.4503064 ], [ 109.2381726, -7.450595 ], [ 109.2382383, -7.4506162 ], [ 109.2382907, -7.4506282 ], [ 109.2383797, -7.4506446 ], [ 109.2386302, -7.4506906 ], [ 109.2387624, -7.4507067 ], [ 109.2392189, -7.4507079 ], [ 109.2392693, -7.450716 ], [ 109.2393195, -7.4507292 ], [ 109.2398292, -7.4509313 ], [ 109.2400772, -7.4510177 ], [ 109.2403105, -7.4511 ], [ 109.240747, -7.4512326 ], [ 109.2408372, -7.4512621 ], [ 109.2411233, -7.4513555 ], [ 109.241782, -7.4515736 ], [ 109.2427321, -7.4519005 ] ] } },
{ "type": "Feature", "properties": { "name": "Jalan Letnan Jenderal S. Parman", "highway": "tertiary", "length": 176.4447830354755, "latitude": -7.4299601775393951, "longitude": 109.24373266118987 }, "geometry": { "type": "LineString", "coordinates": [ [ 109.2437477, -7.4307534 ], [ 109.2437377, -7.4301574 ], [ 109.2437253, -7.4298071 ], [ 109.2437226, -7.4291669 ] ] } },
{ "type": "Feature", "properties": { "name": "Jalan Letnan Jenderal S. Parman", "highway": "tertiary", "length": 89.636370688683741, "latitude": -7.4311491467090534, "longitude": 109.24380767241215 }, "geometry": { "type": "LineString", "coordinates": [ [ 109.2437477, -7.4307534 ], [ 109.2437835, -7.4308466 ], [ 109.2438137, -7.4311658 ], [ 109.2438385, -7.4315508 ] ] } },
{ "type": "Feature", "properties": { "name": "Jalan Mayor Jenderal Sutoyo", "highway": "secondary", "length": 1637.0296102539639, "latitude": -7.4321202720522974, "longitude": 109.2235762410092 }, "geometry": { "type": "LineString", "coordinates": [ [ 109.2199908, -7.4384686 ], [ 109.2205871, -7.4373131 ], [ 109.2208842, -7.4367319 ], [ 109.2209095, -7.4366824 ], [ 109.2212334, -7.4360516 ], [ 109.2213374, -7.4358436 ], [ 109.2215715, -7.4353439 ], [ 109.2216319, -7.4352261 ], [ 109.221747, -7.4350019 ], [ 109.2217673, -7.4349623 ], [ 109.2218682, -7.4347634 ], [ 109.2219016, -7.4347006 ], [ 109.2220043, -7.4344783 ], [ 109.2221066, -7.4342722 ], [ 109.2223605, -7.4337716 ], [ 109.2224524, -7.4335909 ], [ 109.2225015, -7.4334937 ], [ 109.2225079, -7.4334812 ], [ 109.2226794, -7.4331576 ], [ 109.2227304, -7.4330573 ], [ 109.2228073, -7.4329298 ], [ 109.2229367, -7.432723 ], [ 109.2230349, -7.4325841 ], [ 109.2230926, -7.4325098 ], [ 109.2231325, -7.432474 ], [ 109.2233043, -7.4323436 ], [ 109.2236735, -7.4320561 ], [ 109.2240081, -7.4318379 ], [ 109.2240522, -7.4317968 ], [ 109.2240827, -7.4317649 ], [ 109.2241216, -7.431721 ], [ 109.2241954, -7.4316146 ], [ 109.2243093, -7.4314484 ], [ 109.2244059, -7.4312955 ], [ 109.224966, -7.4305064 ], [ 109.2252848, -7.4300299 ], [ 109.225304, -7.4299962 ], [ 109.2253135, -7.4299827 ], [ 109.2253658, -7.4299082 ], [ 109.2255559, -7.4296238 ], [ 109.22558, -7.4295896 ], [ 109.2256038, -7.4295407 ], [ 109.2256437, -7.4294649 ], [ 109.2257108, -7.4292927 ], [ 109.2257832, -7.4290799 ], [ 109.2258633, -7.4288362 ], [ 109.2259252, -7.4285127 ], [ 109.2259282, -7.4284979 ], [ 109.2259504, -7.428391 ], [ 109.2259706, -7.4282931 ], [ 109.2260544, -7.4278881 ], [ 109.2260844, -7.4277202 ], [ 109.2261396, -7.4275236 ], [ 109.2262231, -7.4271596 ], [ 109.2262864, -7.4268172 ], [ 109.2263077, -7.4267206 ], [ 109.2264897, -7.4258889 ], [ 109.2265621, -7.4255728 ] ] } },
{ "type": "Feature", "properties": { "name": null, "highway": "tertiary_link", "length": 10.712510134928431, "latitude": -7.43666695, "longitude": 109.24409645 }, "geometry": { "type": "LineString", "coordinates": [ [ 109.244145, -7.4366653 ], [ 109.2440479, -7.4366686 ] ] } },
{ "type": "Feature", "properties": { "name": "Jalan Letnan Jenderal S. Parman", "highway": "tertiary", "length": 124.97968571649832, "latitude": -7.4372263195196551, "longitude": 109.24417735156095 }, "geometry": { "type": "LineString", "coordinates": [ [ 109.244145, -7.4366653 ], [ 109.2441548, -7.4367922 ], [ 109.2441774, -7.4371892 ], [ 109.2441787, -7.437249 ], [ 109.2442054, -7.4377876 ] ] } },
{ "type": "Feature", "properties": { "name": null, "highway": "tertiary_link", "length": 10.712510134928431, "latitude": -7.43666695, "longitude": 109.24409645 }, "geometry": { "type": "LineString", "coordinates": [ [ 109.2440479, -7.4366686 ], [ 109.244145, -7.4366653 ] ] } },
{ "type": "Feature", "properties": { "name": "Jalan Letnan Jenderal S. Parman", "highway": "tertiary", "length": 74.476762958279238, "latitude": -7.4363341866108481, "longitude": 109.24402984401908 }, "geometry": { "type": "LineString", "coordinates": [ [ 109.2440479, -7.4366686 ], [ 109.2440283, -7.4363015 ], [ 109.2440113, -7.4359998 ] ] } },
{ "type": "Feature", "properties": { "name": "Mohammad Kutosari", "highway": "secondary", "length": 34.513705831797218, "latitude": -7.38788885, "longitude": 109.2325935 }, "geometry": { "type": "LineString", "coordinates": [ [ 109.2325642, -7.3880413 ], [ 109.2326228, -7.3877364 ] ] } },
{ "type": "Feature", "properties": { "name": "Letnan Jenderal Polisi Sumarto", "highway": "secondary", "length": 32.180483508707582, "latitude": -7.3879541250741605, "longitude": 109.23267928677048 }, "geometry": { "type": "LineString", "coordinates": [ [ 109.2325642, -7.3880413 ], [ 109.2326493, -7.3879631 ], [ 109.2327241, -7.3879226 ], [ 109.2328059, -7.387884 ] ] } },
{ "type": "Feature", "properties": { "name": "Jalan Suparto", "highway": "secondary", "length": 845.00880255054528, "latitude": -7.3918061712620933, "longitude": 109.23220480017605 }, "geometry": { "type": "LineString", "coordinates": [ [ 109.2325642, -7.3880413 ], [ 109.2322996, -7.3891694 ], [ 109.2322835, -7.3892396 ], [ 109.2322524, -7.3893746 ], [ 109.2322285, -7.3895179 ], [ 109.2322155, -7.3899714 ], [ 109.2322021, -7.3904129 ], [ 109.2321888, -7.3908546 ], [ 109.232157, -7.3919065 ], [ 109.2321521, -7.3920677 ], [ 109.2321498, -7.392352 ], [ 109.2321469, -7.3927112 ], [ 109.232146, -7.3928175 ], [ 109.232144, -7.393073 ], [ 109.2321434, -7.3931394 ], [ 109.2321415, -7.3933801 ], [ 109.232136, -7.3940573 ], [ 109.2321354, -7.3940936 ], [ 109.232133, -7.3942376 ], [ 109.2321199, -7.3950199 ], [ 109.2321157, -7.3952726 ], [ 109.2321102, -7.3956019 ] ] } },
{ "type": "Feature", "properties": { "name": "Jalan Stasiun", "highway": "secondary", "length": 33.404442346367368, "latitude": -7.4237625018643962, "longitude": 109.22333316983904 }, "geometry": { "type": "LineString", "coordinates": [ [ 109.2231825, -7.4237477 ], [ 109.2232681, -7.4237586 ], [ 109.2233374, -7.4237646 ], [ 109.2234052, -7.4237683 ], [ 109.2234843, -7.4237719 ] ] } },
{ "type": "Feature", "properties": { "name": "Jalan Stasiun", "highway": "secondary", "length": 430.09409032830717, "latitude": -7.4222987847006756, "longitude": 109.22246391121273 }, "geometry": { "type": "LineString", "coordinates": [ [ 109.2231825, -7.4237477 ], [ 109.2227026, -7.4237106 ], [ 109.2226401, -7.4236804 ], [ 109.2225922, -7.4236501 ], [ 109.2225615, -7.4235818 ], [ 109.2224131, -7.4224391 ], [ 109.2223768, -7.4221381 ], [ 109.2223369, -7.4217842 ], [ 109.2223183, -7.4215907 ], [ 109.2223124, -7.4214226 ], [ 109.2223164, -7.4211606 ], [ 109.2222427, -7.4204096 ] ] } },
{ "type": "Feature", "properties": { "name": "Jalan Brigadir Jenderal Katamso", "highway": "tertiary", "length": 317.65813230824824, "latitude": -7.4247402019331465, "longitude": 109.24857669131555 }, "geometry": { "type": "LineString", "coordinates": [ [ 109.2486689, -7.4261649 ], [ 109.2486422, -7.4254196 ], [ 109.2486361, -7.4253069 ], [ 109.2486114, -7.4248989 ], [ 109.2485182, -7.4241026 ], [ 109.2484797, -7.4237329 ], [ 109.2484787, -7.4237194 ], [ 109.2484494, -7.4233179 ] ] } },
{ "type": "Feature", "properties": { "name": "Jalan Brigadir Jenderal Katamso", "highway": "tertiary", "length": 170.95399046150305, "latitude": -7.4269332789387441, "longitude": 109.24869165132347 }, "geometry": { "type": "LineString", "coordinates": [ [ 109.2486689, -7.4261649 ], [ 109.2486844, -7.4267251 ], [ 109.2487113, -7.4275567 ], [ 109.2487148, -7.4276404 ], [ 109.2487161, -7.4277016 ] ] } },
{ "type": "Feature", "properties": { "name": "Vihara", "highway": "tertiary", "length": 283.28699128539688, "latitude": -7.4261012570517666, "longitude": 109.24995149251539 }, "geometry": { "type": "LineString", "coordinates": [ [ 109.2486689, -7.4261649 ], [ 109.2494084, -7.4261442 ], [ 109.2498236, -7.4261092 ], [ 109.2502995, -7.4260807 ], [ 109.2504436, -7.4260674 ], [ 109.2504466, -7.4260671 ], [ 109.2505267, -7.4260593 ], [ 109.250888, -7.4260465 ], [ 109.2512336, -7.4260264 ] ] } },
{ "type": "Feature", "properties": { "name": "Jalan Kyai Mohammad Syafei", "highway": "tertiary", "length": 102.67776895471643, "latitude": -7.4242331541802047, "longitude": 109.24228887890928 }, "geometry": { "type": "LineString", "coordinates": [ [ 109.2423346, -7.4237794 ], [ 109.2423545, -7.4238508 ], [ 109.2422546, -7.4244303 ], [ 109.2422211, -7.4246896 ] ] } },
{ "type": "Feature", "properties": { "name": null, "highway": "tertiary", "length": 246.08166688860589, "latitude": -7.4477256668064804, "longitude": 109.28674263304181 }, "geometry": { "type": "LineString", "coordinates": [ [ 109.2856834, -7.4480627 ], [ 109.2857263, -7.4480343 ], [ 109.2860812, -7.4478987 ], [ 109.2862771, -7.4478416 ], [ 109.2865862, -7.447757 ], [ 109.2870647, -7.4476174 ], [ 109.2877684, -7.4474796 ], [ 109.2878244, -7.4474646 ], [ 109.2878254, -7.4474649 ] ] } },
{ "type": "Feature", "properties": { "name": null, "highway": "tertiary", "length": 1607.3616080716367, "latitude": -7.4431948698467689, "longitude": 109.28121491116666 }, "geometry": { "type": "LineString", "coordinates": [ [ 109.2856834, -7.4480627 ], [ 109.2856357, -7.447942 ], [ 109.2855954, -7.4478117 ], [ 109.2855257, -7.4475724 ], [ 109.2854975, -7.4474753 ], [ 109.2854586, -7.4473569 ], [ 109.2853487, -7.4472506 ], [ 109.285295, -7.4471708 ], [ 109.2852709, -7.4471096 ], [ 109.2852597, -7.4470932 ], [ 109.2852146, -7.4470272 ], [ 109.285169, -7.446958 ], [ 109.2851073, -7.4468782 ], [ 109.2850456, -7.4467984 ], [ 109.2849758, -7.4466974 ], [ 109.2848739, -7.4465617 ], [ 109.2847935, -7.4464607 ], [ 109.2846942, -7.4463277 ], [ 109.2845789, -7.4461894 ], [ 109.2844072, -7.4459819 ], [ 109.2841739, -7.4456841 ], [ 109.2837849, -7.4451947 ], [ 109.2837388, -7.445132 ], [ 109.283542, -7.4448639 ], [ 109.2834255, -7.4447053 ], [ 109.2831358, -7.444341 ], [ 109.2828676, -7.4439979 ], [ 109.2825458, -7.4436016 ], [ 109.2823231, -7.4433117 ], [ 109.2820952, -7.4430032 ], [ 109.2819047, -7.4427718 ], [ 109.2814192, -7.442184 ], [ 109.2811483, -7.4417904 ], [ 109.2808654, -7.4414127 ], [ 109.2807648, -7.4412678 ], [ 109.2807125, -7.4412026 ], [ 109.2806374, -7.4411388 ], [ 109.2805945, -7.4411175 ], [ 109.2805772, -7.4411111 ], [ 109.2805408, -7.4410989 ], [ 109.2804925, -7.4410949 ], [ 109.2804308, -7.4411016 ], [ 109.2803769, -7.4411042 ], [ 109.280286, -7.4411188 ], [ 109.2802082, -7.4411361 ], [ 109.2801331, -7.4411521 ], [ 109.2800795, -7.4411614 ], [ 109.2799883, -7.4411747 ], [ 109.279948, -7.4411694 ], [ 109.2799119, -7.4411388 ], [ 109.2798988, -7.4410823 ], [ 109.2799008, -7.4410351 ], [ 109.2798994, -7.4409946 ], [ 109.2798632, -7.4408543 ], [ 109.2798458, -7.4407831 ], [ 109.2798317, -7.4407432 ], [ 109.2798029, -7.4406668 ], [ 109.2797855, -7.4405962 ], [ 109.2797794, -7.4405596 ], [ 109.279642, -7.4405776 ], [ 109.2795601, -7.4405963 ], [ 109.2793831, -7.4406481 ], [ 109.2792986, -7.4406721 ], [ 109.2792088, -7.4406893 ], [ 109.2791015, -7.4407186 ], [ 109.2790586, -7.4407279 ], [ 109.2789969, -7.4407452 ], [ 109.2787018, -7.4408303 ], [ 109.2785946, -7.4408609 ], [ 109.2785369, -7.4408782 ], [ 109.2784497, -7.4409128 ], [ 109.2784028, -7.4409513 ], [ 109.2783585, -7.4409886 ], [ 109.2783196, -7.4410178 ], [ 109.278211, -7.4411029 ], [ 109.2780407, -7.4412266 ], [ 109.2779951, -7.4412532 ], [ 109.2779108, -7.4413151 ], [ 109.2778181, -7.4413715 ], [ 109.2777389, -7.4414168 ], [ 109.2777005, -7.4414319 ], [ 109.2776343, -7.441458 ], [ 109.2774546, -7.4415125 ], [ 109.2772239, -7.4415683 ], [ 109.2768672, -7.4416362 ], [ 109.2766575, -7.4416801 ], [ 109.27643, -7.4417213 ], [ 109.2762027, -7.4417639 ], [ 109.2756779, -7.4418656 ], [ 109.2754906, -7.4418935 ] ] } },
{ "type": "Feature", "properties": { "name": null, "highway": "tertiary", "length": 476.13716451910051, "latitude": -7.4497902833293406, "longitude": 109.28650680955792 }, "geometry": { "type": "LineString", "coordinates": [ [ 109.2856834, -7.4480627 ], [ 109.2856971, -7.4480996 ], [ 109.2857269, -7.4481867 ], [ 109.2857943, -7.4484008 ], [ 109.2858325, -7.4485172 ], [ 109.2858657, -7.4486123 ], [ 109.2858999, -7.4487353 ], [ 109.285928, -7.4488064 ], [ 109.2859629, -7.4488676 ], [ 109.2860085, -7.4488915 ], [ 109.2860618, -7.4488929 ], [ 109.2861289, -7.4488782 ], [ 109.2862043, -7.4488569 ], [ 109.2862687, -7.448833 ], [ 109.286324, -7.4488244 ], [ 109.2863397, -7.4488295 ], [ 109.2863545, -7.4488396 ], [ 109.2863827, -7.4488769 ], [ 109.2863988, -7.448942 ], [ 109.2864323, -7.4491149 ], [ 109.2864698, -7.4493616 ], [ 109.2864877, -7.4494309 ], [ 109.2865584, -7.449595 ], [ 109.2866039, -7.449716 ], [ 109.2866142, -7.4497437 ], [ 109.2866498, -7.4498394 ], [ 109.2866871, -7.4499394 ], [ 109.2867435, -7.4501282 ], [ 109.2868132, -7.4503968 ], [ 109.2868613, -7.4506006 ], [ 109.2869151, -7.4509021 ], [ 109.2869765, -7.4511668 ], [ 109.2870019, -7.4513543 ], [ 109.2870174, -7.4514421 ], [ 109.2870435, -7.4515897 ], [ 109.2870637, -7.4517639 ] ] } },
{ "type": "Feature", "properties": { "name": "Jalan Jenderal Sudirman", "highway": "primary", "length": 119.27418214788992, "latitude": -7.4256489453185006, "longitude": 109.232760510142 }, "geometry": { "type": "LineString", "coordinates": [ [ 109.2332819, -7.4257906 ], [ 109.2332439, -7.425779 ], [ 109.2330507, -7.4257178 ], [ 109.2329762, -7.4256996 ], [ 109.2322358, -7.4255192 ] ] } },
{ "type": "Feature", "properties": { "name": "Jalan Jenderal Sudirman", "highway": "primary", "length": 28.010999215931964, "latitude": -7.4258276267716026, "longitude": 109.23340330708697 }, "geometry": { "type": "LineString", "coordinates": [ [ 109.2335247, -7.4258647 ], [ 109.2333784, -7.42582 ], [ 109.2332819, -7.4257906 ] ] } },
{ "type": "Feature", "properties": { "name": "Jalan Gerilya - Soedirman", "highway": "secondary", "length": 48.277543068811319, "latitude": -7.4260381156480442, "longitude": 109.23339309278329 }, "geometry": { "type": "LineString", "coordinates": [ [ 109.2335247, -7.4258647 ], [ 109.2333329, -7.426115 ], [ 109.2333028, -7.4261596 ], [ 109.2332659, -7.4262147 ] ] } },
{ "type": "Feature", "properties": { "name": [ "Jalan Gerilya - Soedirman", "Jalan Bung Karno" ], "highway": "secondary", "length": 2012.0143523676593, "latitude": -7.434201247270332, "longitude": 109.23115566240432 }, "geometry": { "type": "LineString", "coordinates": [ [ 109.2332659, -7.4262147 ], [ 109.2332417, -7.4262766 ], [ 109.2331, -7.4266608 ], [ 109.2330189, -7.4268129 ], [ 109.2328889, -7.4269746 ], [ 109.2326857, -7.4271675 ], [ 109.2323543, -7.4274753 ], [ 109.2321225, -7.4277026 ], [ 109.2319675, -7.4278569 ], [ 109.2318161, -7.4280412 ], [ 109.2316665, -7.4283592 ], [ 109.2315776, -7.4286717 ], [ 109.2315537, -7.428875 ], [ 109.2315763, -7.4291042 ], [ 109.231587, -7.4292213 ], [ 109.2317793, -7.4304944 ], [ 109.2317984, -7.4306682 ], [ 109.2318204, -7.4308431 ], [ 109.231854, -7.4311684 ], [ 109.231846, -7.4315938 ], [ 109.2316753, -7.4322289 ], [ 109.2315686, -7.4325463 ], [ 109.2309599, -7.4335238 ], [ 109.2309035, -7.4336142 ], [ 109.2294667, -7.4359214 ], [ 109.2293948, -7.4360602 ], [ 109.2293599, -7.4361666 ], [ 109.2293438, -7.436274 ], [ 109.2293384, -7.4365655 ], [ 109.2293385, -7.4366334 ], [ 109.2293479, -7.436769 ], [ 109.229354, -7.4368012 ], [ 109.2293894, -7.4369858 ], [ 109.2294785, -7.4371989 ], [ 109.2296121, -7.4374299 ], [ 109.2297542, -7.4376215 ], [ 109.2299305, -7.4377744 ], [ 109.2302853, -7.4380231 ], [ 109.2306081, -7.4383069 ], [ 109.2307439, -7.4384592 ], [ 109.2308588, -7.4386296 ], [ 109.2311312, -7.4393282 ], [ 109.2314192, -7.4402698 ], [ 109.2316113, -7.4409363 ], [ 109.2316304, -7.4414494 ], [ 109.2316223, -7.441702 ], [ 109.2315699, -7.4423356 ] ] } },
{ "type": "Feature", "properties": { "name": "Jalan Gerilya - Soedirman", "highway": "secondary", "length": 47.328364644125713, "latitude": -7.4260028310017931, "longitude": 109.23326746234814 }, "geometry": { "type": "LineString", "coordinates": [ [ 109.2332659, -7.4262147 ], [ 109.2332572, -7.4261583 ], [ 109.2332582, -7.4261084 ], [ 109.2332819, -7.4257906 ] ] } },
{ "type": "Feature", "properties": { "name": "Jalan Merdeka", "highway": "tertiary", "length": 568.50290340856873, "latitude": -7.4243326651668315, "longitude": 109.23725777226531 }, "geometry": { "type": "LineString", "coordinates": [ [ 109.2367217, -7.4268266 ], [ 109.2367585, -7.4266994 ], [ 109.2368747, -7.4263304 ], [ 109.2369248, -7.4262009 ], [ 109.2369877, -7.4259784 ], [ 109.2370313, -7.4257964 ], [ 109.2370629, -7.4255937 ], [ 109.2371374, -7.425145 ], [ 109.2372926, -7.4241926 ], [ 109.2373024, -7.4241539 ], [ 109.237413, -7.4236238 ], [ 109.237489, -7.4229929 ], [ 109.2375624, -7.4224812 ], [ 109.2375788, -7.422368 ], [ 109.2376754, -7.4218117 ] ] } },
{ "type": "Feature", "properties": { "name": "Jalan Jenderal Sudirman", "highway": "primary", "length": 206.58091325446142, "latitude": -7.4265691653325439, "longitude": 109.2358218230433 }, "geometry": { "type": "LineString", "coordinates": [ [ 109.2367217, -7.4268266 ], [ 109.236547, -7.4267762 ], [ 109.236077, -7.4266523 ], [ 109.2354511, -7.4264593 ], [ 109.235121, -7.4263607 ], [ 109.234926, -7.4262978 ] ] } },
{ "type": "Feature", "properties": { "name": [ "Jalan Jenderal Ahmad Yani", "Jenderal Ahmad Yani" ], "highway": "secondary", "length": 393.5769849030612, "latitude": -7.4180881659922857, "longitude": 109.23028717410162 }, "geometry": { "type": "LineString", "coordinates": [ [ 109.2305482, -7.4163482 ], [ 109.2305385, -7.4164167 ], [ 109.2305166, -7.4166354 ], [ 109.2305157, -7.4167347 ], [ 109.2305148, -7.4168122 ], [ 109.2305141, -7.4168308 ], [ 109.2304925, -7.417036 ], [ 109.2304169, -7.4179775 ], [ 109.2303954, -7.4180827 ], [ 109.2303719, -7.418158 ], [ 109.2302181, -7.4185962 ], [ 109.2301222, -7.4188736 ], [ 109.2298123, -7.4197841 ] ] } },
{ "type": "Feature", "properties": { "name": "Jenderal Ahmad Yani", "highway": "secondary", "length": 17.282016245826725, "latitude": -7.4162707875585001, "longitude": 109.23054181215689 }, "geometry": { "type": "LineString", "coordinates": [ [ 109.2305482, -7.4163482 ], [ 109.2305396, -7.4162601 ], [ 109.2305385, -7.4161932 ] ] } },
{ "type": "Feature", "properties": { "name": "Jalan Baturaden timur", "highway": "primary", "length": 16.011537540493723, "latitude": -7.40228435, "longitude": 109.2858011 }, "geometry": { "type": "LineString", "coordinates": [ [ 109.2857835, -7.4022145 ], [ 109.2858187, -7.4023542 ] ] } },
{ "type": "Feature", "properties": { "name": "Jalan Raya Dukuhwaluh", "highway": "secondary", "length": 28.438991807483124, "latitude": -7.4023168158059613, "longitude": 109.28570786810171 }, "geometry": { "type": "LineString", "coordinates": [ [ 109.2857835, -7.4022145 ], [ 109.2857644, -7.4022511 ], [ 109.2857373, -7.402292 ], [ 109.2857064, -7.4023253 ], [ 109.2856188, -7.4024086 ] ] } },
{ "type": "Feature", "properties": { "name": "Jalan Baturaden timur", "highway": "primary", "length": 1573.1195062034326, "latitude": -7.395833740817217, "longitude": 109.28274857065394 }, "geometry": { "type": "LineString", "coordinates": [ [ 109.2857835, -7.4022145 ], [ 109.2856541, -7.4017507 ], [ 109.2855456, -7.4013862 ], [ 109.2855014, -7.4012681 ], [ 109.2854423, -7.4011103 ], [ 109.2854298, -7.4010769 ], [ 109.2850961, -7.4002555 ], [ 109.2850452, -7.4001774 ], [ 109.2847486, -7.3995577 ], [ 109.2844029, -7.398914 ], [ 109.2841051, -7.3983497 ], [ 109.2840529, -7.3982527 ], [ 109.2836697, -7.3975406 ], [ 109.283388, -7.3970133 ], [ 109.2832696, -7.3967918 ], [ 109.2832434, -7.3967399 ], [ 109.2831365, -7.3965279 ], [ 109.282549, -7.395425 ], [ 109.2824905, -7.3953152 ], [ 109.2820832, -7.3945884 ], [ 109.2820043, -7.394443 ], [ 109.2816282, -7.3937438 ], [ 109.2812953, -7.3931471 ], [ 109.2810246, -7.39261 ], [ 109.2805137, -7.39157 ], [ 109.2799473, -7.3903524 ], [ 109.2795755, -7.3895039 ] ] } },
{ "type": "Feature", "properties": { "name": null, "highway": "secondary", "length": 33.838495530148172, "latitude": -7.3995075, "longitude": 109.20012735000002 }, "geometry": { "type": "LineString", "coordinates": [ [ 109.2000885, -7.3993603 ], [ 109.2001662, -7.3996547 ] ] } },
{ "type": "Feature", "properties": { "name": null, "highway": "tertiary", "length": 35.253442533334692, "latitude": -7.3994181466455196, "longitude": 109.20022888270637 }, "geometry": { "type": "LineString", "coordinates": [ [ 109.2000885, -7.3993603 ], [ 109.2001776, -7.3994259 ], [ 109.2002097, -7.3994353 ], [ 109.2002497, -7.3994409 ], [ 109.2003097, -7.3994332 ], [ 109.2003815, -7.399414 ] ] } },
{ "type": "Feature", "properties": { "name": "Jalan Raya Kedungbanteng", "highway": "secondary", "length": 1748.8926602336396, "latitude": -7.3921687907838471, "longitude": 109.20045801790324 }, "geometry": { "type": "LineString", "coordinates": [ [ 109.2000885, -7.3993603 ], [ 109.1999835, -7.3990783 ], [ 109.1999717, -7.399041 ], [ 109.1996131, -7.3979059 ], [ 109.1995887, -7.3977902 ], [ 109.1995818, -7.3977005 ], [ 109.1995787, -7.3975654 ], [ 109.1995873, -7.3972955 ], [ 109.1995915, -7.3971146 ], [ 109.1996086, -7.3965528 ], [ 109.199613, -7.3965307 ], [ 109.1996289, -7.3965008 ], [ 109.1996605, -7.3964643 ], [ 109.1997242, -7.396419 ], [ 109.2000306, -7.3962368 ], [ 109.2003019, -7.3960779 ], [ 109.2003271, -7.3960599 ], [ 109.2003711, -7.3960382 ], [ 109.2004432, -7.3959801 ], [ 109.2004608, -7.3959515 ], [ 109.2004685, -7.3959316 ], [ 109.200475, -7.3959103 ], [ 109.2004739, -7.3958731 ], [ 109.2004616, -7.3958332 ], [ 109.2004331, -7.3957632 ], [ 109.20038, -7.3956756 ], [ 109.2000983, -7.3951955 ], [ 109.2000327, -7.3950704 ], [ 109.1999562, -7.3949082 ], [ 109.1998704, -7.394734 ], [ 109.1998087, -7.3946103 ], [ 109.1997631, -7.3945105 ], [ 109.1997296, -7.3944254 ], [ 109.1997229, -7.3943736 ], [ 109.1997255, -7.3942445 ], [ 109.1997604, -7.3936607 ], [ 109.1997708, -7.3934228 ], [ 109.1997886, -7.3930995 ], [ 109.1998087, -7.392739 ], [ 109.1998194, -7.3925143 ], [ 109.1998397, -7.3923444 ], [ 109.1998851, -7.3919637 ], [ 109.1998962, -7.3918959 ], [ 109.19992, -7.3918227 ], [ 109.1999854, -7.3917105 ], [ 109.2000458, -7.3915973 ], [ 109.2001145, -7.3914689 ], [ 109.2001351, -7.3914238 ], [ 109.2002099, -7.3912601 ], [ 109.2002472, -7.3911723 ], [ 109.2003659, -7.3909449 ], [ 109.2005673, -7.3905293 ], [ 109.2006784, -7.3903082 ], [ 109.200768, -7.3901362 ], [ 109.2008638, -7.3899163 ], [ 109.2009154, -7.3897652 ], [ 109.2009404, -7.389674 ], [ 109.2010063, -7.3893941 ], [ 109.2010677, -7.3891143 ], [ 109.2010997, -7.3889699 ], [ 109.2011485, -7.3887272 ], [ 109.2011705, -7.3886177 ], [ 109.2012101, -7.3884206 ], [ 109.2012522, -7.3882374 ], [ 109.2013255, -7.3879179 ], [ 109.2013506, -7.3878229 ], [ 109.2013689, -7.3877538 ], [ 109.2013737, -7.3877357 ], [ 109.2014339, -7.3874158 ], [ 109.2014355, -7.3874056 ], [ 109.2014998, -7.3870082 ], [ 109.2015644, -7.3865388 ], [ 109.201631, -7.3859144 ], [ 109.2016335, -7.3858432 ], [ 109.2016383, -7.385778 ], [ 109.2016679, -7.3855499 ], [ 109.2017271, -7.3854479 ], [ 109.2017395, -7.3853258 ], [ 109.2017557, -7.385226 ], [ 109.2017249, -7.3850646 ], [ 109.2017758, -7.3846788 ] ] } },
{ "type": "Feature", "properties": { "name": "Jalan Raya Dukuhwaluh", "highway": "secondary", "length": 28.438991807483127, "latitude": -7.4023168158059605, "longitude": 109.28570786810171 }, "geometry": { "type": "LineString", "coordinates": [ [ 109.2856188, -7.4024086 ], [ 109.2857064, -7.4023253 ], [ 109.2857373, -7.402292 ], [ 109.2857644, -7.4022511 ], [ 109.2857835, -7.4022145 ] ] } },
{ "type": "Feature", "properties": { "name": "Jalan Raya Dukuhwaluh", "highway": "secondary", "length": 22.858508610513681, "latitude": -7.4023811638686627, "longitude": 109.28571868808929 }, "geometry": { "type": "LineString", "coordinates": [ [ 109.2856188, -7.4024086 ], [ 109.2856977, -7.4023871 ], [ 109.2857574, -7.4023702 ], [ 109.2857856, -7.4023626 ], [ 109.2858187, -7.4023542 ] ] } },
{ "type": "Feature", "properties": { "name": [ "Jalan Raya Karangsoka", "Jalan Raya Dukuhwaluh" ], "highway": "secondary", "length": 2128.7563170920166, "latitude": -7.4076220165631499, "longitude": 109.27761998279196 }, "geometry": { "type": "LineString", "coordinates": [ [ 109.2856188, -7.4024086 ], [ 109.2848103, -7.4026452 ], [ 109.284659, -7.4026963 ], [ 109.2845276, -7.4027535 ], [ 109.2843804, -7.4028436 ], [ 109.2843351, -7.4028579 ], [ 109.2842138, -7.402949 ], [ 109.2841286, -7.4030388 ], [ 109.2840006, -7.4031917 ], [ 109.2839175, -7.4032735 ], [ 109.2837162, -7.4034936 ], [ 109.2836492, -7.4035501 ], [ 109.2835794, -7.4036027 ], [ 109.2834809, -7.4036711 ], [ 109.2833402, -7.4037614 ], [ 109.2832093, -7.4038454 ], [ 109.2829612, -7.4039917 ], [ 109.2820278, -7.4045569 ], [ 109.2817448, -7.4047125 ], [ 109.2811547, -7.4050835 ], [ 109.2808825, -7.4052464 ], [ 109.2807128, -7.4053402 ], [ 109.2803253, -7.4055876 ], [ 109.2801657, -7.4056959 ], [ 109.2799846, -7.4058243 ], [ 109.2796125, -7.4060889 ], [ 109.2791833, -7.406452 ], [ 109.2790613, -7.4065424 ], [ 109.278954, -7.4066262 ], [ 109.2788199, -7.4067379 ], [ 109.2786401, -7.4068869 ], [ 109.2784756, -7.4070197 ], [ 109.2783375, -7.4071312 ], [ 109.278155, -7.4072772 ], [ 109.2780112, -7.407375 ], [ 109.2778167, -7.4075027 ], [ 109.2775284, -7.4077088 ], [ 109.2772441, -7.4078883 ], [ 109.2766942, -7.4082421 ], [ 109.2756428, -7.408911 ], [ 109.2753841, -7.4090835 ], [ 109.2752498, -7.409173 ], [ 109.275105, -7.4092661 ], [ 109.2749226, -7.4093885 ], [ 109.274578, -7.4096212 ], [ 109.2744331, -7.4097183 ], [ 109.2742661, -7.4098373 ], [ 109.2741287, -7.4099483 ], [ 109.2739114, -7.4101179 ], [ 109.2735929, -7.4103699 ], [ 109.2728667, -7.4109072 ], [ 109.2725301, -7.4111625 ], [ 109.2721411, -7.4114809 ], [ 109.2720761, -7.411521 ], [ 109.2718978, -7.4116705 ], [ 109.2718414, -7.4117151 ], [ 109.2717576, -7.4117803 ], [ 109.2715316, -7.4119465 ], [ 109.2714931, -7.4119764 ], [ 109.2713633, -7.4120895 ], [ 109.2712963, -7.4121374 ], [ 109.2705425, -7.4127478 ], [ 109.2698646, -7.413297 ] ] } },
{ "type": "Feature", "properties": { "name": null, "highway": "tertiary", "length": 36.064413533937554, "latitude": -7.3995292255472256, "longitude": 109.20026829116273 }, "geometry": { "type": "LineString", "coordinates": [ [ 109.2003815, -7.399414 ], [ 109.200321, -7.3994646 ], [ 109.2002862, -7.3994977 ], [ 109.2002546, -7.3995318 ], [ 109.2002205, -7.3995922 ], [ 109.2001662, -7.3996547 ] ] } },
{ "type": "Feature", "properties": { "name": "Jalan Raya Bocoran", "highway": "tertiary", "length": 1902.6753985339831, "latitude": -7.4006837362158882, "longitude": 109.20866020608483 }, "geometry": { "type": "LineString", "coordinates": [ [ 109.2003815, -7.399414 ], [ 109.2005316, -7.3993728 ], [ 109.2007139, -7.3993289 ], [ 109.2008518, -7.3993004 ], [ 109.2013658, -7.3991985 ], [ 109.2017935, -7.3991322 ], [ 109.202221, -7.3990677 ], [ 109.2031035, -7.3989001 ], [ 109.2031458, -7.3989001 ], [ 109.2032138, -7.3989053 ], [ 109.2035004, -7.3989653 ], [ 109.2040797, -7.3991069 ], [ 109.2042067, -7.3991442 ], [ 109.2046176, -7.3992659 ], [ 109.2046943, -7.3992853 ], [ 109.2048025, -7.3993001 ], [ 109.2052117, -7.3993561 ], [ 109.2053085, -7.3993694 ], [ 109.2054746, -7.3993922 ], [ 109.2057189, -7.3994539 ], [ 109.2059065, -7.3995305 ], [ 109.2065263, -7.3998981 ], [ 109.2066226, -7.3999481 ], [ 109.2068562, -7.4000178 ], [ 109.2070246, -7.4000549 ], [ 109.2071366, -7.4000796 ], [ 109.2072894, -7.4001132 ], [ 109.2074389, -7.4001581 ], [ 109.2075023, -7.4001803 ], [ 109.2075503, -7.4001991 ], [ 109.2085336, -7.400649 ], [ 109.2087471, -7.4007439 ], [ 109.2089632, -7.4008227 ], [ 109.2090844, -7.400863 ], [ 109.2093731, -7.4009699 ], [ 109.2100812, -7.4012308 ], [ 109.2103393, -7.4013188 ], [ 109.2108151, -7.4014754 ], [ 109.2109385, -7.40151 ], [ 109.211557, -7.4016479 ], [ 109.212679, -7.401951 ], [ 109.2127275, -7.4019603 ], [ 109.213181, -7.4020312 ], [ 109.2139479, -7.402151 ], [ 109.2146395, -7.4023047 ], [ 109.2146934, -7.4023167 ], [ 109.2154205, -7.4024622 ], [ 109.2160556, -7.4025862 ], [ 109.2161044, -7.4025952 ], [ 109.2169628, -7.4027894 ] ] } },
{ "type": "Feature", "properties": { "name": null, "highway": "tertiary", "length": 35.253442533334692, "latitude": -7.3994181466455178, "longitude": 109.20022888270636 }, "geometry": { "type": "LineString", "coordinates": [ [ 109.2003815, -7.399414 ], [ 109.2003097, -7.3994332 ], [ 109.2002497, -7.3994409 ], [ 109.2002097, -7.3994353 ], [ 109.2001776, -7.3994259 ], [ 109.2000885, -7.3993603 ] ] } },
{ "type": "Feature", "properties": { "name": "Jalan Raya Bocoran", "highway": "tertiary", "length": 1902.6753985339822, "latitude": -7.4006837362158864, "longitude": 109.20866020608479 }, "geometry": { "type": "LineString", "coordinates": [ [ 109.2169628, -7.4027894 ], [ 109.2161044, -7.4025952 ], [ 109.2160556, -7.4025862 ], [ 109.2154205, -7.4024622 ], [ 109.2146934, -7.4023167 ], [ 109.2146395, -7.4023047 ], [ 109.2139479, -7.402151 ], [ 109.213181, -7.4020312 ], [ 109.2127275, -7.4019603 ], [ 109.212679, -7.401951 ], [ 109.211557, -7.4016479 ], [ 109.2109385, -7.40151 ], [ 109.2108151, -7.4014754 ], [ 109.2103393, -7.4013188 ], [ 109.2100812, -7.4012308 ], [ 109.2093731, -7.4009699 ], [ 109.2090844, -7.400863 ], [ 109.2089632, -7.4008227 ], [ 109.2087471, -7.4007439 ], [ 109.2085336, -7.400649 ], [ 109.2075503, -7.4001991 ], [ 109.2075023, -7.4001803 ], [ 109.2074389, -7.4001581 ], [ 109.2072894, -7.4001132 ], [ 109.2071366, -7.4000796 ], [ 109.2070246, -7.4000549 ], [ 109.2068562, -7.4000178 ], [ 109.2066226, -7.3999481 ], [ 109.2065263, -7.3998981 ], [ 109.2059065, -7.3995305 ], [ 109.2057189, -7.3994539 ], [ 109.2054746, -7.3993922 ], [ 109.2053085, -7.3993694 ], [ 109.2052117, -7.3993561 ], [ 109.2048025, -7.3993001 ], [ 109.2046943, -7.3992853 ], [ 109.2046176, -7.3992659 ], [ 109.2042067, -7.3991442 ], [ 109.2040797, -7.3991069 ], [ 109.2035004, -7.3989653 ], [ 109.2032138, -7.3989053 ], [ 109.2031458, -7.3989001 ], [ 109.2031035, -7.3989001 ], [ 109.202221, -7.3990677 ], [ 109.2017935, -7.3991322 ], [ 109.2013658, -7.3991985 ], [ 109.2008518, -7.3993004 ], [ 109.2007139, -7.3993289 ], [ 109.2005316, -7.3993728 ], [ 109.2003815, -7.399414 ] ] } },
{ "type": "Feature", "properties": { "name": null, "highway": "tertiary", "length": 29.731371658660329, "latitude": -7.4028668602679275, "longitude": 109.21707035763528 }, "geometry": { "type": "LineString", "coordinates": [ [ 109.2169628, -7.4027894 ], [ 109.2170237, -7.4028186 ], [ 109.2170805, -7.402868 ], [ 109.2171281, -7.4029199 ], [ 109.2171639, -7.4029622 ] ] } },
{ "type": "Feature", "properties": { "name": null, "highway": "tertiary", "length": 30.354479846745473, "latitude": -7.4027336775916286, "longitude": 109.21708709158119 }, "geometry": { "type": "LineString", "coordinates": [ [ 109.2169628, -7.4027894 ], [ 109.2170378, -7.4027641 ], [ 109.2170888, -7.4027428 ], [ 109.2171261, -7.402717 ], [ 109.2171693, -7.4026856 ], [ 109.2171988, -7.4026564 ] ] } },
{ "type": "Feature", "properties": { "name": "R. Soepeno", "highway": "secondary", "length": 2290.6319735379766, "latitude": -7.3832775382789047, "longitude": 109.21940478604934 }, "geometry": { "type": "LineString", "coordinates": [ [ 109.2178251, -7.3745063 ], [ 109.2195611, -7.3747397 ], [ 109.2195846, -7.374749 ], [ 109.2196681, -7.3747762 ], [ 109.2196849, -7.3748228 ], [ 109.2197, -7.3748747 ], [ 109.2196417, -7.375781 ], [ 109.2195854, -7.3763376 ], [ 109.2195809, -7.3765693 ], [ 109.2196109, -7.3773575 ], [ 109.2195645, -7.378358 ], [ 109.219565, -7.3783925 ], [ 109.2195804, -7.3794065 ], [ 109.219598, -7.380651 ], [ 109.2195803, -7.381452 ], [ 109.2195702, -7.3818278 ], [ 109.2195578, -7.3823586 ], [ 109.2195477, -7.3829165 ], [ 109.2195016, -7.3836396 ], [ 109.2195024, -7.3839007 ], [ 109.2194932, -7.384088 ], [ 109.2194901, -7.3841517 ], [ 109.2194652, -7.3846729 ], [ 109.2194607, -7.3854983 ], [ 109.2194451, -7.3860227 ], [ 109.219431, -7.3865465 ], [ 109.2194273, -7.386793 ], [ 109.2194256, -7.386861 ], [ 109.2194247, -7.3868964 ], [ 109.2194234, -7.3869462 ], [ 109.21942, -7.3870769 ], [ 109.219417, -7.3872183 ], [ 109.2194071, -7.3876592 ], [ 109.2193821, -7.388777 ], [ 109.219366, -7.389591 ], [ 109.2193553, -7.390482 ], [ 109.2193128, -7.3915396 ], [ 109.2192943, -7.3917804 ], [ 109.2192839, -7.3919191 ], [ 109.2192534, -7.3921499 ], [ 109.219217, -7.3923331 ], [ 109.2192067, -7.3923877 ], [ 109.2191367, -7.3927585 ], [ 109.2191064, -7.3929089 ], [ 109.2190639, -7.3931201 ], [ 109.2190506, -7.3931861 ], [ 109.2189932, -7.3934824 ] ] } },
{ "type": "Feature", "properties": { "name": [ "Jalan Raya Keniten", "R. Soepeno" ], "highway": "secondary", "length": 830.848098700023, "latitude": -7.3736783753296908, "longitude": 109.21423714274401 }, "geometry": { "type": "LineString", "coordinates": [ [ 109.2178251, -7.3745063 ], [ 109.21776, -7.374503 ], [ 109.2164337, -7.3743261 ], [ 109.216307, -7.3743134 ], [ 109.2161467, -7.3742932 ], [ 109.2158532, -7.374253 ], [ 109.2152361, -7.3741878 ], [ 109.2145561, -7.374098 ], [ 109.2145025, -7.3740601 ], [ 109.2144234, -7.3739866 ], [ 109.2143421, -7.3738475 ], [ 109.2142408, -7.3737204 ], [ 109.2141581, -7.3736457 ], [ 109.2140872, -7.3736084 ], [ 109.2140117, -7.3735826 ], [ 109.2138529, -7.3735299 ], [ 109.2134258, -7.3734241 ], [ 109.2128818, -7.3732747 ], [ 109.2125821, -7.3731736 ], [ 109.212285, -7.3730672 ], [ 109.2118639, -7.372893 ], [ 109.2114548, -7.3727227 ], [ 109.2107556, -7.3724202 ] ] } },
{ "type": "Feature", "properties": { "name": [ "Jalan Raya Kebumen", "Jalan Raya Karangnangka" ], "highway": "tertiary", "length": 2346.2324358471928, "latitude": -7.3675972071673304, "longitude": 109.22338143465518 }, "geometry": { "type": "LineString", "coordinates": [ [ 109.2178251, -7.3745063 ], [ 109.218021, -7.3736897 ], [ 109.2180305, -7.3736539 ], [ 109.2183369, -7.3724989 ], [ 109.2184591, -7.3720972 ], [ 109.2186029, -7.3716083 ], [ 109.2187031, -7.3711666 ], [ 109.2187532, -7.3709886 ], [ 109.2188454, -7.3705836 ], [ 109.2188579, -7.3705203 ], [ 109.2189374, -7.3700184 ], [ 109.2189863, -7.3691601 ], [ 109.2190225, -7.3687678 ], [ 109.2191193, -7.3686063 ], [ 109.219177, -7.3685275 ], [ 109.219222, -7.3684583 ], [ 109.2194666, -7.367968 ], [ 109.2195753, -7.3677711 ], [ 109.2196302, -7.3676607 ], [ 109.2197644, -7.3675078 ], [ 109.2198408, -7.3674333 ], [ 109.2200481, -7.3672799 ], [ 109.2200892, -7.367279 ], [ 109.2201446, -7.3672984 ], [ 109.2202493, -7.3673543 ], [ 109.2205791, -7.3675566 ], [ 109.2206728, -7.3675892 ], [ 109.2208072, -7.3675816 ], [ 109.2210236, -7.367529 ], [ 109.221352, -7.3674771 ], [ 109.2213763, -7.3674732 ], [ 109.2216169, -7.3674778 ], [ 109.2217746, -7.367469 ], [ 109.2218521, -7.3674599 ], [ 109.2220255, -7.3674042 ], [ 109.2221528, -7.3673402 ], [ 109.222522, -7.3670761 ], [ 109.222662, -7.367013 ], [ 109.2228304, -7.36686 ], [ 109.2230759, -7.366636 ], [ 109.2243735, -7.3654473 ], [ 109.2247133, -7.3651291 ], [ 109.2249888, -7.3648847 ], [ 109.2251227, -7.3648438 ], [ 109.2253299, -7.3647985 ], [ 109.2261475, -7.3647687 ], [ 109.2267968, -7.3647892 ], [ 109.2272311, -7.3648113 ], [ 109.2278027, -7.3648802 ], [ 109.2279086, -7.364893 ], [ 109.2285416, -7.3649834 ], [ 109.228942, -7.365045 ], [ 109.2293028, -7.3651041 ], [ 109.2293339, -7.3651092 ], [ 109.2298597, -7.3652168 ], [ 109.2302159, -7.3652896 ], [ 109.2302797, -7.3653026 ], [ 109.230791, -7.3653861 ], [ 109.2309717, -7.3654197 ], [ 109.2318445, -7.3655668 ], [ 109.2324096, -7.3656802 ] ] } },
{ "type": "Feature", "properties": { "name": null, "highway": "secondary", "length": 33.838495530148172, "latitude": -7.3995075, "longitude": 109.20012735000002 }, "geometry": { "type": "LineString", "coordinates": [ [ 109.2001662, -7.3996547 ], [ 109.2000885, -7.3993603 ] ] } },
{ "type": "Feature", "properties": { "name": null, "highway": "tertiary", "length": 36.064413533937554, "latitude": -7.3995292255472256, "longitude": 109.20026829116276 }, "geometry": { "type": "LineString", "coordinates": [ [ 109.2001662, -7.3996547 ], [ 109.2002205, -7.3995922 ], [ 109.2002546, -7.3995318 ], [ 109.2002862, -7.3994977 ], [ 109.200321, -7.3994646 ], [ 109.2003815, -7.399414 ] ] } },
{ "type": "Feature", "properties": { "name": "Jalan Kertawibawa", "highway": "secondary", "length": 1133.3598351967653, "latitude": -7.4045456531810885, "longitude": 109.20148106588722 }, "geometry": { "type": "LineString", "coordinates": [ [ 109.2001662, -7.3996547 ], [ 109.2004873, -7.4006867 ], [ 109.2007716, -7.401486 ], [ 109.2008127, -7.4016294 ], [ 109.2010297, -7.4022707 ], [ 109.2012185, -7.4028236 ], [ 109.201355, -7.4032293 ], [ 109.2015481, -7.4037097 ], [ 109.2016598, -7.4040947 ], [ 109.2016862, -7.4042961 ], [ 109.2017386, -7.4044716 ], [ 109.2019506, -7.4054718 ], [ 109.2019935, -7.4056912 ], [ 109.2020255, -7.4058708 ], [ 109.2020483, -7.4060477 ], [ 109.2020782, -7.4064854 ], [ 109.2020826, -7.4066455 ], [ 109.2020836, -7.4066742 ], [ 109.2020896, -7.4068397 ], [ 109.2020885, -7.4068963 ], [ 109.2020824, -7.4072126 ], [ 109.2020765, -7.4075186 ], [ 109.2020793, -7.4076475 ], [ 109.202084, -7.4078823 ], [ 109.2020887, -7.408113 ], [ 109.2020703, -7.4082945 ], [ 109.2020011, -7.4087189 ], [ 109.2019546, -7.4089613 ], [ 109.2019236, -7.4091065 ], [ 109.2018389, -7.4095421 ] ] } },
{ "type": "Feature", "properties": { "name": "Adipati Mersi", "highway": "secondary", "length": 1022.1342532307624, "latitude": -7.4275962126913386, "longitude": 109.26606093249784 }, "geometry": { "type": "LineString", "coordinates": [ [ 109.2698573, -7.42854 ], [ 109.2696716, -7.4285816 ], [ 109.2693959, -7.428665 ], [ 109.2690467, -7.4287528 ], [ 109.2686256, -7.4288307 ], [ 109.2683848, -7.4288605 ], [ 109.2681519, -7.4288697 ], [ 109.2679759, -7.4285774 ], [ 109.2678863, -7.4284286 ], [ 109.2678689, -7.4284016 ], [ 109.2678537, -7.428378 ], [ 109.267819, -7.4283254 ], [ 109.2678046, -7.4283045 ], [ 109.2673145, -7.4278219 ], [ 109.267281, -7.4277647 ], [ 109.2672535, -7.4277068 ], [ 109.267159, -7.4274841 ], [ 109.267108, -7.42727 ], [ 109.2670476, -7.4270519 ], [ 109.2669578, -7.426867 ], [ 109.2669229, -7.4268724 ], [ 109.2668331, -7.4268817 ], [ 109.2661546, -7.4269636 ], [ 109.2657261, -7.426992 ], [ 109.2653833, -7.4270173 ], [ 109.2647081, -7.4270539 ], [ 109.2639416, -7.4271184 ], [ 109.2633357, -7.4271343 ], [ 109.2630008, -7.4271497 ], [ 109.2618347, -7.4272128 ] ] } },
{ "type": "Feature", "properties": { "name": "Jalan Raden Patah", "highway": "primary", "length": 171.30075442655823, "latitude": -7.4277735012350714, "longitude": 109.26985438849185 }, "geometry": { "type": "LineString", "coordinates": [ [ 109.2698573, -7.42854 ], [ 109.2698294, -7.4283745 ], [ 109.269817, -7.4282149 ], [ 109.2698586, -7.4276517 ], [ 109.2698935, -7.4271005 ], [ 109.2699041, -7.4270054 ] ] } },
{ "type": "Feature", "properties": { "name": "Jalan Dokter Gumbreg", "highway": "primary", "length": 459.95451253495997, "latitude": -7.4305542373365956, "longitude": 109.27027591722845 }, "geometry": { "type": "LineString", "coordinates": [ [ 109.2698573, -7.42854 ], [ 109.2700242, -7.4289301 ], [ 109.2700544, -7.4290574 ], [ 109.2702138, -7.4298771 ], [ 109.2702261, -7.4299443 ], [ 109.2703059, -7.4305232 ], [ 109.2703234, -7.4306677 ], [ 109.2703575, -7.4311425 ], [ 109.2703758, -7.4312652 ], [ 109.270387, -7.4313407 ], [ 109.2703892, -7.4313573 ], [ 109.2704803, -7.4320458 ], [ 109.2705332, -7.4324591 ], [ 109.2705318, -7.432604 ] ] } },
{ "type": "Feature", "properties": { "name": null, "highway": "primary", "length": 7225.7394190063224, "latitude": -7.5008732682096833, "longitude": 109.2652509988804 }, "geometry": { "type": "LineString", "coordinates": [ [ 109.2962123, -7.50679 ], [ 109.2957457, -7.5068082 ], [ 109.2956494, -7.5068119 ], [ 109.2955059, -7.5068172 ], [ 109.2954183, -7.5068409 ], [ 109.2953133, -7.5069053 ], [ 109.2950928, -7.5071017 ], [ 109.2949956, -7.5072 ], [ 109.2948377, -7.5073103 ], [ 109.2948112, -7.5073308 ], [ 109.2946532, -7.5074529 ], [ 109.2945977, -7.5075077 ], [ 109.2942721, -7.507736 ], [ 109.2940655, -7.5078729 ], [ 109.2939046, -7.5079075 ], [ 109.2936954, -7.5078995 ], [ 109.2934218, -7.5078596 ], [ 109.293116, -7.5078344 ], [ 109.2925694, -7.5077689 ], [ 109.2920566, -7.5077267 ], [ 109.2915201, -7.5076761 ], [ 109.2909381, -7.5076004 ], [ 109.2905223, -7.5075246 ], [ 109.2900746, -7.5074415 ], [ 109.2900422, -7.5074355 ], [ 109.2890507, -7.5070184 ], [ 109.2887789, -7.5069701 ], [ 109.287993, -7.506889 ], [ 109.2873144, -7.5068411 ], [ 109.2864682, -7.5067933 ], [ 109.2862576, -7.50678 ], [ 109.2857373, -7.5067467 ], [ 109.2854717, -7.5067348 ], [ 109.2850144, -7.5066896 ], [ 109.2846322, -7.5066537 ], [ 109.2836358, -7.5065619 ], [ 109.2829712, -7.5064788 ], [ 109.2824791, -7.5064137 ], [ 109.2822933, -7.506401 ], [ 109.2816013, -7.5063306 ], [ 109.2813975, -7.506308 ], [ 109.281085, -7.5062668 ], [ 109.2807679, -7.5062028 ], [ 109.2806384, -7.5061677 ], [ 109.2805257, -7.5061211 ], [ 109.2804104, -7.5060693 ], [ 109.2803009, -7.506021 ], [ 109.2800268, -7.5058891 ], [ 109.2799122, -7.5058346 ], [ 109.2798206, -7.505803 ], [ 109.2797338, -7.5057788 ], [ 109.2796956, -7.5057708 ], [ 109.2796583, -7.5057629 ], [ 109.2796171, -7.5057558 ], [ 109.2795756, -7.5057516 ], [ 109.2795253, -7.5057529 ], [ 109.279473, -7.5057575 ], [ 109.2793737, -7.5057668 ], [ 109.2792825, -7.5057827 ], [ 109.2790546, -7.5058094 ], [ 109.2788936, -7.5058207 ], [ 109.278809, -7.5058189 ], [ 109.2786133, -7.5058113 ], [ 109.2785392, -7.5057994 ], [ 109.2784705, -7.5057841 ], [ 109.27838, -7.5057575 ], [ 109.2783019, -7.5057277 ], [ 109.2781755, -7.5056726 ], [ 109.2776772, -7.505477 ], [ 109.2774171, -7.5053919 ], [ 109.2771171, -7.5053086 ], [ 109.2767999, -7.5052282 ], [ 109.2764545, -7.5051459 ], [ 109.2746688, -7.5047206 ], [ 109.274423, -7.504662 ], [ 109.2736319, -7.5044748 ], [ 109.2723967, -7.5041913 ], [ 109.272147, -7.504134 ], [ 109.271328, -7.50397 ], [ 109.2708349, -7.5038825 ], [ 109.2707761, -7.5038721 ], [ 109.269377, -7.503624 ], [ 109.2691652, -7.5035982 ], [ 109.2687267, -7.5035248 ], [ 109.2681527, -7.5034347 ], [ 109.2675062, -7.5033565 ], [ 109.2670117, -7.5033107 ], [ 109.2665186, -7.5032956 ], [ 109.2662771, -7.5032986 ], [ 109.2656745, -7.5033058 ], [ 109.2649717, -7.5033297 ], [ 109.264787, -7.503336 ], [ 109.264171, -7.5033575 ], [ 109.2640825, -7.5033589 ], [ 109.2640141, -7.5033615 ], [ 109.263884, -7.5033483 ], [ 109.263717, -7.503307 ], [ 109.2634857, -7.5032113 ], [ 109.2634409, -7.5031852 ], [ 109.2632121, -7.5030517 ], [ 109.2630494, -7.5029335 ], [ 109.2628144, -7.502748 ], [ 109.2625415, -7.5025391 ], [ 109.2620378, -7.5021225 ], [ 109.2615759, -7.5017294 ], [ 109.2613031, -7.50152 ], [ 109.2612685, -7.5014948 ], [ 109.2605245, -7.5009523 ], [ 109.260099, -7.500664 ], [ 109.2595612, -7.5003309 ], [ 109.2588241, -7.4998744 ], [ 109.2587148, -7.4998067 ], [ 109.2580676, -7.4994059 ], [ 109.2575955, -7.4991187 ], [ 109.2567488, -7.4985726 ], [ 109.2563237, -7.4982963 ], [ 109.2562472, -7.4982493 ], [ 109.2557178, -7.4978916 ], [ 109.2551235, -7.4975088 ], [ 109.2547686, -7.4972905 ], [ 109.2545083, -7.4971229 ], [ 109.2543863, -7.4970511 ], [ 109.2541916, -7.4969337 ], [ 109.2537961, -7.4967686 ], [ 109.2525509, -7.4962988 ], [ 109.2516732, -7.4959866 ], [ 109.2508629, -7.4956983 ], [ 109.2499578, -7.4953686 ], [ 109.2496095, -7.4952417 ], [ 109.2494047, -7.4951703 ], [ 109.2492918, -7.495126 ], [ 109.2473931, -7.4944344 ], [ 109.2465557, -7.4941206 ], [ 109.2464874, -7.4940978 ], [ 109.2459719, -7.4939097 ], [ 109.2458971, -7.4938872 ], [ 109.2456959, -7.4937835 ], [ 109.2454894, -7.4936299 ], [ 109.2448698, -7.4931007 ], [ 109.244501, -7.492763 ], [ 109.244164, -7.4924833 ], [ 109.2439762, -7.4923731 ], [ 109.2438233, -7.4923146 ], [ 109.2435604, -7.4922215 ], [ 109.243257, -7.4921606 ], [ 109.242131, -7.492111 ], [ 109.239357, -7.492068 ], [ 109.2379548, -7.4920609 ], [ 109.2376097, -7.4920011 ], [ 109.2374635, -7.4919758 ], [ 109.2372268, -7.4919386 ], [ 109.2361804, -7.4916726 ], [ 109.2361136, -7.491657 ], [ 109.2360699, -7.4916483 ], [ 109.2353206, -7.491426 ], [ 109.2348062, -7.4912959 ] ] } },
{ "type": "Feature", "properties": { "name": "Jalan Letnan Jenderal MT. Haryono", "highway": "primary", "length": 313.60684019996137, "latitude": -7.4246164858561556, "longitude": 109.25124444640737 }, "geometry": { "type": "LineString", "coordinates": [ [ 109.2512504, -7.4232065 ], [ 109.2512578, -7.4239957 ], [ 109.2512516, -7.4242885 ], [ 109.2512426, -7.4247141 ], [ 109.2512418, -7.4247533 ], [ 109.2512429, -7.4250197 ], [ 109.251228, -7.4255864 ], [ 109.2512336, -7.4260264 ] ] } },
{ "type": "Feature", "properties": { "name": "Jalan Komisaris Bambang Suprapto", "highway": "secondary", "length": 170.82632450235781, "latitude": -7.4231468152194102, "longitude": 109.25202268587432 }, "geometry": { "type": "LineString", "coordinates": [ [ 109.2512504, -7.4232065 ], [ 109.2526427, -7.4230991 ], [ 109.2527948, -7.4230851 ] ] } },
{ "type": "Feature", "properties": { "name": "Penatusan", "highway": "tertiary", "length": 208.41215415316384, "latitude": -7.4240200342314537, "longitude": 109.25284726953461 }, "geometry": { "type": "LineString", "coordinates": [ [ 109.2527948, -7.4230851 ], [ 109.2528078, -7.4234925 ], [ 109.2528091, -7.4236481 ], [ 109.2528098, -7.4237399 ], [ 109.2528393, -7.4239959 ], [ 109.2528527, -7.4241236 ], [ 109.2528688, -7.4242812 ], [ 109.2528762, -7.4244028 ], [ 109.2528916, -7.4245245 ], [ 109.2529171, -7.4249541 ] ] } },
{ "type": "Feature", "properties": { "name": "Jalan Komisaris Bambang Suprapto", "highway": "secondary", "length": 228.67016688941706, "latitude": -7.4230400305799753, "longitude": 109.25383045394591 }, "geometry": { "type": "LineString", "coordinates": [ [ 109.2527948, -7.4230851 ], [ 109.2530966, -7.4230715 ], [ 109.2535253, -7.4230464 ], [ 109.2540359, -7.4230418 ], [ 109.2544211, -7.4230198 ], [ 109.254865, -7.4229786 ] ] } },
{ "type": "Feature", "properties": { "name": "Jalan Komisaris Bambang Suprapto", "highway": "secondary", "length": 170.82632450235781, "latitude": -7.4231468152194102, "longitude": 109.25202268587432 }, "geometry": { "type": "LineString", "coordinates": [ [ 109.2527948, -7.4230851 ], [ 109.2526427, -7.4230991 ], [ 109.2512504, -7.4232065 ] ] } },
{ "type": "Feature", "properties": { "name": "Jalan Raya Baturaden", "highway": "primary", "length": 28.731041479734422, "latitude": -7.3183633, "longitude": 109.2287744 }, "geometry": { "type": "LineString", "coordinates": [ [ 109.2287575, -7.3184914 ], [ 109.2287913, -7.3182352 ] ] } },
{ "type": "Feature", "properties": { "name": "Jalan Raya Baturaden", "highway": "primary", "length": 3159.2093871824736, "latitude": -7.3322085345301575, "longitude": 109.23016689024983 }, "geometry": { "type": "LineString", "coordinates": [ [ 109.2287575, -7.3184914 ], [ 109.2286872, -7.3187226 ], [ 109.2285631, -7.3191483 ], [ 109.2285344, -7.319262 ], [ 109.2285128, -7.319342 ], [ 109.2284825, -7.3195037 ], [ 109.2284432, -7.3196771 ], [ 109.2284291, -7.3197905 ], [ 109.2284131, -7.3198767 ], [ 109.2283933, -7.3202595 ], [ 109.2284089, -7.3210624 ], [ 109.2284358, -7.3213032 ], [ 109.2284713, -7.3216013 ], [ 109.2285204, -7.3218693 ], [ 109.2285876, -7.3221991 ], [ 109.2285838, -7.3223388 ], [ 109.2285652, -7.3228416 ], [ 109.2285669, -7.3231155 ], [ 109.2285761, -7.3233953 ], [ 109.2285843, -7.3234876 ], [ 109.2285887, -7.3235629 ], [ 109.2286018, -7.3237949 ], [ 109.228617, -7.3238802 ], [ 109.2286291, -7.3241924 ], [ 109.2286503, -7.3245538 ], [ 109.2286688, -7.3247064 ], [ 109.2287033, -7.3251758 ], [ 109.2287346, -7.3257592 ], [ 109.2287594, -7.3264928 ], [ 109.2287584, -7.3265572 ], [ 109.2287573, -7.3266215 ], [ 109.2287674, -7.3274175 ], [ 109.2287768, -7.3278055 ], [ 109.2287844, -7.3279014 ], [ 109.2287975, -7.3282315 ], [ 109.2287898, -7.3284719 ], [ 109.2288087, -7.3286073 ], [ 109.228777, -7.3297784 ], [ 109.2288424, -7.3304464 ], [ 109.2288211, -7.330839 ], [ 109.2288134, -7.3309654 ], [ 109.228806, -7.3310101 ], [ 109.228783, -7.3311848 ], [ 109.2287426, -7.33161 ], [ 109.2287129, -7.331791 ], [ 109.228721, -7.3319176 ], [ 109.228723, -7.332468 ], [ 109.2287329, -7.3327308 ], [ 109.2287428, -7.3329937 ], [ 109.2287511, -7.3330935 ], [ 109.2287689, -7.3332217 ], [ 109.2287929, -7.3333893 ], [ 109.2288291, -7.333503 ], [ 109.2288738, -7.3336451 ], [ 109.228971, -7.3337848 ], [ 109.2293011, -7.3340642 ], [ 109.2293947, -7.3341432 ], [ 109.2295296, -7.3342843 ], [ 109.2296801, -7.3344425 ], [ 109.2298548, -7.3346381 ], [ 109.2299885, -7.3349439 ], [ 109.2300938, -7.3350983 ], [ 109.2303771, -7.3355607 ], [ 109.2307386, -7.3361507 ], [ 109.230916, -7.3364657 ], [ 109.231092, -7.3367781 ], [ 109.2311423, -7.3368587 ], [ 109.2312945, -7.3371406 ], [ 109.2313791, -7.3372668 ], [ 109.2316022, -7.3376357 ], [ 109.2317323, -7.3378644 ], [ 109.2318131, -7.3379951 ], [ 109.2319248, -7.3381749 ], [ 109.2319899, -7.33829 ], [ 109.2320361, -7.3383917 ], [ 109.2320636, -7.3385221 ], [ 109.2320693, -7.3386604 ], [ 109.2320797, -7.3388366 ], [ 109.232073, -7.3395921 ], [ 109.2320851, -7.3397451 ], [ 109.2321038, -7.3399011 ], [ 109.2324029, -7.3409808 ], [ 109.2324797, -7.3412514 ], [ 109.232647, -7.3416525 ], [ 109.2326706, -7.3417059 ], [ 109.23278, -7.3419531 ], [ 109.2328865, -7.3421835 ], [ 109.2330035, -7.3424368 ], [ 109.2331402, -7.3427122 ], [ 109.23316, -7.3427498 ], [ 109.2332214, -7.3428794 ], [ 109.2338201, -7.3441994 ], [ 109.2340562, -7.3446432 ], [ 109.2342363, -7.3449971 ], [ 109.2344102, -7.3453392 ] ] } },
{ "type": "Feature", "properties": { "name": null, "highway": "tertiary", "length": 9.8029469119200368, "latitude": -7.42468595, "longitude": 109.2421768 }, "geometry": { "type": "LineString", "coordinates": [ [ 109.2421325, -7.4246823 ], [ 109.2422211, -7.4246896 ] ] } },
{ "type": "Feature", "properties": { "name": null, "highway": "tertiary", "length": 104.821878610955, "latitude": -7.4242180682613652, "longitude": 109.24220953499761 }, "geometry": { "type": "LineString", "coordinates": [ [ 109.2421325, -7.4246823 ], [ 109.2421473, -7.4245423 ], [ 109.2422066, -7.4242299 ], [ 109.2422757, -7.423827 ], [ 109.2423346, -7.4237794 ] ] } },
{ "type": "Feature", "properties": { "name": "Jalan Raya Baturraden", "highway": "primary", "length": 37.395314358808108, "latitude": -7.3877874, "longitude": 109.24315905000002 }, "geometry": { "type": "LineString", "coordinates": [ [ 109.2431178, -7.3876243 ], [ 109.2432003, -7.3879505 ] ] } },
{ "type": "Feature", "properties": { "name": "Jalan Raya Baturraden", "highway": "primary", "length": 2877.3300663297982, "latitude": -7.3749991208083365, "longitude": 109.240396552932 }, "geometry": { "type": "LineString", "coordinates": [ [ 109.2431178, -7.3876243 ], [ 109.2429647, -7.3870788 ], [ 109.2429129, -7.3868445 ], [ 109.2427114, -7.3859719 ], [ 109.2424623, -7.3846856 ], [ 109.242376, -7.3841003 ], [ 109.2422576, -7.3835107 ], [ 109.2420531, -7.3825452 ], [ 109.2417941, -7.3813526 ], [ 109.2414396, -7.3798655 ], [ 109.2413769, -7.3795517 ], [ 109.2413218, -7.379292 ], [ 109.2412791, -7.3790907 ], [ 109.2412072, -7.3787517 ], [ 109.2409269, -7.3776252 ], [ 109.2409097, -7.3772816 ], [ 109.2407886, -7.3768517 ], [ 109.2407539, -7.3767287 ], [ 109.2406305, -7.3762904 ], [ 109.2403905, -7.3756514 ], [ 109.2402965, -7.3753089 ], [ 109.240212, -7.374987 ], [ 109.2401484, -7.3747447 ], [ 109.240085, -7.3745029 ], [ 109.2399479, -7.3739803 ], [ 109.2395214, -7.3722393 ], [ 109.239484, -7.3720876 ], [ 109.239461, -7.3720086 ], [ 109.2394208, -7.3718875 ], [ 109.2393167, -7.3716145 ], [ 109.2391258, -7.3709964 ], [ 109.2390972, -7.370663 ], [ 109.2390967, -7.3706137 ], [ 109.2390912, -7.3704806 ], [ 109.239041, -7.3701369 ], [ 109.2389994, -7.369432 ], [ 109.2388969, -7.3686594 ], [ 109.2388392, -7.3682866 ], [ 109.2388143, -7.3678061 ], [ 109.2385945, -7.3648011 ], [ 109.2385221, -7.3637326 ], [ 109.2384977, -7.3633177 ], [ 109.2384557, -7.3627184 ], [ 109.2384258, -7.362266 ] ] } },
{ "type": "Feature", "properties": { "name": "Jalan Raya Baturraden", "highway": "secondary", "length": 31.367903865762905, "latitude": -7.3877474546765596, "longitude": 109.24306882983258 }, "geometry": { "type": "LineString", "coordinates": [ [ 109.2431178, -7.3876243 ], [ 109.2431223, -7.3876765 ], [ 109.2431036, -7.3877164 ], [ 109.2430754, -7.38776 ], [ 109.2430506, -7.3877883 ], [ 109.2430217, -7.3878138 ], [ 109.2429714, -7.3878435 ] ] } },
{ "type": "Feature", "properties": { "name": "Jalan Raya Baturraden", "highway": "primary", "length": 37.395314358808108, "latitude": -7.3877874, "longitude": 109.24315905000002 }, "geometry": { "type": "LineString", "coordinates": [ [ 109.2432003, -7.3879505 ], [ 109.2431178, -7.3876243 ] ] } },
{ "type": "Feature", "properties": { "name": "Jalan HR Bunyamin", "highway": "secondary", "length": 29.533625196387483, "latitude": -7.3878777284182222, "longitude": 109.24309769850359 }, "geometry": { "type": "LineString", "coordinates": [ [ 109.2432003, -7.3879505 ], [ 109.2431699, -7.3879 ], [ 109.243129, -7.387878 ], [ 109.2430828, -7.3878618 ], [ 109.2430315, -7.3878514 ], [ 109.2429714, -7.3878435 ] ] } },
{ "type": "Feature", "properties": { "name": "Jalan HR Bunyamin", "highway": "primary", "length": 678.34704610489314, "latitude": -7.3908818035415305, "longitude": 109.24404561295492 }, "geometry": { "type": "LineString", "coordinates": [ [ 109.2432003, -7.3879505 ], [ 109.2433477, -7.3884254 ], [ 109.2434291, -7.3886649 ], [ 109.2435181, -7.3889266 ], [ 109.2435873, -7.389165 ], [ 109.2437249, -7.3896693 ], [ 109.2438758, -7.3902015 ], [ 109.2441341, -7.3911774 ], [ 109.2442232, -7.391489 ], [ 109.2443432, -7.3919084 ], [ 109.2445575, -7.3927172 ], [ 109.2445876, -7.3928217 ], [ 109.2446352, -7.3930138 ], [ 109.2447019, -7.3933467 ], [ 109.2447663, -7.393843 ] ] } },
{ "type": "Feature", "properties": { "name": "Jalan Raden Patah", "highway": "primary", "length": 1052.9299684552009, "latitude": -7.4180125440959692, "longitude": 109.27026567578156 }, "geometry": { "type": "LineString", "coordinates": [ [ 109.2705922, -7.4227285 ], [ 109.2706016, -7.4224772 ], [ 109.2706043, -7.4224054 ], [ 109.2706183, -7.4221944 ], [ 109.2706284, -7.422041 ], [ 109.2706244, -7.4218136 ], [ 109.2706191, -7.421745 ], [ 109.2706069, -7.4215849 ], [ 109.2705989, -7.4215077 ], [ 109.2705815, -7.421408 ], [ 109.2705613, -7.4211713 ], [ 109.2705412, -7.4209744 ], [ 109.2704929, -7.4203248 ], [ 109.2704867, -7.4201774 ], [ 109.2704815, -7.4201153 ], [ 109.2704232, -7.4196127 ], [ 109.270395, -7.4193759 ], [ 109.2703623, -7.419093 ], [ 109.270336, -7.4188623 ], [ 109.2702971, -7.4185062 ], [ 109.2702408, -7.4179317 ], [ 109.2702126, -7.4176471 ], [ 109.2701738, -7.4172574 ], [ 109.2701563, -7.4169795 ], [ 109.2701358, -7.4167913 ], [ 109.270104, -7.4164994 ], [ 109.2700839, -7.4162614 ], [ 109.2700463, -7.4156935 ], [ 109.2700443, -7.4155745 ], [ 109.2700436, -7.4153982 ], [ 109.2700399, -7.4152866 ], [ 109.2700423, -7.4152174 ], [ 109.2700329, -7.4150764 ], [ 109.2699674, -7.4144652 ], [ 109.2699256, -7.4139806 ], [ 109.2699075, -7.413702 ], [ 109.2698646, -7.413297 ] ] } },
{ "type": "Feature", "properties": { "name": "Jalan Raden Patah", "highway": "primary", "length": 490.6149029995687, "latitude": -7.4248724144586573, "longitude": 109.27030950949616 }, "geometry": { "type": "LineString", "coordinates": [ [ 109.2705922, -7.4227285 ], [ 109.2705868, -7.4229466 ], [ 109.2705788, -7.4233403 ], [ 109.2705828, -7.4237379 ], [ 109.2705727, -7.4240391 ], [ 109.2705674, -7.4244341 ], [ 109.270562, -7.4245099 ], [ 109.2705499, -7.4245777 ], [ 109.2705325, -7.4246276 ], [ 109.2705057, -7.4246848 ], [ 109.2704728, -7.4247353 ], [ 109.270387, -7.424857 ], [ 109.2703032, -7.4249886 ], [ 109.2702334, -7.4250764 ], [ 109.2701778, -7.4251602 ], [ 109.2701483, -7.4252307 ], [ 109.2701228, -7.4253178 ], [ 109.2700839, -7.4255226 ], [ 109.2700557, -7.4258124 ], [ 109.2699901, -7.4262679 ], [ 109.2699719, -7.4264288 ], [ 109.269955, -7.4265466 ], [ 109.2699041, -7.4270054 ] ] } },
{ "type": "Feature", "properties": { "name": null, "highway": "tertiary", "length": 1601.5717410059056, "latitude": -7.4236221767085606, "longitude": 109.2777977903114 }, "geometry": { "type": "LineString", "coordinates": [ [ 109.2705922, -7.4227285 ], [ 109.2712533, -7.422791 ], [ 109.2719637, -7.4228729 ], [ 109.2725676, -7.4229426 ], [ 109.2731428, -7.4230188 ], [ 109.2739932, -7.4231315 ], [ 109.2750514, -7.4232592 ], [ 109.2755985, -7.423331 ], [ 109.2769128, -7.4235118 ], [ 109.2779334, -7.4236594 ], [ 109.2782781, -7.423706 ], [ 109.2785181, -7.4237432 ], [ 109.2789084, -7.4237951 ], [ 109.2792825, -7.4238456 ], [ 109.2796326, -7.4238935 ], [ 109.2799021, -7.4239267 ], [ 109.2800418, -7.4239419 ], [ 109.2801611, -7.4239549 ], [ 109.2805016, -7.4239919 ], [ 109.2809041, -7.4240444 ], [ 109.2809804, -7.4240544 ], [ 109.2811369, -7.4240736 ], [ 109.2812513, -7.4240877 ], [ 109.2814661, -7.4241146 ], [ 109.2815322, -7.4241229 ], [ 109.2820057, -7.4241761 ], [ 109.2825494, -7.4242257 ], [ 109.2828418, -7.4242566 ], [ 109.2835838, -7.4243247 ], [ 109.2839663, -7.4243669 ], [ 109.2844579, -7.4244128 ], [ 109.2847858, -7.4244354 ], [ 109.2849514, -7.4244441 ], [ 109.2850104, -7.4244481 ] ] } },
{ "type": "Feature", "properties": { "name": "Jalan sunan ampel", "highway": "primary", "length": 406.20379178491731, "latitude": -7.3935539180350931, "longitude": 109.24657955411783 }, "geometry": { "type": "LineString", "coordinates": [ [ 109.2447663, -7.393843 ], [ 109.2450079, -7.3937903 ], [ 109.2452209, -7.3937493 ], [ 109.2454962, -7.3937 ], [ 109.2456598, -7.3936729 ], [ 109.2461318, -7.3935765 ], [ 109.2463707, -7.3935322 ], [ 109.2465353, -7.3935016 ], [ 109.2466072, -7.3934906 ], [ 109.2467401, -7.3934704 ], [ 109.2467649, -7.3934681 ], [ 109.2468552, -7.3934597 ], [ 109.2470668, -7.3934399 ], [ 109.247101, -7.3934387 ], [ 109.2476652, -7.3934673 ], [ 109.2477869, -7.3934659 ], [ 109.2479879, -7.3934439 ], [ 109.2482091, -7.3933841 ], [ 109.2483307, -7.3933385 ], [ 109.2483902, -7.3933162 ] ] } },
{ "type": "Feature", "properties": { "name": "Jalan HR Bunyamin", "highway": "secondary", "length": 703.30730426299499, "latitude": -7.3970011814306043, "longitude": 109.24492647745198 }, "geometry": { "type": "LineString", "coordinates": [ [ 109.2447663, -7.393843 ], [ 109.2447886, -7.3943021 ], [ 109.2447959, -7.3944575 ], [ 109.2448399, -7.3950856 ], [ 109.2448485, -7.3953438 ], [ 109.2448631, -7.3957837 ], [ 109.2448852, -7.3964015 ], [ 109.2450031, -7.3982748 ], [ 109.2450112, -7.3985017 ], [ 109.2450283, -7.398984 ], [ 109.2450377, -7.399226 ], [ 109.2450545, -7.3996589 ], [ 109.2450631, -7.3998824 ], [ 109.2450687, -7.4001602 ] ] } },
{ "type": "Feature", "properties": { "name": "Jalan HR Bunyamin", "highway": "primary", "length": 678.34704610489291, "latitude": -7.3908818035415305, "longitude": 109.24404561295491 }, "geometry": { "type": "LineString", "coordinates": [ [ 109.2447663, -7.393843 ], [ 109.2447019, -7.3933467 ], [ 109.2446352, -7.3930138 ], [ 109.2445876, -7.3928217 ], [ 109.2445575, -7.3927172 ], [ 109.2443432, -7.3919084 ], [ 109.2442232, -7.391489 ], [ 109.2441341, -7.3911774 ], [ 109.2438758, -7.3902015 ], [ 109.2437249, -7.3896693 ], [ 109.2435873, -7.389165 ], [ 109.2435181, -7.3889266 ], [ 109.2434291, -7.3886649 ], [ 109.2433477, -7.3884254 ], [ 109.2432003, -7.3879505 ] ] } },
{ "type": "Feature", "properties": { "name": "Jalan Ringin Tirto", "highway": "tertiary", "length": 740.29446900298058, "latitude": -7.4100023263380432, "longitude": 109.24210656997779 }, "geometry": { "type": "LineString", "coordinates": [ [ 109.2454085, -7.4105686 ], [ 109.2451098, -7.4105282 ], [ 109.2448839, -7.4104983 ], [ 109.2443936, -7.4104312 ], [ 109.2441058, -7.4103949 ], [ 109.2435048, -7.4103131 ], [ 109.2434334, -7.4103036 ], [ 109.2430684, -7.410205 ], [ 109.242508, -7.4100536 ], [ 109.2423764, -7.4100199 ], [ 109.2420434, -7.4099348 ], [ 109.2414254, -7.4097969 ], [ 109.2413788, -7.4097876 ], [ 109.240968, -7.4097443 ], [ 109.2401863, -7.4096618 ], [ 109.2401595, -7.409659 ], [ 109.2401182, -7.4096546 ], [ 109.2396531, -7.4095948 ], [ 109.2391652, -7.409532 ], [ 109.2387962, -7.4094855 ] ] } },
{ "type": "Feature", "properties": { "name": "Jalan HR Bunyamin", "highway": "secondary", "length": 876.71362568822099, "latitude": -7.4066390522349597, "longitude": 109.24538749562129 }, "geometry": { "type": "LineString", "coordinates": [ [ 109.2454085, -7.4105686 ], [ 109.245534, -7.4096621 ], [ 109.2455457, -7.4094137 ], [ 109.2455476, -7.4091462 ], [ 109.2455234, -7.4087716 ], [ 109.2454613, -7.4076607 ], [ 109.2454533, -7.4075175 ], [ 109.2454156, -7.4068084 ], [ 109.2454136, -7.4067446 ], [ 109.2453647, -7.4060061 ], [ 109.2453628, -7.4059785 ], [ 109.245327, -7.4053102 ], [ 109.2452953, -7.4048834 ], [ 109.2452814, -7.4046553 ], [ 109.2452657, -7.4042763 ], [ 109.2452517, -7.403916 ], [ 109.2452507, -7.4038361 ], [ 109.2452259, -7.4035675 ], [ 109.245217, -7.4033226 ], [ 109.2452085, -7.4029098 ], [ 109.2452042, -7.4027028 ] ] } },
{ "type": "Feature", "properties": { "name": "Jalan HR Bunyamin", "highway": "secondary", "length": 715.36231090995454, "latitude": -7.4137671157020009, "longitude": 109.24506594146104 }, "geometry": { "type": "LineString", "coordinates": [ [ 109.2454085, -7.4105686 ], [ 109.2453611, -7.4110566 ], [ 109.2453021, -7.4115936 ], [ 109.2452861, -7.4117128 ], [ 109.2452494, -7.4121235 ], [ 109.2451993, -7.4125375 ], [ 109.2451737, -7.4127716 ], [ 109.2451148, -7.4133092 ], [ 109.2450317, -7.4140738 ], [ 109.2449862, -7.4144885 ], [ 109.2449809, -7.4145152 ], [ 109.2449119, -7.415194 ], [ 109.2448519, -7.415731 ], [ 109.2448458, -7.4157831 ], [ 109.244775, -7.4164944 ], [ 109.2447434, -7.4167172 ], [ 109.2447235, -7.4169655 ] ] } },
{ "type": "Feature", "properties": { "name": "Jalan Letnan Jenderal S. Parman", "highway": "tertiary", "length": 149.74430351964162, "latitude": -7.4284936444211631, "longitude": 109.24371415049858 }, "geometry": { "type": "LineString", "coordinates": [ [ 109.2437186, -7.4278205 ], [ 109.2437118, -7.4279627 ], [ 109.2437088, -7.4282517 ], [ 109.2437103, -7.4284171 ], [ 109.2437226, -7.4291669 ] ] } },
{ "type": "Feature", "properties": { "name": "Jalan Letnan Jenderal Suprapto", "highway": "tertiary", "length": 323.51762523112018, "latitude": -7.4263661150772382, "longitude": 109.24373343250957 }, "geometry": { "type": "LineString", "coordinates": [ [ 109.2437186, -7.4278205 ], [ 109.2437174, -7.4277377 ], [ 109.2437163, -7.427634 ], [ 109.2437203, -7.4270323 ], [ 109.2437287, -7.4263942 ], [ 109.2437364, -7.4261845 ], [ 109.2437327, -7.4258522 ], [ 109.2437315, -7.4256824 ], [ 109.2437403, -7.4255666 ], [ 109.2437462, -7.4254886 ], [ 109.2437506, -7.4254313 ], [ 109.2437507, -7.4254285 ], [ 109.2437617, -7.4252164 ], [ 109.2437778, -7.4249127 ] ] } },
{ "type": "Feature", "properties": { "name": "Jalan Jenderal Sudirman", "highway": "primary", "length": 331.46282740511049, "latitude": -7.42785089106623, "longitude": 109.24221614622401 }, "geometry": { "type": "LineString", "coordinates": [ [ 109.2437186, -7.4278205 ], [ 109.2435249, -7.4278258 ], [ 109.2433327, -7.4278383 ], [ 109.2429454, -7.4278408 ], [ 109.2427485, -7.4278453 ], [ 109.2425686, -7.4278506 ], [ 109.2425291, -7.4278509 ], [ 109.2424253, -7.4278528 ], [ 109.2424037, -7.4278528 ], [ 109.2421322, -7.4278535 ], [ 109.2420457, -7.4278574 ], [ 109.2420035, -7.427857 ], [ 109.2418041, -7.4278586 ], [ 109.2415517, -7.4278596 ], [ 109.2413134, -7.4278615 ], [ 109.2409639, -7.4278681 ], [ 109.2408169, -7.4278621 ], [ 109.2407787, -7.4278625 ], [ 109.2407136, -7.4278675 ] ] } },
{ "type": "Feature", "properties": { "name": "Jalan Gunung Galunggung", "highway": "secondary", "length": 1086.6731960313423, "latitude": -7.3978027958075376, "longitude": 109.25003371823136 }, "geometry": { "type": "LineString", "coordinates": [ [ 109.2483902, -7.3933162 ], [ 109.2486148, -7.3937127 ], [ 109.2486943, -7.3938399 ], [ 109.2488064, -7.3940295 ], [ 109.2490973, -7.3947008 ], [ 109.2492639, -7.3952433 ], [ 109.2494322, -7.3957946 ], [ 109.2496093, -7.3963605 ], [ 109.2496805, -7.3966153 ], [ 109.2497453, -7.3968246 ], [ 109.249793, -7.3969752 ], [ 109.2498634, -7.3971946 ], [ 109.2499016, -7.3973141 ], [ 109.2499284, -7.3973852 ], [ 109.2499486, -7.3974291 ], [ 109.2499814, -7.3974819 ], [ 109.2500324, -7.3975388 ], [ 109.250084, -7.397591 ], [ 109.2501625, -7.3976652 ], [ 109.2503417, -7.3978046 ], [ 109.2504709, -7.3979132 ], [ 109.2505038, -7.3979514 ], [ 109.2505366, -7.3980243 ], [ 109.2505775, -7.398132 ], [ 109.2506158, -7.3982523 ], [ 109.2507247, -7.3985935 ], [ 109.2507539, -7.3986833 ], [ 109.2507974, -7.3988139 ], [ 109.2508256, -7.3989499 ], [ 109.2508491, -7.3991609 ], [ 109.2508766, -7.3994433 ], [ 109.2508986, -7.3996557 ], [ 109.2508954, -7.3997801 ], [ 109.2508947, -7.3998808 ], [ 109.2508799, -7.4001346 ], [ 109.2508029, -7.4005693 ], [ 109.2507567, -7.4008918 ], [ 109.2507509, -7.4009249 ], [ 109.2507351, -7.4010938 ], [ 109.250707, -7.4012835 ], [ 109.2506976, -7.4013731 ], [ 109.2506929, -7.4014515 ], [ 109.2506922, -7.4015302 ], [ 109.2507102, -7.4016419 ], [ 109.2507264, -7.4017567 ], [ 109.2507413, -7.4018698 ], [ 109.2507566, -7.4020055 ], [ 109.2507573, -7.4020752 ], [ 109.2507426, -7.4020955 ], [ 109.2507157, -7.4021165 ], [ 109.2506848, -7.4021313 ], [ 109.2503811, -7.4021963 ] ] } },
{ "type": "Feature", "properties": { "name": "Jalan sunan ampel", "highway": "primary", "length": 406.20379178491737, "latitude": -7.3935539180350895, "longitude": 109.24657955411779 }, "geometry": { "type": "LineString", "coordinates": [ [ 109.2483902, -7.3933162 ], [ 109.2483307, -7.3933385 ], [ 109.2482091, -7.3933841 ], [ 109.2479879, -7.3934439 ], [ 109.2477869, -7.3934659 ], [ 109.2476652, -7.3934673 ], [ 109.247101, -7.3934387 ], [ 109.2470668, -7.3934399 ], [ 109.2468552, -7.3934597 ], [ 109.2467649, -7.3934681 ], [ 109.2467401, -7.3934704 ], [ 109.2466072, -7.3934906 ], [ 109.2465353, -7.3935016 ], [ 109.2463707, -7.3935322 ], [ 109.2461318, -7.3935765 ], [ 109.2456598, -7.3936729 ], [ 109.2454962, -7.3937 ], [ 109.2452209, -7.3937493 ], [ 109.2450079, -7.3937903 ], [ 109.2447663, -7.393843 ] ] } },
{ "type": "Feature", "properties": { "name": "Jalan sunan ampel", "highway": "primary", "length": 1848.2927463840372, "latitude": -7.3918106910635517, "longitude": 109.25637212094989 }, "geometry": { "type": "LineString", "coordinates": [ [ 109.2483902, -7.3933162 ], [ 109.2488805, -7.3931278 ], [ 109.2489576, -7.3930872 ], [ 109.249123, -7.3930001 ], [ 109.2495208, -7.3928162 ], [ 109.2497154, -7.3927152 ], [ 109.2497329, -7.3927064 ], [ 109.2497592, -7.3926932 ], [ 109.2499271, -7.3926314 ], [ 109.2500995, -7.3925664 ], [ 109.2501172, -7.3925597 ], [ 109.2503237, -7.3924878 ], [ 109.250498, -7.3924271 ], [ 109.2508263, -7.3923102 ], [ 109.2511328, -7.3921898 ], [ 109.2518275, -7.391969 ], [ 109.2523561, -7.3917933 ], [ 109.2530975, -7.391586 ], [ 109.2534307, -7.3914863 ], [ 109.2536988, -7.3914255 ], [ 109.2537203, -7.3914195 ], [ 109.2538646, -7.3913958 ], [ 109.2540698, -7.3913679 ], [ 109.2544362, -7.3913401 ], [ 109.254987, -7.3912983 ], [ 109.2550259, -7.3912952 ], [ 109.2559566, -7.391222 ], [ 109.2559956, -7.3912189 ], [ 109.2562174, -7.3912007 ], [ 109.2563912, -7.3911843 ], [ 109.2569407, -7.3911447 ], [ 109.2570363, -7.3911378 ], [ 109.2571804, -7.3911315 ], [ 109.2572901, -7.3911267 ], [ 109.2574333, -7.3911205 ], [ 109.2576264, -7.3911152 ], [ 109.2577149, -7.3911098 ], [ 109.2579134, -7.3911045 ], [ 109.2581159, -7.3911059 ], [ 109.2582835, -7.3911271 ], [ 109.2584243, -7.3911763 ], [ 109.2585638, -7.3912189 ], [ 109.258688, -7.3912712 ], [ 109.2588146, -7.3913439 ], [ 109.2591164, -7.3915527 ], [ 109.2592896, -7.3916505 ], [ 109.259398, -7.3917229 ], [ 109.2594362, -7.3917509 ], [ 109.2598493, -7.3920131 ], [ 109.2598627, -7.3920176 ], [ 109.2600015, -7.3920781 ], [ 109.2601689, -7.392126 ], [ 109.2603149, -7.3921401 ], [ 109.2605949, -7.3921585 ], [ 109.2608906, -7.3921525 ], [ 109.2612252, -7.3921285 ], [ 109.2617358, -7.3920663 ], [ 109.2625713, -7.391941 ], [ 109.2626492, -7.3919274 ], [ 109.2628139, -7.3918945 ], [ 109.2628161, -7.3918937 ], [ 109.2628975, -7.3918779 ], [ 109.2629975, -7.3918559 ], [ 109.2630854, -7.391834 ], [ 109.2632134, -7.3917909 ], [ 109.2634293, -7.3917137 ], [ 109.2635414, -7.3916784 ], [ 109.2642092, -7.3914061 ], [ 109.2644036, -7.3913338 ] ] } },
{ "type": "Feature", "properties": { "name": "Mesjid Baru", "highway": "tertiary", "length": 34.729869307042279, "latitude": -7.4159608045812542, "longitude": 109.26290905333298 }, "geometry": { "type": "LineString", "coordinates": [ [ 109.2628956, -7.4161164 ], [ 109.262913, -7.4159156 ], [ 109.2629224, -7.4158052 ] ] } },
{ "type": "Feature", "properties": { "name": "Jalan Senopati", "highway": "secondary", "length": 547.54241999693511, "latitude": -7.4179346180555994, "longitude": 109.26204884546951 }, "geometry": { "type": "LineString", "coordinates": [ [ 109.2628956, -7.4161164 ], [ 109.2628902, -7.4161989 ], [ 109.2628996, -7.4163877 ], [ 109.2629653, -7.4166603 ], [ 109.2630056, -7.4168598 ], [ 109.2630226, -7.4169431 ], [ 109.2630391, -7.4170393 ], [ 109.2630686, -7.417312 ], [ 109.263074, -7.4173838 ], [ 109.2630733, -7.4174071 ], [ 109.2630693, -7.417439 ], [ 109.2630511, -7.4174815 ], [ 109.2630009, -7.4175686 ], [ 109.2629737, -7.4175951 ], [ 109.2629291, -7.4176218 ], [ 109.2628795, -7.4176391 ], [ 109.2627702, -7.4176591 ], [ 109.2626254, -7.4176883 ], [ 109.2625616, -7.4177003 ], [ 109.2624839, -7.4177149 ], [ 109.2623256, -7.4177601 ], [ 109.2621248, -7.4178402 ], [ 109.2619099, -7.4179304 ], [ 109.2617731, -7.4179969 ], [ 109.2615411, -7.4181139 ], [ 109.2614213, -7.4181993 ], [ 109.2613774, -7.4182316 ], [ 109.2612259, -7.4183918 ], [ 109.2611535, -7.4184982 ], [ 109.2610972, -7.4186086 ], [ 109.2610475, -7.4187562 ], [ 109.2610194, -7.4189012 ], [ 109.2610113, -7.4191007 ], [ 109.2610274, -7.4193812 ], [ 109.2610301, -7.419626 ], [ 109.2610435, -7.4198028 ] ] } },
{ "type": "Feature", "properties": { "name": "Jalan Senopati", "highway": "secondary", "length": 31.857948339561936, "latitude": -7.4160035018524821, "longitude": 109.26298400820468 }, "geometry": { "type": "LineString", "coordinates": [ [ 109.2628956, -7.4161164 ], [ 109.2630136, -7.4159581 ], [ 109.2630833, -7.415901 ] ] } },
{ "type": "Feature", "properties": { "name": "Jalan Profesor Dokter Soeharso", "highway": "tertiary", "length": 771.78714784869203, "latitude": -7.4173685789175936, "longitude": 109.25075147254583 }, "geometry": { "type": "LineString", "coordinates": [ [ 109.2542374, -7.4176684 ], [ 109.2530136, -7.4175761 ], [ 109.2528472, -7.4175595 ], [ 109.2523461, -7.4175092 ], [ 109.2515066, -7.4174352 ], [ 109.25136, -7.4174209 ], [ 109.2511164, -7.417392 ], [ 109.251055, -7.4173826 ], [ 109.2505571, -7.4173285 ], [ 109.2501601, -7.4172886 ], [ 109.2500333, -7.4172792 ], [ 109.2498556, -7.4172654 ], [ 109.249835, -7.4172635 ], [ 109.2497168, -7.4172513 ], [ 109.2496578, -7.4172454 ], [ 109.2496017, -7.4172433 ], [ 109.249418, -7.417244 ], [ 109.249077, -7.4172219 ], [ 109.2488557, -7.4172068 ], [ 109.2485422, -7.4171854 ], [ 109.2484253, -7.4171774 ], [ 109.2482874, -7.4171651 ], [ 109.2480309, -7.417146 ], [ 109.247989, -7.417144 ], [ 109.2472628, -7.4171099 ] ] } },
{ "type": "Feature", "properties": { "name": "Jalan Dokter Soeparno", "highway": "secondary", "length": 594.59918224360388, "latitude": -7.4203245791179464, "longitude": 109.25454222246442 }, "geometry": { "type": "LineString", "coordinates": [ [ 109.2542374, -7.4176684 ], [ 109.2542931, -7.4181298 ], [ 109.2543132, -7.4182715 ], [ 109.2543632, -7.4187839 ], [ 109.2543762, -7.4189171 ], [ 109.2544044, -7.4191428 ], [ 109.2544547, -7.4195448 ], [ 109.2544812, -7.4197588 ], [ 109.254519, -7.4200648 ], [ 109.254566, -7.420616 ], [ 109.2545901, -7.4208774 ], [ 109.254621, -7.4211088 ], [ 109.2546766, -7.4215603 ], [ 109.2546894, -7.4216713 ], [ 109.2547055, -7.4217697 ], [ 109.2547148, -7.4218415 ], [ 109.254865, -7.4229786 ] ] } },
{ "type": "Feature", "properties": { "name": "Jalan Profesor Dokter Soeparno", "highway": "secondary", "length": 1458.6683893602933, "latitude": -7.4111970852041553, "longitude": 109.25357144953948 }, "geometry": { "type": "LineString", "coordinates": [ [ 109.2542374, -7.4176684 ], [ 109.2541824, -7.4172269 ], [ 109.2541749, -7.4171612 ], [ 109.2541502, -7.4169462 ], [ 109.2541362, -7.4167195 ], [ 109.2541345, -7.4166555 ], [ 109.2541341, -7.416641 ], [ 109.2541328, -7.4165745 ], [ 109.2541308, -7.4164974 ], [ 109.25413, -7.4164389 ], [ 109.2541291, -7.4163694 ], [ 109.2541209, -7.4157745 ], [ 109.2541106, -7.415621 ], [ 109.2541004, -7.4153326 ], [ 109.2540931, -7.4150659 ], [ 109.2540892, -7.4149936 ], [ 109.2540821, -7.4147687 ], [ 109.2540664, -7.4142342 ], [ 109.254061, -7.4140061 ], [ 109.2540608, -7.4139413 ], [ 109.2540572, -7.4131593 ], [ 109.2540544, -7.4130167 ], [ 109.2540525, -7.412812 ], [ 109.2540519, -7.4127794 ], [ 109.2540495, -7.4126201 ], [ 109.254048, -7.4123292 ], [ 109.2540464, -7.4122892 ], [ 109.2540336, -7.4119705 ], [ 109.2540316, -7.4119163 ], [ 109.2540336, -7.4118049 ], [ 109.2540264, -7.4116239 ], [ 109.2539834, -7.4109749 ], [ 109.2538993, -7.4100954 ], [ 109.2538801, -7.4100134 ], [ 109.2536809, -7.4094204 ], [ 109.2536031, -7.4092116 ], [ 109.2535253, -7.4090254 ], [ 109.2534985, -7.4089536 ], [ 109.2534542, -7.4088339 ], [ 109.2533697, -7.4085812 ], [ 109.2533478, -7.4085177 ], [ 109.253238, -7.4082662 ], [ 109.2531066, -7.4079782 ], [ 109.2530078, -7.4077617 ], [ 109.2529909, -7.4077246 ], [ 109.2529746, -7.4076889 ], [ 109.2528795, -7.4074389 ], [ 109.2527482, -7.4071209 ], [ 109.2527041, -7.4070384 ], [ 109.2526644, -7.4069302 ], [ 109.2526002, -7.4067894 ], [ 109.2524393, -7.406436 ], [ 109.2524199, -7.4063934 ], [ 109.2523113, -7.4061549 ], [ 109.2522558, -7.406033 ], [ 109.2521479, -7.4057961 ], [ 109.2521274, -7.405751 ], [ 109.2517899, -7.4049798 ] ] } },
{ "type": "Feature", "properties": { "name": [ "Jalan Martadiredja", "Jalan Senopati" ], "highway": "secondary", "length": 767.69484976713716, "latitude": -7.4213978427523823, "longitude": 109.25795701964303 }, "geometry": { "type": "LineString", "coordinates": [ [ 109.254865, -7.4229786 ], [ 109.2548972, -7.4229714 ], [ 109.2549227, -7.4229636 ], [ 109.2549562, -7.4229473 ], [ 109.2552285, -7.422803 ], [ 109.2555799, -7.4226195 ], [ 109.2556375, -7.4225816 ], [ 109.2559741, -7.4224094 ], [ 109.2564087, -7.4221939 ], [ 109.2567949, -7.4219958 ], [ 109.2571717, -7.4218163 ], [ 109.257621, -7.4215769 ], [ 109.2577712, -7.4214931 ], [ 109.2579107, -7.4214146 ], [ 109.2583061, -7.4212163 ], [ 109.258596, -7.4210602 ], [ 109.2593899, -7.4206659 ], [ 109.2595777, -7.4205808 ], [ 109.2601919, -7.4202443 ], [ 109.2607123, -7.4199757 ], [ 109.2610435, -7.4198028 ] ] } },
{ "type": "Feature", "properties": { "name": "Jalan Dokter Soeparno", "highway": "secondary", "length": 594.59918224360388, "latitude": -7.4203245791179455, "longitude": 109.25454222246442 }, "geometry": { "type": "LineString", "coordinates": [ [ 109.254865, -7.4229786 ], [ 109.2547148, -7.4218415 ], [ 109.2547055, -7.4217697 ], [ 109.2546894, -7.4216713 ], [ 109.2546766, -7.4215603 ], [ 109.254621, -7.4211088 ], [ 109.2545901, -7.4208774 ], [ 109.254566, -7.420616 ], [ 109.254519, -7.4200648 ], [ 109.2544812, -7.4197588 ], [ 109.2544547, -7.4195448 ], [ 109.2544044, -7.4191428 ], [ 109.2543762, -7.4189171 ], [ 109.2543632, -7.4187839 ], [ 109.2543132, -7.4182715 ], [ 109.2542931, -7.4181298 ], [ 109.2542374, -7.4176684 ] ] } },
{ "type": "Feature", "properties": { "name": "Kaliputih", "highway": "secondary", "length": 151.82963937504007, "latitude": -7.4236448910322457, "longitude": 109.25501478996655 }, "geometry": { "type": "LineString", "coordinates": [ [ 109.254865, -7.4229786 ], [ 109.254992, -7.4235351 ], [ 109.255014, -7.4236568 ], [ 109.2550676, -7.4238995 ], [ 109.2551712, -7.4243096 ] ] } },
{ "type": "Feature", "properties": { "name": "Jalan Komisaris Bambang Suprapto", "highway": "secondary", "length": 228.67016688941709, "latitude": -7.4230400305799735, "longitude": 109.25383045394591 }, "geometry": { "type": "LineString", "coordinates": [ [ 109.254865, -7.4229786 ], [ 109.2544211, -7.4230198 ], [ 109.2540359, -7.4230418 ], [ 109.2535253, -7.4230464 ], [ 109.2530966, -7.4230715 ], [ 109.2527948, -7.4230851 ] ] } },
{ "type": "Feature", "properties": { "name": [ "Jalan Perintis Kemerdekaan", "Jalan KH. Agus Salim" ], "highway": "secondary", "length": 1405.9933717607394, "latitude": -7.4424222431363924, "longitude": 109.2364231016911 }, "geometry": { "type": "LineString", "coordinates": [ [ 109.2377754, -7.4372713 ], [ 109.2377106, -7.437325 ], [ 109.2374019, -7.4376387 ], [ 109.2372996, -7.4377169 ], [ 109.2371777, -7.4378296 ], [ 109.2369378, -7.438018 ], [ 109.2364686, -7.4383964 ], [ 109.2361191, -7.4387039 ], [ 109.235712, -7.4390559 ], [ 109.2356335, -7.4391166 ], [ 109.2354673, -7.4392625 ], [ 109.2353292, -7.4393808 ], [ 109.2352587, -7.4395024 ], [ 109.2352181, -7.4396717 ], [ 109.2352018, -7.4398848 ], [ 109.2352068, -7.4400642 ], [ 109.235301, -7.440571 ], [ 109.2354171, -7.4411196 ], [ 109.2354957, -7.4415589 ], [ 109.2355213, -7.4416885 ], [ 109.2355753, -7.4419687 ], [ 109.2356354, -7.4422765 ], [ 109.2356457, -7.4423786 ], [ 109.2357134, -7.4426179 ], [ 109.2357489, -7.4427625 ], [ 109.235765, -7.4428543 ], [ 109.2357812, -7.4429417 ], [ 109.2358106, -7.4431006 ], [ 109.2358652, -7.4434634 ], [ 109.235884, -7.4435355 ], [ 109.2359266, -7.443704 ], [ 109.2359644, -7.4438456 ], [ 109.236, -7.4439943 ], [ 109.2360048, -7.444022 ], [ 109.2360905, -7.4442908 ], [ 109.2361068, -7.444344 ], [ 109.2361918, -7.4445724 ], [ 109.2362378, -7.4446794 ], [ 109.2362954, -7.4448144 ], [ 109.236357, -7.4449762 ], [ 109.2364019, -7.4451061 ], [ 109.2364313, -7.4451795 ], [ 109.2364587, -7.4452386 ], [ 109.2365858, -7.4454367 ], [ 109.2367078, -7.4456083 ], [ 109.2368873, -7.445831 ], [ 109.2371906, -7.4461854 ], [ 109.2375715, -7.4465139 ], [ 109.2382432, -7.447072 ], [ 109.2386712, -7.4474168 ], [ 109.2388093, -7.4475272 ], [ 109.2388952, -7.4475711 ] ] } },
{ "type": "Feature", "properties": { "name": "Kalibener", "highway": "tertiary", "length": 989.26007935273492, "latitude": -7.4328533343727514, "longitude": 109.23797098680618 }, "geometry": { "type": "LineString", "coordinates": [ [ 109.2377754, -7.4372713 ], [ 109.2377574, -7.437043 ], [ 109.2377539, -7.4369251 ], [ 109.2377491, -7.4368478 ], [ 109.2377531, -7.4367694 ], [ 109.2377555, -7.4367122 ], [ 109.2377793, -7.4365594 ], [ 109.2378106, -7.4362882 ], [ 109.2379006, -7.4358325 ], [ 109.2379498, -7.435594 ], [ 109.2379631, -7.4355196 ], [ 109.2380433, -7.4351338 ], [ 109.2380518, -7.4350102 ], [ 109.2380664, -7.4347987 ], [ 109.2380996, -7.4338038 ], [ 109.238091, -7.4335493 ], [ 109.238085, -7.43344 ], [ 109.2380622, -7.4332641 ], [ 109.2380544, -7.433173 ], [ 109.2380531, -7.4331375 ], [ 109.2380488, -7.4329599 ], [ 109.2380552, -7.4327876 ], [ 109.2380569, -7.4327066 ], [ 109.238059, -7.4326287 ], [ 109.2380613, -7.4323598 ], [ 109.2379496, -7.4313392 ], [ 109.2379242, -7.4310816 ], [ 109.2378647, -7.4302825 ], [ 109.2378709, -7.4302173 ], [ 109.237889, -7.4298758 ], [ 109.2379135, -7.4295684 ], [ 109.2379294, -7.4294517 ], [ 109.2379453, -7.4293728 ], [ 109.2380108, -7.4291017 ], [ 109.238036, -7.4289721 ], [ 109.2380469, -7.4289297 ], [ 109.2381487, -7.4284413 ] ] } },
{ "type": "Feature", "properties": { "name": "Perintis Kemerdekaan", "highway": "secondary", "length": 880.2582276156561, "latitude": -7.4341787413640725, "longitude": 109.23984046543802 }, "geometry": { "type": "LineString", "coordinates": [ [ 109.2377754, -7.4372713 ], [ 109.2379965, -7.4371267 ], [ 109.2382245, -7.4369405 ], [ 109.2384793, -7.4367317 ], [ 109.238832, -7.4364431 ], [ 109.2390104, -7.4363035 ], [ 109.2391431, -7.4361952 ], [ 109.2399287, -7.4355005 ], [ 109.2399385, -7.4354351 ], [ 109.2399589, -7.435331 ], [ 109.2400304, -7.4349733 ], [ 109.2400591, -7.434832 ], [ 109.2401819, -7.4342237 ], [ 109.2402503, -7.4338592 ], [ 109.240293, -7.4336319 ], [ 109.2404167, -7.43303 ], [ 109.2404313, -7.4329427 ], [ 109.2404584, -7.4327203 ], [ 109.240493, -7.4324784 ], [ 109.2405755, -7.4316993 ], [ 109.2405995, -7.431309 ], [ 109.2406083, -7.4311619 ], [ 109.2406133, -7.4310774 ], [ 109.2406179, -7.4310001 ], [ 109.2406324, -7.4307562 ], [ 109.2406763, -7.4304215 ] ] } },
{ "type": "Feature", "properties": { "name": "Jalan Komisaris Bambang Suprapto", "highway": "primary", "length": 236.84159645123955, "latitude": -7.4233614229295846, "longitude": 109.24737631972246 }, "geometry": { "type": "LineString", "coordinates": [ [ 109.2463033, -7.4234059 ], [ 109.2465141, -7.4233997 ], [ 109.2470968, -7.4233713 ], [ 109.2484494, -7.4233179 ] ] } },
{ "type": "Feature", "properties": { "name": "Mangunjaya", "highway": "tertiary", "length": 710.19989902814177, "latitude": -7.420255475811329, "longitude": 109.24673343149539 }, "geometry": { "type": "LineString", "coordinates": [ [ 109.2463033, -7.4234059 ], [ 109.2463026, -7.4229782 ], [ 109.246304, -7.4228655 ], [ 109.2463061, -7.4226873 ], [ 109.2463216, -7.4225582 ], [ 109.2463251, -7.4224917 ], [ 109.246345, -7.4223642 ], [ 109.2463732, -7.4221846 ], [ 109.2463978, -7.4220836 ], [ 109.2464378, -7.4219518 ], [ 109.2464697, -7.4218575 ], [ 109.2465249, -7.4216368 ], [ 109.2465703, -7.4214545 ], [ 109.2465853, -7.4213906 ], [ 109.246601, -7.4213315 ], [ 109.2466065, -7.4212125 ], [ 109.2466159, -7.4209758 ], [ 109.2466188, -7.4208174 ], [ 109.2466414, -7.4206327 ], [ 109.2466563, -7.4205385 ], [ 109.2466729, -7.4204824 ], [ 109.2467093, -7.4202979 ], [ 109.246747, -7.4200898 ], [ 109.2467901, -7.4198457 ], [ 109.2468313, -7.4195897 ], [ 109.2469165, -7.4190946 ], [ 109.2470179, -7.4186067 ], [ 109.2470918, -7.4180929 ], [ 109.2471799, -7.4175924 ], [ 109.2472422, -7.4172828 ], [ 109.2472628, -7.4171099 ] ] } },
{ "type": "Feature", "properties": { "name": "Jalan Kyai Haji Mohammad Syafei", "highway": "secondary", "length": 89.204531177575944, "latitude": -7.4232739075416427, "longitude": 109.24241912242378 }, "geometry": { "type": "LineString", "coordinates": [ [ 109.2424761, -7.4228768 ], [ 109.2424016, -7.4234084 ], [ 109.2423569, -7.4236702 ] ] } },
{ "type": "Feature", "properties": { "name": "Jalan Jenderal Gatot Subroto", "highway": "primary", "length": 22.713100174510068, "latitude": -7.422901259860553, "longitude": 109.24257609758918 }, "geometry": { "type": "LineString", "coordinates": [ [ 109.2424761, -7.4228768 ], [ 109.2425799, -7.4229022 ], [ 109.2426761, -7.4229257 ] ] } },
{ "type": "Feature", "properties": { "name": null, "highway": "tertiary_link", "length": 4.8519640910960549, "latitude": -7.4298343, "longitude": 109.240713 }, "geometry": { "type": "LineString", "coordinates": [ [ 109.240735, -7.4298346 ], [ 109.240691, -7.429834 ] ] } },
{ "type": "Feature", "properties": { "name": "Jalan Perintis Kemerdekaan", "highway": "secondary", "length": 35.851479218952726, "latitude": -7.4299951542089611, "longitude": 109.24072821257438 }, "geometry": { "type": "LineString", "coordinates": [ [ 109.240735, -7.4298346 ], [ 109.2407291, -7.4300853 ], [ 109.2407005, -7.4301511 ] ] } },
{ "type": "Feature", "properties": { "name": null, "highway": "tertiary_link", "length": 4.8519640910960549, "latitude": -7.4298343, "longitude": 109.240713 }, "geometry": { "type": "LineString", "coordinates": [ [ 109.240691, -7.429834 ], [ 109.240735, -7.4298346 ] ] } },
{ "type": "Feature", "properties": { "name": [ "Jalan Perintis Kemerdekaan", "Jalan Kolonel Sugiono" ], "highway": "secondary", "length": 62.458867239218165, "latitude": -7.4295827068725258, "longitude": 109.24064149254677 }, "geometry": { "type": "LineString", "coordinates": [ [ 109.240691, -7.429834 ], [ 109.2406927, -7.4295524 ], [ 109.2406808, -7.4295133 ], [ 109.2406561, -7.4294894 ], [ 109.2406396, -7.4294782 ], [ 109.240616, -7.4294695 ], [ 109.2404597, -7.4294288 ] ] } },
{ "type": "Feature", "properties": { "name": "Jalan Perintis Kemerdekaan", "highway": "secondary", "length": 172.84136091724608, "latitude": -7.4286442069990395, "longitude": 109.24071026097216 }, "geometry": { "type": "LineString", "coordinates": [ [ 109.2407392, -7.4294204 ], [ 109.2407265, -7.4291947 ], [ 109.2407206, -7.4291367 ], [ 109.2407187, -7.429109 ], [ 109.2406991, -7.4287105 ], [ 109.2406981, -7.4286552 ], [ 109.2406969, -7.4285862 ], [ 109.2407049, -7.4282585 ], [ 109.2407059, -7.4280506 ], [ 109.2407077, -7.4280337 ], [ 109.2407136, -7.4278675 ] ] } },
{ "type": "Feature", "properties": { "name": "Jalan Perintis Kemerdekaan", "highway": "secondary", "length": 46.06028656786313, "latitude": -7.4296275028463121, "longitude": 109.24073703413789 }, "geometry": { "type": "LineString", "coordinates": [ [ 109.2407392, -7.4294204 ], [ 109.2407372, -7.42958 ], [ 109.2407355, -7.4298238 ], [ 109.240735, -7.4298346 ] ] } },
{ "type": "Feature", "properties": { "name": "Jalan Perintis Kemerdekaan", "highway": "secondary", "length": 30.185319394875837, "latitude": -7.4302863, "longitude": 109.2406884 }, "geometry": { "type": "LineString", "coordinates": [ [ 109.2407005, -7.4301511 ], [ 109.2406763, -7.4304215 ] ] } },
{ "type": "Feature", "properties": { "name": "Jalan Perintis Kemerdekaan", "highway": "secondary", "length": 35.489294878465358, "latitude": -7.4299932883671049, "longitude": 109.24068827910591 }, "geometry": { "type": "LineString", "coordinates": [ [ 109.2407005, -7.4301511 ], [ 109.2406833, -7.4300772 ], [ 109.240691, -7.429834 ] ] } },
{ "type": "Feature", "properties": { "name": "Jalan Kolonel Sugiono", "highway": "secondary", "length": 269.03642869381645, "latitude": -7.4289378774643335, "longitude": 109.23926013347435 }, "geometry": { "type": "LineString", "coordinates": [ [ 109.2403875, -7.4293906 ], [ 109.2401177, -7.4293022 ], [ 109.239758, -7.4291933 ], [ 109.2391753, -7.4288949 ], [ 109.2390094, -7.4288242 ], [ 109.2383426, -7.4285265 ], [ 109.2381487, -7.4284413 ] ] } },
{ "type": "Feature", "properties": { "name": "Jalan Kolonel Sugiono", "highway": "secondary", "length": 9.4093916019366528, "latitude": -7.4293880082553292, "longitude": 109.2404300244516 }, "geometry": { "type": "LineString", "coordinates": [ [ 109.2403875, -7.4293906 ], [ 109.2404522, -7.4293858 ], [ 109.2404724, -7.429389 ] ] } },
{ "type": "Feature", "properties": { "name": "Jalan Raya Sumbang", "highway": "tertiary", "length": 1408.1378927392682, "latitude": -7.385418412365806, "longitude": 109.26223461994734 }, "geometry": { "type": "LineString", "coordinates": [ [ 109.2644036, -7.3913338 ], [ 109.2643004, -7.3910402 ], [ 109.2642284, -7.3908362 ], [ 109.2640503, -7.3904329 ], [ 109.2638691, -7.3899958 ], [ 109.2636517, -7.3894443 ], [ 109.2634483, -7.3889867 ], [ 109.2631525, -7.3882544 ], [ 109.2617335, -7.3847534 ], [ 109.2615092, -7.3842168 ], [ 109.261187, -7.3834147 ], [ 109.2611764, -7.3833917 ], [ 109.2611247, -7.3832357 ], [ 109.2611005, -7.3830948 ], [ 109.2610704, -7.3829052 ], [ 109.261063, -7.3826333 ], [ 109.2610622, -7.3823863 ], [ 109.261051, -7.3820908 ], [ 109.2610459, -7.3819731 ], [ 109.2610388, -7.3817735 ], [ 109.2610339, -7.3816366 ], [ 109.2610199, -7.3812301 ], [ 109.2610246, -7.3810141 ], [ 109.2610609, -7.3804048 ], [ 109.2611035, -7.379535 ], [ 109.2611196, -7.379308 ] ] } },
{ "type": "Feature", "properties": { "name": "Jalan sunan ampel", "highway": "primary", "length": 1848.2927463840372, "latitude": -7.3918106910635517, "longitude": 109.25637212094986 }, "geometry": { "type": "LineString", "coordinates": [ [ 109.2644036, -7.3913338 ], [ 109.2642092, -7.3914061 ], [ 109.2635414, -7.3916784 ], [ 109.2634293, -7.3917137 ], [ 109.2632134, -7.3917909 ], [ 109.2630854, -7.391834 ], [ 109.2629975, -7.3918559 ], [ 109.2628975, -7.3918779 ], [ 109.2628161, -7.3918937 ], [ 109.2628139, -7.3918945 ], [ 109.2626492, -7.3919274 ], [ 109.2625713, -7.391941 ], [ 109.2617358, -7.3920663 ], [ 109.2612252, -7.3921285 ], [ 109.2608906, -7.3921525 ], [ 109.2605949, -7.3921585 ], [ 109.2603149, -7.3921401 ], [ 109.2601689, -7.392126 ], [ 109.2600015, -7.3920781 ], [ 109.2598627, -7.3920176 ], [ 109.2598493, -7.3920131 ], [ 109.2594362, -7.3917509 ], [ 109.259398, -7.3917229 ], [ 109.2592896, -7.3916505 ], [ 109.2591164, -7.3915527 ], [ 109.2588146, -7.3913439 ], [ 109.258688, -7.3912712 ], [ 109.2585638, -7.3912189 ], [ 109.2584243, -7.3911763 ], [ 109.2582835, -7.3911271 ], [ 109.2581159, -7.3911059 ], [ 109.2579134, -7.3911045 ], [ 109.2577149, -7.3911098 ], [ 109.2576264, -7.3911152 ], [ 109.2574333, -7.3911205 ], [ 109.2572901, -7.3911267 ], [ 109.2571804, -7.3911315 ], [ 109.2570363, -7.3911378 ], [ 109.2569407, -7.3911447 ], [ 109.2563912, -7.3911843 ], [ 109.2562174, -7.3912007 ], [ 109.2559956, -7.3912189 ], [ 109.2559566, -7.391222 ], [ 109.2550259, -7.3912952 ], [ 109.254987, -7.3912983 ], [ 109.2544362, -7.3913401 ], [ 109.2540698, -7.3913679 ], [ 109.2538646, -7.3913958 ], [ 109.2537203, -7.3914195 ], [ 109.2536988, -7.3914255 ], [ 109.2534307, -7.3914863 ], [ 109.2530975, -7.391586 ], [ 109.2523561, -7.3917933 ], [ 109.2518275, -7.391969 ], [ 109.2511328, -7.3921898 ], [ 109.2508263, -7.3923102 ], [ 109.250498, -7.3924271 ], [ 109.2503237, -7.3924878 ], [ 109.2501172, -7.3925597 ], [ 109.2500995, -7.3925664 ], [ 109.2499271, -7.3926314 ], [ 109.2497592, -7.3926932 ], [ 109.2497329, -7.3927064 ], [ 109.2497154, -7.3927152 ], [ 109.2495208, -7.3928162 ], [ 109.249123, -7.3930001 ], [ 109.2489576, -7.3930872 ], [ 109.2488805, -7.3931278 ], [ 109.2483902, -7.3933162 ] ] } },
{ "type": "Feature", "properties": { "name": "jalan raya sunan bonang", "highway": "primary", "length": 87.889604215944502, "latitude": -7.3917003839706741, "longitude": 109.26455250852028 }, "geometry": { "type": "LineString", "coordinates": [ [ 109.2644036, -7.3913338 ], [ 109.2646853, -7.3920276 ], [ 109.2647034, -7.3920661 ] ] } },
{ "type": "Feature", "properties": { "name": null, "highway": "tertiary", "length": 304.20843339559042, "latitude": -7.3633015861624829, "longitude": 109.18401521925006 }, "geometry": { "type": "LineString", "coordinates": [ [ 109.1828437, -7.3627638 ], [ 109.1830623, -7.3627768 ], [ 109.1832238, -7.3628252 ], [ 109.1833211, -7.3629197 ], [ 109.1834633, -7.3631299 ], [ 109.183635, -7.3632483 ], [ 109.1838241, -7.3633121 ], [ 109.1839099, -7.3633176 ], [ 109.1840004, -7.3633114 ], [ 109.1840508, -7.3633213 ], [ 109.184101, -7.3633474 ], [ 109.1841801, -7.3634092 ], [ 109.1842619, -7.363499 ], [ 109.1843578, -7.3635941 ], [ 109.1844631, -7.3636446 ], [ 109.1845825, -7.3636726 ], [ 109.1847964, -7.3636526 ], [ 109.1849678, -7.3635985 ], [ 109.185251, -7.3635236 ] ] } },
{ "type": "Feature", "properties": { "name": "Jalan Jenderal Sudirman", "highway": "primary", "length": 430.30193983198018, "latitude": -7.427367547939677, "longitude": 109.23859504189853 }, "geometry": { "type": "LineString", "coordinates": [ [ 109.2404792, -7.4278581 ], [ 109.2403399, -7.4278497 ], [ 109.2402416, -7.4278282 ], [ 109.2401242, -7.4278019 ], [ 109.2399963, -7.4277659 ], [ 109.2396901, -7.4276796 ], [ 109.2393756, -7.427591 ], [ 109.2391334, -7.4275228 ], [ 109.239036, -7.4274955 ], [ 109.2389216, -7.4274625 ], [ 109.2388089, -7.4274317 ], [ 109.2386998, -7.427402 ], [ 109.2386458, -7.4273855 ], [ 109.2386158, -7.4273763 ], [ 109.2379667, -7.4271934 ], [ 109.2378294, -7.4271536 ], [ 109.2375895, -7.427084 ], [ 109.2369969, -7.4269122 ], [ 109.2369212, -7.4268903 ], [ 109.2367217, -7.4268266 ] ] } },
{ "type": "Feature", "properties": { "name": null, "highway": "secondary", "length": 35.476336694807578, "latitude": -7.4277513811072193, "longitude": 109.24045154830881 }, "geometry": { "type": "LineString", "coordinates": [ [ 109.2404792, -7.4278581 ], [ 109.2404303, -7.4278372 ], [ 109.240411, -7.4278231 ], [ 109.2404014, -7.4278038 ], [ 109.240403, -7.4277926 ], [ 109.2404055, -7.4277744 ], [ 109.2404289, -7.4277486 ], [ 109.2404784, -7.4277009 ], [ 109.2405159, -7.427621 ] ] } },
{ "type": "Feature", "properties": { "name": "Jalan Kolonel Sugiono", "highway": "secondary", "length": 9.1535907698943699, "latitude": -7.4294126984082309, "longitude": 109.24042221583963 }, "geometry": { "type": "LineString", "coordinates": [ [ 109.2404597, -7.4294288 ], [ 109.2404318, -7.4294215 ], [ 109.2403875, -7.4293906 ] ] } },
{ "type": "Feature", "properties": { "name": null, "highway": "secondary", "length": 8.4626814169740854, "latitude": -7.429405636806413, "longitude": 109.24044955632662 }, "geometry": { "type": "LineString", "coordinates": [ [ 109.2404597, -7.4294288 ], [ 109.2404454, -7.4294205 ], [ 109.2404379, -7.4294115 ], [ 109.2404361, -7.4294055 ], [ 109.2404367, -7.4294024 ], [ 109.2404405, -7.4293986 ], [ 109.2404491, -7.4293944 ], [ 109.2404724, -7.429389 ] ] } },
{ "type": "Feature", "properties": { "name": "Jalan Kolonel Sugiono", "highway": "secondary", "length": 29.64851303497689, "latitude": -7.4294057878523141, "longitude": 109.24060564696595 }, "geometry": { "type": "LineString", "coordinates": [ [ 109.2404724, -7.429389 ], [ 109.2405695, -7.4294044 ], [ 109.2406413, -7.4294084 ], [ 109.2407392, -7.4294204 ] ] } },
{ "type": "Feature", "properties": { "name": "Mohammad Besar", "highway": "secondary", "length": 1124.1653556689575, "latitude": -7.3876904238016223, "longitude": 109.23788081665177 }, "geometry": { "type": "LineString", "coordinates": [ [ 109.2429714, -7.3878435 ], [ 109.2423835, -7.3878199 ], [ 109.2420307, -7.3878057 ], [ 109.2417719, -7.3877953 ], [ 109.239494, -7.3877038 ], [ 109.2388717, -7.3876719 ], [ 109.2386766, -7.3876612 ], [ 109.2378759, -7.3876256 ], [ 109.2366394, -7.3875721 ], [ 109.2362483, -7.3875615 ], [ 109.2360171, -7.387562 ], [ 109.2356222, -7.3875548 ], [ 109.2353138, -7.3875588 ], [ 109.2351837, -7.3875615 ], [ 109.2351461, -7.3875639 ], [ 109.2350355, -7.3875708 ], [ 109.2347056, -7.3876187 ], [ 109.2346707, -7.3876227 ], [ 109.2346486, -7.3876255 ], [ 109.2337904, -7.3877347 ], [ 109.2337406, -7.387741 ], [ 109.2333673, -7.3878013 ], [ 109.2328059, -7.387884 ] ] } },
{ "type": "Feature", "properties": { "name": "Jalan Raya Baturraden", "highway": "secondary", "length": 31.367903865762905, "latitude": -7.387747454676556, "longitude": 109.24306882983255 }, "geometry": { "type": "LineString", "coordinates": [ [ 109.2429714, -7.3878435 ], [ 109.2430217, -7.3878138 ], [ 109.2430506, -7.3877883 ], [ 109.2430754, -7.38776 ], [ 109.2431036, -7.3877164 ], [ 109.2431223, -7.3876765 ], [ 109.2431178, -7.3876243 ] ] } },
{ "type": "Feature", "properties": { "name": "Jalan HR Bunyamin", "highway": "secondary", "length": 29.533625196387483, "latitude": -7.3878777284182204, "longitude": 109.24309769850359 }, "geometry": { "type": "LineString", "coordinates": [ [ 109.2429714, -7.3878435 ], [ 109.2430315, -7.3878514 ], [ 109.2430828, -7.3878618 ], [ 109.243129, -7.387878 ], [ 109.2431699, -7.3879 ], [ 109.2432003, -7.3879505 ] ] } },
{ "type": "Feature", "properties": { "name": "Letnan Jenderal Polisi Sumarto", "highway": "secondary", "length": 32.180483508707582, "latitude": -7.3879541250741605, "longitude": 109.23267928677048 }, "geometry": { "type": "LineString", "coordinates": [ [ 109.2328059, -7.387884 ], [ 109.2327241, -7.3879226 ], [ 109.2326493, -7.3879631 ], [ 109.2325642, -7.3880413 ] ] } },
{ "type": "Feature", "properties": { "name": "Mohammad Besar", "highway": "secondary", "length": 1124.1653556689573, "latitude": -7.3876904238016259, "longitude": 109.23788081665184 }, "geometry": { "type": "LineString", "coordinates": [ [ 109.2328059, -7.387884 ], [ 109.2333673, -7.3878013 ], [ 109.2337406, -7.387741 ], [ 109.2337904, -7.3877347 ], [ 109.2346486, -7.3876255 ], [ 109.2346707, -7.3876227 ], [ 109.2347056, -7.3876187 ], [ 109.2350355, -7.3875708 ], [ 109.2351461, -7.3875639 ], [ 109.2351837, -7.3875615 ], [ 109.2353138, -7.3875588 ], [ 109.2356222, -7.3875548 ], [ 109.2360171, -7.387562 ], [ 109.2362483, -7.3875615 ], [ 109.2366394, -7.3875721 ], [ 109.2378759, -7.3876256 ], [ 109.2386766, -7.3876612 ], [ 109.2388717, -7.3876719 ], [ 109.239494, -7.3877038 ], [ 109.2417719, -7.3877953 ], [ 109.2420307, -7.3878057 ], [ 109.2423835, -7.3878199 ], [ 109.2429714, -7.3878435 ] ] } },
{ "type": "Feature", "properties": { "name": null, "highway": "secondary", "length": 28.239491018878013, "latitude": -7.3878299572720278, "longitude": 109.23269687277997 }, "geometry": { "type": "LineString", "coordinates": [ [ 109.2328059, -7.387884 ], [ 109.232718, -7.3878587 ], [ 109.2326778, -7.3878408 ], [ 109.2326641, -7.3878295 ], [ 109.2326537, -7.3878109 ], [ 109.2326228, -7.3877364 ] ] } },
{ "type": "Feature", "properties": { "name": "Jalan Raya Melung", "highway": "tertiary", "length": 5540.7421429901597, "latitude": -7.3332565905538845, "longitude": 109.21227486776702 }, "geometry": { "type": "LineString", "coordinates": [ [ 109.1976656, -7.3442262 ], [ 109.1977514, -7.3442315 ], [ 109.1978359, -7.3442182 ], [ 109.1978922, -7.3441943 ], [ 109.1979432, -7.344157 ], [ 109.1980076, -7.3440932 ], [ 109.1980505, -7.3440083 ], [ 109.1981384, -7.3438097 ], [ 109.1982062, -7.3436596 ], [ 109.1982946, -7.3433979 ], [ 109.1983327, -7.3432799 ], [ 109.1983616, -7.3432047 ], [ 109.198418, -7.3431464 ], [ 109.1984783, -7.3431288 ], [ 109.1985729, -7.3431245 ], [ 109.1987435, -7.3430946 ], [ 109.1988516, -7.3430671 ], [ 109.1989147, -7.3430413 ], [ 109.1990657, -7.3429796 ], [ 109.2003565, -7.3430344 ], [ 109.2004329, -7.3430099 ], [ 109.2004859, -7.3429522 ], [ 109.2007327, -7.3423643 ], [ 109.2007703, -7.3421832 ], [ 109.2007716, -7.3419411 ], [ 109.2007796, -7.3418912 ], [ 109.2008769, -7.3418063 ], [ 109.200901, -7.3418048 ], [ 109.2009199, -7.3418131 ], [ 109.2013523, -7.3422124 ], [ 109.2013772, -7.3422206 ], [ 109.2013961, -7.3422121 ], [ 109.201701, -7.3417363 ], [ 109.201878, -7.3416646 ], [ 109.2019987, -7.3415846 ], [ 109.2021216, -7.3414913 ], [ 109.2023818, -7.3412757 ], [ 109.2026098, -7.3411002 ], [ 109.2027525, -7.3409717 ], [ 109.202849, -7.3408158 ], [ 109.202878, -7.34064 ], [ 109.2028699, -7.3402542 ], [ 109.202878, -7.3400361 ], [ 109.2028941, -7.3398446 ], [ 109.2028887, -7.3395785 ], [ 109.2028568, -7.33935 ], [ 109.2028353, -7.3389936 ], [ 109.2028517, -7.33881 ], [ 109.2029051, -7.3385785 ], [ 109.2029321, -7.3384323 ], [ 109.2029422, -7.338393 ], [ 109.2029596, -7.3383591 ], [ 109.2029791, -7.3383225 ], [ 109.2029986, -7.3382888 ], [ 109.2030179, -7.3382706 ], [ 109.2030401, -7.338252 ], [ 109.2030622, -7.3382374 ], [ 109.2030904, -7.3382327 ], [ 109.2032084, -7.3382117 ], [ 109.203589, -7.3381476 ], [ 109.2036349, -7.3381383 ], [ 109.2036711, -7.3381117 ], [ 109.2037392, -7.3380571 ], [ 109.2037676, -7.3380332 ], [ 109.2037904, -7.3380073 ], [ 109.2038005, -7.3379714 ], [ 109.2038061, -7.3379319 ], [ 109.2037944, -7.3378709 ], [ 109.2038051, -7.3378094 ], [ 109.203824, -7.3377672 ], [ 109.2038682, -7.3377353 ], [ 109.2039219, -7.337718 ], [ 109.2039831, -7.3377222 ], [ 109.2040209, -7.3376953 ], [ 109.2042247, -7.3375783 ], [ 109.2044798, -7.3375041 ], [ 109.204701, -7.3373544 ], [ 109.2048364, -7.3371539 ], [ 109.2048267, -7.3369554 ], [ 109.204764, -7.3368298 ], [ 109.2046501, -7.3366472 ], [ 109.2046621, -7.3365787 ], [ 109.204697, -7.3365249 ], [ 109.2048325, -7.3364051 ], [ 109.2048754, -7.3363439 ], [ 109.2049518, -7.3362349 ], [ 109.2049715, -7.3362173 ], [ 109.2050886, -7.3361125 ], [ 109.205209, -7.3360151 ], [ 109.2053488, -7.3359223 ], [ 109.2055553, -7.3358212 ], [ 109.2056725, -7.3357676 ], [ 109.2057471, -7.3357334 ], [ 109.2058584, -7.3357148 ], [ 109.2060153, -7.3356882 ], [ 109.206183, -7.3356204 ], [ 109.2063023, -7.3355153 ], [ 109.2063841, -7.3354089 ], [ 109.2064418, -7.3352759 ], [ 109.2065142, -7.335204 ], [ 109.2066175, -7.3351562 ], [ 109.2066926, -7.3351482 ], [ 109.2068173, -7.3351655 ], [ 109.2069769, -7.3351641 ], [ 109.2071781, -7.3351761 ], [ 109.2073028, -7.335204 ], [ 109.207398, -7.3352493 ], [ 109.2074999, -7.3352732 ], [ 109.2075603, -7.3352659 ], [ 109.2076434, -7.335232 ], [ 109.2077547, -7.3351362 ], [ 109.2078272, -7.3350976 ], [ 109.2079478, -7.335077 ], [ 109.2080753, -7.3350338 ], [ 109.2081638, -7.3349773 ], [ 109.208255, -7.3349061 ], [ 109.2083354, -7.3348635 ], [ 109.2083777, -7.3348489 ], [ 109.208428, -7.3348486 ], [ 109.2084467, -7.3348462 ], [ 109.2086291, -7.334825 ], [ 109.2087606, -7.3347757 ], [ 109.2088786, -7.3346986 ], [ 109.2089879, -7.3345337 ], [ 109.2090408, -7.3344552 ], [ 109.2090717, -7.3344286 ], [ 109.2091428, -7.33439 ], [ 109.2092212, -7.3343647 ], [ 109.2097154, -7.3342437 ], [ 109.2098723, -7.3342184 ], [ 109.210044, -7.3342304 ], [ 109.2102143, -7.3342929 ], [ 109.2103435, -7.3343672 ], [ 109.210367, -7.3343807 ], [ 109.2110697, -7.3347797 ], [ 109.2113312, -7.3349087 ], [ 109.2113623, -7.3349447 ], [ 109.211368, -7.3349669 ], [ 109.2113688, -7.3349886 ], [ 109.2112396, -7.3355958 ], [ 109.2112376, -7.3356742 ], [ 109.2112617, -7.3357434 ], [ 109.2113187, -7.3357813 ], [ 109.2114338, -7.3358245 ], [ 109.2116123, -7.3358298 ], [ 109.2117956, -7.3358119 ], [ 109.2120047, -7.3357995 ], [ 109.21218, -7.3357632 ], [ 109.2123169, -7.3357179 ], [ 109.212461, -7.335674 ], [ 109.2125973, -7.3356255 ], [ 109.2126712, -7.3355903 ], [ 109.2127392, -7.3355483 ], [ 109.212718, -7.3354544 ], [ 109.2126927, -7.3352179 ], [ 109.2127055, -7.3351018 ], [ 109.2127415, -7.3350624 ], [ 109.2127982, -7.335026 ], [ 109.2129419, -7.3349622 ], [ 109.2130841, -7.3349177 ], [ 109.2131511, -7.3348968 ], [ 109.2133093, -7.3348489 ], [ 109.21339, -7.3348197 ], [ 109.2134569, -7.3347957 ], [ 109.2135087, -7.3347877 ], [ 109.2135617, -7.334801 ], [ 109.2136553, -7.3348515 ], [ 109.2137374, -7.3348729 ], [ 109.2138326, -7.3348749 ], [ 109.2139077, -7.3348649 ], [ 109.2139933, -7.3348383 ], [ 109.2141167, -7.3347585 ], [ 109.2142242, -7.3345942 ], [ 109.214289, -7.3344972 ], [ 109.2143416, -7.3344419 ], [ 109.2144609, -7.334383 ], [ 109.2145635, -7.3343727 ], [ 109.2150072, -7.3343754 ], [ 109.2151724, -7.3343581 ], [ 109.2152412, -7.334319 ], [ 109.215277, -7.3342743 ], [ 109.2152969, -7.3341466 ], [ 109.2153075, -7.3336575 ], [ 109.2153251, -7.3334604 ], [ 109.2153306, -7.3333692 ], [ 109.2155226, -7.3331162 ], [ 109.2156378, -7.3329884 ], [ 109.2157636, -7.3328377 ], [ 109.2159874, -7.3326125 ], [ 109.2161738, -7.3326123 ], [ 109.2163865, -7.3326182 ], [ 109.2165249, -7.3329661 ], [ 109.2166273, -7.3330027 ], [ 109.2166932, -7.3330147 ], [ 109.2167895, -7.3330294 ], [ 109.2169235, -7.3330085 ], [ 109.2170877, -7.3328873 ], [ 109.2171543, -7.3325395 ], [ 109.2171608, -7.3320616 ], [ 109.2171727, -7.3319055 ], [ 109.2171901, -7.3314864 ], [ 109.2172355, -7.3308897 ], [ 109.2172323, -7.3307002 ], [ 109.2171478, -7.3305512 ], [ 109.2170545, -7.3303621 ], [ 109.2170224, -7.3302174 ], [ 109.2170055, -7.3300734 ], [ 109.2170764, -7.3298052 ], [ 109.2171255, -7.3296054 ], [ 109.2171612, -7.3294712 ], [ 109.2171283, -7.3293382 ], [ 109.2170025, -7.3292204 ], [ 109.2169419, -7.3291386 ], [ 109.2168994, -7.3290415 ], [ 109.2168864, -7.3289063 ], [ 109.2168861, -7.3287918 ], [ 109.2168701, -7.3285675 ], [ 109.2169005, -7.3283999 ], [ 109.2169481, -7.3283306 ], [ 109.2170072, -7.3282908 ], [ 109.2170955, -7.3282431 ], [ 109.2171992, -7.3282322 ], [ 109.2173301, -7.328224 ], [ 109.2173943, -7.3282485 ], [ 109.2174724, -7.3282783 ], [ 109.2176414, -7.3283261 ], [ 109.2177621, -7.3283635 ], [ 109.2179269, -7.3284157 ], [ 109.2180739, -7.3284463 ], [ 109.218212, -7.3284523 ], [ 109.218329, -7.328427 ], [ 109.2185015, -7.3283648 ], [ 109.2186462, -7.3283713 ], [ 109.2188504, -7.3285095 ], [ 109.2189717, -7.328598 ], [ 109.2191117, -7.3286475 ], [ 109.219189, -7.3286495 ], [ 109.2195792, -7.3284626 ], [ 109.2199161, -7.3282888 ], [ 109.2199907, -7.3282193 ], [ 109.2200453, -7.3281377 ], [ 109.2200856, -7.3280454 ], [ 109.2201077, -7.3279401 ], [ 109.2201258, -7.3278074 ], [ 109.220121, -7.3275025 ], [ 109.2200554, -7.3271956 ], [ 109.2199881, -7.3269 ], [ 109.2199252, -7.3266393 ], [ 109.2198368, -7.326368 ], [ 109.2197245, -7.3262272 ], [ 109.2195719, -7.3260371 ], [ 109.2193856, -7.3258964 ], [ 109.2192034, -7.3258008 ], [ 109.2188552, -7.3256758 ], [ 109.2187113, -7.3255937 ], [ 109.2186171, -7.3255325 ], [ 109.2185873, -7.3254073 ], [ 109.2186365, -7.3253277 ], [ 109.2188443, -7.3250497 ], [ 109.2189181, -7.3249752 ], [ 109.2190133, -7.3249021 ], [ 109.2191152, -7.3248608 ], [ 109.2192185, -7.324841 ], [ 109.2193332, -7.3248463 ], [ 109.2194384, -7.3248889 ], [ 109.2197496, -7.3250857 ], [ 109.2200043, -7.32528 ], [ 109.2202082, -7.3253597 ], [ 109.2203611, -7.3254075 ], [ 109.2205295, -7.3254244 ], [ 109.2207232, -7.3253982 ], [ 109.2209029, -7.3253358 ], [ 109.2211883, -7.3251808 ], [ 109.221434, -7.3250379 ], [ 109.2216816, -7.3249003 ], [ 109.2219095, -7.3247618 ], [ 109.2222333, -7.3245856 ], [ 109.2223597, -7.3245312 ], [ 109.2224736, -7.3244934 ], [ 109.2225927, -7.3244739 ], [ 109.2228027, -7.3244756 ], [ 109.2229801, -7.3245005 ], [ 109.2231312, -7.3245481 ], [ 109.2231814, -7.3245679 ], [ 109.2233685, -7.3246645 ], [ 109.2234758, -7.3247139 ], [ 109.223557, -7.3247418 ], [ 109.2237023, -7.3247225 ], [ 109.2237207, -7.32472 ], [ 109.2238232, -7.3247172 ], [ 109.2239774, -7.3246593 ], [ 109.2241001, -7.324652 ], [ 109.2242185, -7.3246687 ], [ 109.2244895, -7.3247232 ], [ 109.2249905, -7.324939 ], [ 109.2251944, -7.3250699 ], [ 109.2253259, -7.3251555 ], [ 109.2254121, -7.3252282 ], [ 109.225492, -7.3253112 ], [ 109.2255961, -7.325476 ], [ 109.2256166, -7.3255034 ], [ 109.2256665, -7.3255831 ], [ 109.2257202, -7.3256283 ], [ 109.2258301, -7.3256842 ], [ 109.2259402, -7.3257322 ], [ 109.2261346, -7.3257929 ] ] } },
{ "type": "Feature", "properties": { "name": null, "highway": "secondary", "length": 3977.3868389135855, "latitude": -7.3577842057546103, "longitude": 109.20121448084764 }, "geometry": { "type": "LineString", "coordinates": [ [ 109.1976656, -7.3442262 ], [ 109.1975865, -7.3445135 ], [ 109.1975389, -7.3446824 ], [ 109.1975255, -7.3447496 ], [ 109.1975222, -7.3448114 ], [ 109.1975228, -7.3448753 ], [ 109.1975329, -7.3449125 ], [ 109.1975657, -7.345015 ], [ 109.1976146, -7.3451161 ], [ 109.1976804, -7.3452384 ], [ 109.1977367, -7.3453275 ], [ 109.1978228, -7.3454296 ], [ 109.1978373, -7.3454778 ], [ 109.1978292, -7.3455257 ], [ 109.1978118, -7.345567 ], [ 109.1977863, -7.3456015 ], [ 109.1977541, -7.3456375 ], [ 109.1977112, -7.3456523 ], [ 109.1975811, -7.3456814 ], [ 109.1975022, -7.3457019 ], [ 109.1974792, -7.3457079 ], [ 109.1974094, -7.3457532 ], [ 109.1973746, -7.3458116 ], [ 109.1973397, -7.3458729 ], [ 109.197313, -7.345958 ], [ 109.1973532, -7.3461256 ], [ 109.1973693, -7.3462081 ], [ 109.1973934, -7.3462879 ], [ 109.1974309, -7.3463929 ], [ 109.1974738, -7.3465113 ], [ 109.19751, -7.3465925 ], [ 109.1975034, -7.3467348 ], [ 109.1974855, -7.3468009 ], [ 109.1973961, -7.3469505 ], [ 109.1972539, -7.3471471 ], [ 109.1971533, -7.3473386 ], [ 109.1970594, -7.347566 ], [ 109.196979, -7.3477723 ], [ 109.1969267, -7.3479797 ], [ 109.1968731, -7.3483708 ], [ 109.1968234, -7.3485024 ], [ 109.1968154, -7.3485889 ], [ 109.196802, -7.3486435 ], [ 109.1968048, -7.3487207 ], [ 109.1968243, -7.3487754 ], [ 109.1968207, -7.3489015 ], [ 109.1967873, -7.3490464 ], [ 109.1967496, -7.3491582 ], [ 109.1967308, -7.3493071 ], [ 109.1967107, -7.3494495 ], [ 109.1967201, -7.3497209 ], [ 109.1967255, -7.350044 ], [ 109.1967308, -7.3502103 ], [ 109.1967443, -7.3503154 ], [ 109.1967925, -7.3504564 ], [ 109.1969347, -7.3507144 ], [ 109.1971386, -7.351007 ], [ 109.1971908, -7.3511055 ], [ 109.1972807, -7.3512903 ], [ 109.1973306, -7.3513647 ], [ 109.1974202, -7.3514619 ], [ 109.1975141, -7.3515842 ], [ 109.1975544, -7.3516773 ], [ 109.1975784, -7.3518157 ], [ 109.1975731, -7.3519462 ], [ 109.1975553, -7.3521666 ], [ 109.197558, -7.3522562 ], [ 109.1975677, -7.3523385 ], [ 109.1975758, -7.3523703 ], [ 109.1977084, -7.3526221 ], [ 109.19773, -7.3526722 ], [ 109.1977396, -7.3527361 ], [ 109.1977408, -7.3527915 ], [ 109.1977448, -7.3529635 ], [ 109.1977477, -7.3531228 ], [ 109.1977601, -7.35322 ], [ 109.1978118, -7.3536246 ], [ 109.1978454, -7.3538055 ], [ 109.1978437, -7.3539801 ], [ 109.1978265, -7.354158 ], [ 109.1978212, -7.3545424 ], [ 109.1978212, -7.3548655 ], [ 109.1979298, -7.3556915 ], [ 109.1979991, -7.3562902 ], [ 109.1980112, -7.3563654 ], [ 109.1980205, -7.3564232 ], [ 109.1980442, -7.3564736 ], [ 109.1980724, -7.3565052 ], [ 109.1981525, -7.3565279 ], [ 109.1986006, -7.3565786 ], [ 109.1989648, -7.356629 ], [ 109.1990015, -7.3566196 ], [ 109.1990243, -7.3565976 ], [ 109.1990456, -7.3565375 ], [ 109.1990456, -7.3564789 ], [ 109.1989266, -7.3560802 ], [ 109.1989154, -7.3560392 ], [ 109.1989167, -7.356015 ], [ 109.1989243, -7.3559916 ], [ 109.1989428, -7.3559807 ], [ 109.1989668, -7.3559712 ], [ 109.1989918, -7.3559735 ], [ 109.1990498, -7.3559801 ], [ 109.1991985, -7.3560187 ], [ 109.1997121, -7.3561823 ], [ 109.1998409, -7.3561983 ], [ 109.199924, -7.356185 ], [ 109.2000347, -7.3561444 ], [ 109.2001225, -7.3560707 ], [ 109.2002217, -7.355895 ], [ 109.2002539, -7.3557714 ], [ 109.2002751, -7.3557225 ], [ 109.200317, -7.3557022 ], [ 109.2003559, -7.3557058 ], [ 109.200384, -7.3557182 ], [ 109.2004082, -7.3557767 ], [ 109.2004443, -7.355923 ], [ 109.2004792, -7.3562821 ], [ 109.2004993, -7.3566519 ], [ 109.2004994, -7.3569152 ], [ 109.2005423, -7.3570655 ], [ 109.2006201, -7.3571786 ], [ 109.2006952, -7.3572823 ], [ 109.2007971, -7.3574472 ], [ 109.2009178, -7.3576148 ], [ 109.2010331, -7.3577399 ], [ 109.201127, -7.3578037 ], [ 109.2012745, -7.3578649 ], [ 109.2014086, -7.357934 ], [ 109.2015105, -7.3580138 ], [ 109.2016715, -7.3581468 ], [ 109.2018163, -7.3582679 ], [ 109.2019612, -7.358502 ], [ 109.2020631, -7.3587427 ], [ 109.2021363, -7.3588408 ], [ 109.2022374, -7.3589316 ], [ 109.2024333, -7.3590153 ], [ 109.2025379, -7.3590938 ], [ 109.202587, -7.3591625 ], [ 109.2026425, -7.3592907 ], [ 109.2026357, -7.3593679 ], [ 109.2026129, -7.359445 ], [ 109.2025901, -7.3595221 ], [ 109.202554, -7.3595993 ], [ 109.2025245, -7.3596538 ], [ 109.2025117, -7.3596918 ], [ 109.2025124, -7.3597297 ], [ 109.2025157, -7.3597529 ], [ 109.2025379, -7.3597855 ], [ 109.2026237, -7.3598733 ], [ 109.2026686, -7.3599125 ], [ 109.2027048, -7.3599604 ], [ 109.2027457, -7.360007 ], [ 109.2027987, -7.3601021 ], [ 109.2028074, -7.3602065 ], [ 109.2027872, -7.3602896 ], [ 109.2027564, -7.3603641 ], [ 109.2027215, -7.3604306 ], [ 109.2027095, -7.3604878 ], [ 109.2027095, -7.3605396 ], [ 109.2027363, -7.3605835 ], [ 109.2027765, -7.3606208 ], [ 109.2029106, -7.3607777 ], [ 109.2030072, -7.3610264 ], [ 109.2030434, -7.3612539 ], [ 109.203077, -7.3613363 ], [ 109.2031132, -7.3613869 ], [ 109.2031601, -7.3614401 ], [ 109.2032486, -7.3614786 ], [ 109.2033626, -7.3615106 ], [ 109.2034863, -7.3615604 ], [ 109.2035373, -7.3615797 ], [ 109.2035541, -7.361595 ], [ 109.2035628, -7.361615 ], [ 109.2035584, -7.3617566 ], [ 109.2035665, -7.3618125 ], [ 109.2035893, -7.3618484 ], [ 109.2036126, -7.3618579 ], [ 109.2036375, -7.3618577 ], [ 109.2037328, -7.3618377 ], [ 109.2038333, -7.3618364 ], [ 109.2039111, -7.361863 ], [ 109.2039406, -7.3618843 ], [ 109.2040211, -7.3619801 ], [ 109.2040935, -7.3621171 ], [ 109.204123, -7.3622381 ], [ 109.2041579, -7.3623445 ], [ 109.2041773, -7.3623781 ], [ 109.2042115, -7.3623967 ], [ 109.2042568, -7.3624093 ], [ 109.2043135, -7.3624163 ], [ 109.2044288, -7.3624323 ], [ 109.204443, -7.3624328 ], [ 109.2044958, -7.3624642 ], [ 109.204528, -7.3624935 ], [ 109.2045629, -7.3625972 ], [ 109.2050135, -7.3633819 ], [ 109.2050356, -7.3634631 ], [ 109.205041, -7.363501 ], [ 109.2050306, -7.3637345 ], [ 109.2050296, -7.3639831 ], [ 109.2049915, -7.364273 ], [ 109.2049883, -7.3643908 ], [ 109.2050011, -7.3645151 ], [ 109.2050132, -7.364551 ], [ 109.205043, -7.3646182 ], [ 109.2050654, -7.3646409 ], [ 109.2051074, -7.3646648 ], [ 109.2051424, -7.3646696 ], [ 109.2051744, -7.3646548 ], [ 109.205259, -7.3645892 ], [ 109.2053159, -7.364565 ], [ 109.205357, -7.364566 ], [ 109.2054044, -7.3645836 ], [ 109.205432, -7.3646075 ], [ 109.2054507, -7.3646774 ], [ 109.2054427, -7.3651429 ], [ 109.2054963, -7.3654967 ], [ 109.2056063, -7.3657388 ], [ 109.2056291, -7.365764 ], [ 109.2057551, -7.3658568 ], [ 109.2057833, -7.3658645 ], [ 109.2058276, -7.3658678 ], [ 109.2058685, -7.3658551 ], [ 109.2059453, -7.3658268 ], [ 109.2060301, -7.3658159 ], [ 109.2060395, -7.3658162 ], [ 109.2060492, -7.3658192 ], [ 109.2060673, -7.3658285 ], [ 109.2060824, -7.3658422 ], [ 109.2060978, -7.3658635 ], [ 109.2061045, -7.3658734 ], [ 109.2061112, -7.3658891 ], [ 109.2061115, -7.3658997 ], [ 109.2061095, -7.365915 ], [ 109.2061022, -7.36593 ], [ 109.2060133, -7.3660187 ], [ 109.2059053, -7.3661391 ], [ 109.2058423, -7.3662458 ], [ 109.2058376, -7.3662648 ], [ 109.2058363, -7.3662771 ], [ 109.2058383, -7.3662907 ], [ 109.2058443, -7.3663077 ], [ 109.205851, -7.3663193 ], [ 109.2058738, -7.3663389 ], [ 109.205902, -7.3663586 ], [ 109.2059261, -7.3663665 ], [ 109.205955, -7.3663732 ], [ 109.2060395, -7.3663752 ], [ 109.2061239, -7.3663872 ], [ 109.2061558, -7.3663993 ], [ 109.2061863, -7.3664271 ], [ 109.2062447, -7.3665063 ], [ 109.2062493, -7.3665388 ], [ 109.2062413, -7.3665667 ], [ 109.2061923, -7.3666221 ], [ 109.2060595, -7.3668724 ], [ 109.2058876, -7.3674856 ], [ 109.2058523, -7.367613 ], [ 109.2058909, -7.3682819 ], [ 109.2058839, -7.368605 ], [ 109.2058973, -7.3686688 ], [ 109.2059266, -7.3687197 ], [ 109.2060814, -7.3689414 ], [ 109.2063301, -7.3692252 ], [ 109.2065011, -7.3693969 ], [ 109.2065638, -7.3694496 ], [ 109.20678, -7.3696124 ], [ 109.2068388, -7.3696464 ], [ 109.2068924, -7.3696733 ], [ 109.2069152, -7.3697089 ], [ 109.2069232, -7.3697382 ], [ 109.2068705, -7.3700798 ], [ 109.2068336, -7.3703876 ], [ 109.2067369, -7.3708663 ] ] } },
{ "type": "Feature", "properties": { "name": null, "highway": "secondary", "length": 6360.7417852628569, "latitude": -7.3444904122381658, "longitude": 109.18760622471656 }, "geometry": { "type": "LineString", "coordinates": [ [ 109.1976656, -7.3442262 ], [ 109.1974966, -7.3441983 ], [ 109.1974135, -7.3441704 ], [ 109.1973343, -7.3441344 ], [ 109.1972405, -7.3440613 ], [ 109.1969749, -7.3438245 ], [ 109.1969334, -7.3437673 ], [ 109.1968998, -7.3437055 ], [ 109.1968516, -7.3435632 ], [ 109.1968153, -7.3434528 ], [ 109.1967785, -7.3433969 ], [ 109.1967483, -7.343369 ], [ 109.1960308, -7.3429097 ], [ 109.1958927, -7.3428249 ], [ 109.1957264, -7.3427285 ], [ 109.1956419, -7.3426647 ], [ 109.1955936, -7.3426141 ], [ 109.1954836, -7.3424971 ], [ 109.1953844, -7.3423454 ], [ 109.195312, -7.3421964 ], [ 109.1952355, -7.341973 ], [ 109.1951484, -7.3417336 ], [ 109.1950572, -7.34155 ], [ 109.1949231, -7.3413904 ], [ 109.1948122, -7.3412586 ], [ 109.1946227, -7.3410898 ], [ 109.19451, -7.3409688 ], [ 109.1944604, -7.3409063 ], [ 109.1943223, -7.3406961 ], [ 109.1941479, -7.3403292 ], [ 109.1940808, -7.3401534 ], [ 109.1940258, -7.3400071 ], [ 109.1939763, -7.3398611 ], [ 109.1939381, -7.3396813 ], [ 109.1938663, -7.3393606 ], [ 109.1938072, -7.3391372 ], [ 109.1937081, -7.3388714 ], [ 109.1936008, -7.3386321 ], [ 109.1933781, -7.3380465 ], [ 109.1932467, -7.3375892 ], [ 109.193185, -7.3374387 ], [ 109.1931193, -7.337303 ], [ 109.1929275, -7.3369957 ], [ 109.1928953, -7.3369292 ], [ 109.1928953, -7.3368656 ], [ 109.1929154, -7.3365408 ], [ 109.1929188, -7.336453 ], [ 109.1929295, -7.3363307 ], [ 109.1929248, -7.336191 ], [ 109.1929235, -7.3361331 ], [ 109.1929067, -7.3360846 ], [ 109.1928256, -7.3359609 ], [ 109.1927518, -7.3358778 ], [ 109.1926733, -7.3357441 ], [ 109.1925855, -7.3355199 ], [ 109.1925292, -7.3353414 ], [ 109.1925064, -7.3352872 ], [ 109.1922945, -7.334934 ], [ 109.1922753, -7.3348908 ], [ 109.1921858, -7.3346893 ], [ 109.1921529, -7.3346367 ], [ 109.1921054, -7.3345995 ], [ 109.192033, -7.3345576 ], [ 109.1919619, -7.334529 ], [ 109.1918613, -7.3345064 ], [ 109.1917889, -7.3344984 ], [ 109.1916984, -7.3344904 ], [ 109.1916199, -7.3344711 ], [ 109.1915341, -7.3344219 ], [ 109.1914704, -7.3343694 ], [ 109.1913973, -7.3343016 ], [ 109.1913027, -7.3342178 ], [ 109.1912397, -7.3341898 ], [ 109.1910598, -7.3341145 ], [ 109.1907737, -7.3339644 ], [ 109.1904315, -7.33376 ], [ 109.1903148, -7.3336702 ], [ 109.1900013, -7.3334276 ], [ 109.1896203, -7.3331024 ], [ 109.1894017, -7.3329761 ], [ 109.1892676, -7.3329322 ], [ 109.1890489, -7.33291 ], [ 109.1888143, -7.3328776 ], [ 109.1886923, -7.3328737 ], [ 109.1885769, -7.3328923 ], [ 109.188479, -7.3329003 ], [ 109.1883717, -7.3328763 ], [ 109.1883082, -7.3328232 ], [ 109.188133, -7.3324504 ], [ 109.1880746, -7.3322694 ], [ 109.188019, -7.3321873 ], [ 109.1879323, -7.3321319 ], [ 109.1878265, -7.3321355 ], [ 109.187717, -7.3321826 ], [ 109.1876449, -7.3322073 ], [ 109.1875382, -7.332226 ], [ 109.18725, -7.3322332 ], [ 109.1870427, -7.3322245 ], [ 109.1869864, -7.3322159 ], [ 109.1869529, -7.332194 ], [ 109.1868741, -7.3321283 ], [ 109.1866953, -7.331998 ], [ 109.186655, -7.3319964 ], [ 109.1866077, -7.3320052 ], [ 109.1865534, -7.3320381 ], [ 109.1865165, -7.3320812 ], [ 109.186424, -7.3322438 ], [ 109.1862702, -7.3324254 ], [ 109.1861115, -7.3326024 ], [ 109.1859209, -7.332816 ], [ 109.1858263, -7.3329308 ], [ 109.1857312, -7.3330629 ], [ 109.1857056, -7.333133 ], [ 109.1856986, -7.3332128 ], [ 109.1856867, -7.333495 ], [ 109.1856956, -7.3339007 ], [ 109.1857137, -7.3339803 ], [ 109.1857578, -7.3342064 ], [ 109.1857941, -7.3343661 ], [ 109.1858169, -7.3344339 ], [ 109.1858224, -7.3345902 ], [ 109.1857982, -7.3347185 ], [ 109.1857506, -7.334846 ], [ 109.1855652, -7.3351502 ], [ 109.1855206, -7.3352346 ], [ 109.1854683, -7.3353504 ], [ 109.1854548, -7.3354115 ], [ 109.1854441, -7.3354927 ], [ 109.1854508, -7.3355645 ], [ 109.1855083, -7.3357706 ], [ 109.1855331, -7.3358844 ], [ 109.1855412, -7.3359456 ], [ 109.1855352, -7.3360039 ], [ 109.1854679, -7.3363719 ], [ 109.1854636, -7.336451 ], [ 109.1854736, -7.3365259 ], [ 109.1854955, -7.3365821 ], [ 109.185526, -7.3366384 ], [ 109.1858135, -7.3369823 ], [ 109.1858541, -7.3370362 ], [ 109.1858908, -7.3371037 ], [ 109.1859156, -7.3371596 ], [ 109.1859205, -7.3371959 ], [ 109.1859189, -7.3372238 ], [ 109.1859075, -7.3372667 ], [ 109.1857641, -7.3374715 ], [ 109.1854769, -7.337808 ], [ 109.1853891, -7.3378922 ], [ 109.1852659, -7.3379876 ], [ 109.185073, -7.3380998 ], [ 109.1850415, -7.3381312 ], [ 109.1849224, -7.3383434 ], [ 109.184802, -7.3385438 ], [ 109.1847615, -7.3387342 ], [ 109.1847574, -7.3389264 ], [ 109.1847548, -7.3397065 ], [ 109.1847883, -7.3400138 ], [ 109.1848674, -7.3403875 ], [ 109.1849694, -7.3408664 ], [ 109.1849811, -7.3409053 ], [ 109.1850136, -7.3410127 ], [ 109.1850418, -7.3410699 ], [ 109.1850901, -7.3411124 ], [ 109.1851591, -7.3411464 ], [ 109.1852438, -7.3411735 ], [ 109.1853563, -7.3411969 ], [ 109.1854776, -7.3412175 ], [ 109.1855729, -7.3412508 ], [ 109.1856533, -7.3413279 ], [ 109.1857687, -7.3414942 ], [ 109.185884, -7.3415806 ], [ 109.1862273, -7.341723 ], [ 109.18657, -7.3418314 ], [ 109.1866035, -7.341856 ], [ 109.1866216, -7.3419112 ], [ 109.1866229, -7.341971 ], [ 109.1864841, -7.3424891 ], [ 109.1864794, -7.3425662 ], [ 109.1864838, -7.3426015 ], [ 109.1864939, -7.3426248 ], [ 109.1865093, -7.3426414 ], [ 109.1865438, -7.3426587 ], [ 109.1867485, -7.3426871 ], [ 109.186837, -7.3427244 ], [ 109.1868952, -7.3427737 ], [ 109.1869282, -7.3428095 ], [ 109.1869448, -7.3428456 ], [ 109.1869529, -7.3428871 ], [ 109.1869579, -7.342931 ], [ 109.1869663, -7.3429925 ], [ 109.1869872, -7.343041 ], [ 109.1870447, -7.3431355 ], [ 109.1870861, -7.3432073 ], [ 109.1871238, -7.3432725 ], [ 109.1871648, -7.3433244 ], [ 109.1872325, -7.3433942 ], [ 109.1873037, -7.3434586 ], [ 109.1874002, -7.3435092 ], [ 109.187478, -7.343565 ], [ 109.1876066, -7.3437274 ], [ 109.1877052, -7.3438072 ], [ 109.1877669, -7.3438285 ], [ 109.187952, -7.3438451 ], [ 109.1880627, -7.3438789 ], [ 109.1881647, -7.3439375 ], [ 109.1883444, -7.3440625 ], [ 109.1883958, -7.344143 ], [ 109.1884356, -7.3442301 ], [ 109.1884911, -7.3443539 ], [ 109.1885133, -7.3444535 ], [ 109.1885132, -7.3445215 ], [ 109.1885059, -7.344572 ], [ 109.1884785, -7.3446849 ], [ 109.1884571, -7.3447701 ], [ 109.1884571, -7.3448632 ], [ 109.1884703, -7.3449445 ], [ 109.1884851, -7.344993 ], [ 109.1885132, -7.3450828 ], [ 109.1886266, -7.3453694 ], [ 109.188638, -7.3454206 ], [ 109.1886394, -7.3454724 ], [ 109.1886152, -7.3455628 ], [ 109.1885749, -7.3456627 ], [ 109.1885321, -7.3457464 ], [ 109.1884717, -7.345843 ], [ 109.1884087, -7.3459166 ], [ 109.1882935, -7.3459965 ], [ 109.1881363, -7.346115 ], [ 109.1880612, -7.3461902 ], [ 109.1879818, -7.3462784 ], [ 109.1878964, -7.3464182 ], [ 109.1877973, -7.3465871 ], [ 109.1877477, -7.3466675 ], [ 109.1876962, -7.3467683 ], [ 109.1876461, -7.3468663 ], [ 109.1874703, -7.3470513 ], [ 109.1873801, -7.3471149 ], [ 109.1872933, -7.3471532 ], [ 109.1871842, -7.3471951 ], [ 109.1871257, -7.347225 ], [ 109.1870685, -7.3472617 ], [ 109.1870228, -7.3473257 ], [ 109.1869952, -7.3473618 ], [ 109.1869397, -7.3474475 ], [ 109.186797, -7.3477339 ], [ 109.1866413, -7.3481494 ], [ 109.186478, -7.3485525 ], [ 109.1864345, -7.3486386 ], [ 109.1864069, -7.3486953 ], [ 109.1863746, -7.3487616 ], [ 109.1862939, -7.3489336 ], [ 109.1862227, -7.3491135 ], [ 109.1861107, -7.3493374 ], [ 109.1859606, -7.3495419 ], [ 109.1859002, -7.3496829 ], [ 109.1858993, -7.3497062 ], [ 109.1858971, -7.3497633 ], [ 109.1858315, -7.349873 ], [ 109.1857818, -7.3499487 ], [ 109.1857571, -7.3499983 ], [ 109.1856799, -7.3501561 ], [ 109.1856239, -7.3502458 ], [ 109.1855481, -7.3503994 ], [ 109.1854625, -7.350609 ], [ 109.1854118, -7.3507309 ], [ 109.1854084, -7.3508555 ], [ 109.1853558, -7.3513203 ], [ 109.1853206, -7.3516985 ], [ 109.1852867, -7.3519646 ], [ 109.1852933, -7.352253 ], [ 109.1852747, -7.3523219 ], [ 109.1852341, -7.3524307 ], [ 109.1849633, -7.3525873 ], [ 109.1848278, -7.3526989 ], [ 109.1846344, -7.3528051 ], [ 109.1841242, -7.3531383 ], [ 109.1838683, -7.3533586 ], [ 109.1837971, -7.3533978 ], [ 109.1837275, -7.3534357 ], [ 109.1836253, -7.3534788 ], [ 109.1835371, -7.3535394 ], [ 109.1834767, -7.353588 ], [ 109.1834231, -7.3536353 ], [ 109.1833735, -7.3536911 ], [ 109.1833159, -7.3537463 ], [ 109.1831927, -7.3538376 ], [ 109.1830325, -7.353968 ], [ 109.1828179, -7.354088 ], [ 109.1819892, -7.3543194 ], [ 109.1819574, -7.3543333 ], [ 109.1819301, -7.3543567 ], [ 109.1819125, -7.3543891 ], [ 109.1819141, -7.3544258 ], [ 109.1819355, -7.354495 ], [ 109.1820213, -7.3546875 ], [ 109.1820589, -7.3547982 ], [ 109.1820728, -7.3549112 ], [ 109.1821179, -7.3551813 ], [ 109.1821715, -7.3553622 ], [ 109.1822788, -7.3555963 ], [ 109.182488, -7.3558357 ], [ 109.1826895, -7.3560467 ], [ 109.1829054, -7.356173 ], [ 109.1831575, -7.3562688 ], [ 109.1832501, -7.3563273 ], [ 109.1832808, -7.3563771 ], [ 109.1833037, -7.3564417 ], [ 109.1833215, -7.3565619 ], [ 109.1833426, -7.3566785 ], [ 109.1836521, -7.3573999 ], [ 109.1836897, -7.3575275 ], [ 109.1836923, -7.3575639 ], [ 109.1836789, -7.357602 ], [ 109.1834322, -7.357735 ], [ 109.1832444, -7.3578468 ], [ 109.1831687, -7.3579144 ], [ 109.1831545, -7.3579616 ], [ 109.1831626, -7.3580058 ], [ 109.1831962, -7.35815 ], [ 109.1833678, -7.3585756 ], [ 109.183618, -7.3591079 ], [ 109.1836428, -7.3591608 ], [ 109.1838774, -7.3597301 ], [ 109.1843334, -7.3607356 ], [ 109.1848806, -7.3619061 ], [ 109.1849396, -7.362071 ], [ 109.1850847, -7.3623691 ], [ 109.1851665, -7.3626677 ], [ 109.1851739, -7.3628812 ], [ 109.18519, -7.3632815 ], [ 109.1852235, -7.3634311 ], [ 109.185251, -7.3635236 ] ] } },
{ "type": "Feature", "properties": { "name": null, "highway": "tertiary", "length": 38.558219132545311, "latitude": -7.31548625, "longitude": 109.23245 }, "geometry": { "type": "LineString", "coordinates": [ [ 109.2326248, -7.3154851 ], [ 109.2322752, -7.3154874 ] ] } },
{ "type": "Feature", "properties": { "name": "Jalan Raya Desa Kemutug Lor", "highway": "tertiary", "length": 2680.0998382305902, "latitude": -7.327265857829893, "longitude": 109.23418679746925 }, "geometry": { "type": "LineString", "coordinates": [ [ 109.2326248, -7.3154851 ], [ 109.2326134, -7.3155416 ], [ 109.2325699, -7.3156022 ], [ 109.2325008, -7.315686 ], [ 109.2324733, -7.3157219 ], [ 109.2324659, -7.3157704 ], [ 109.2325497, -7.3165905 ], [ 109.2325692, -7.316788 ], [ 109.2325967, -7.317068 ], [ 109.2326242, -7.3173341 ], [ 109.2326423, -7.3174358 ], [ 109.232657, -7.3175675 ], [ 109.2326678, -7.317928 ], [ 109.2326785, -7.3182512 ], [ 109.2326879, -7.3184601 ], [ 109.2326932, -7.3185738 ], [ 109.2326906, -7.318647 ], [ 109.2326818, -7.3187101 ], [ 109.2326617, -7.31878 ], [ 109.2326262, -7.3188624 ], [ 109.232592, -7.3189256 ], [ 109.2325678, -7.3189988 ], [ 109.2325571, -7.319064 ], [ 109.2325538, -7.3191897 ], [ 109.2325531, -7.3192662 ], [ 109.2326007, -7.3200729 ], [ 109.2326101, -7.3202106 ], [ 109.2326141, -7.3203276 ], [ 109.2326141, -7.3203762 ], [ 109.2326222, -7.3206688 ], [ 109.2326269, -7.3207872 ], [ 109.2326342, -7.3209196 ], [ 109.2326932, -7.3215235 ], [ 109.2326993, -7.3216119 ], [ 109.2327053, -7.3216884 ], [ 109.2327073, -7.3217775 ], [ 109.232717, -7.3220103 ], [ 109.2327214, -7.3220775 ], [ 109.2327402, -7.3221992 ], [ 109.2327968, -7.3224173 ], [ 109.232832, -7.3225237 ], [ 109.232879, -7.3226594 ], [ 109.2330299, -7.3231197 ], [ 109.2331861, -7.3235905 ], [ 109.2332169, -7.3237129 ], [ 109.2332907, -7.3239736 ], [ 109.2333578, -7.324225 ], [ 109.2335924, -7.3251561 ], [ 109.233693, -7.3255592 ], [ 109.2337225, -7.3256882 ], [ 109.2337514, -7.3258192 ], [ 109.2337668, -7.3258917 ], [ 109.2338117, -7.3260823 ], [ 109.2338499, -7.3262548 ], [ 109.2339995, -7.3270064 ], [ 109.234027, -7.327164 ], [ 109.2340347, -7.3271999 ], [ 109.2340652, -7.3273522 ], [ 109.2340746, -7.3273961 ], [ 109.2340987, -7.3275185 ], [ 109.2341376, -7.3276914 ], [ 109.2341752, -7.3279082 ], [ 109.2342355, -7.3281809 ], [ 109.2342851, -7.3284449 ], [ 109.2343354, -7.3286298 ], [ 109.2345292, -7.3294665 ], [ 109.2345755, -7.3296381 ], [ 109.2346499, -7.3299208 ], [ 109.2349201, -7.3309636 ], [ 109.2351595, -7.3317836 ], [ 109.2351682, -7.3318095 ], [ 109.235238, -7.3320343 ], [ 109.2352769, -7.3321727 ], [ 109.2353144, -7.3323469 ], [ 109.2354003, -7.3326449 ], [ 109.2354271, -7.3327499 ], [ 109.2354331, -7.3327772 ], [ 109.2355605, -7.3333738 ], [ 109.2355981, -7.3335221 ], [ 109.2356591, -7.3338167 ], [ 109.2357215, -7.3340761 ], [ 109.2357375, -7.3341652 ], [ 109.2357563, -7.3343228 ], [ 109.2357557, -7.3343774 ], [ 109.2357476, -7.3348662 ], [ 109.235753, -7.3349859 ], [ 109.235765, -7.3350863 ], [ 109.2358806, -7.3356173 ], [ 109.2359314, -7.3358509 ], [ 109.2361741, -7.3368946 ], [ 109.2363752, -7.3377206 ], [ 109.2364798, -7.3381516 ], [ 109.2366775, -7.3390187 ] ] } },
{ "type": "Feature", "properties": { "name": "Jalan Raya Desa Kemutug Lor", "highway": "tertiary", "length": 39.410336560127661, "latitude": -7.3153401444867541, "longitude": 109.23253381452479 }, "geometry": { "type": "LineString", "coordinates": [ [ 109.2326248, -7.3154851 ], [ 109.2326108, -7.3154252 ], [ 109.2325873, -7.315378 ], [ 109.2325491, -7.3153348 ], [ 109.2324974, -7.3152929 ], [ 109.2324016, -7.3152253 ] ] } },
{ "type": "Feature", "properties": { "name": "Jalan Raya Kedungbanteng", "highway": "secondary", "length": 1748.8926602336392, "latitude": -7.392168790783848, "longitude": 109.2004580179033 }, "geometry": { "type": "LineString", "coordinates": [ [ 109.2017758, -7.3846788 ], [ 109.2017249, -7.3850646 ], [ 109.2017557, -7.385226 ], [ 109.2017395, -7.3853258 ], [ 109.2017271, -7.3854479 ], [ 109.2016679, -7.3855499 ], [ 109.2016383, -7.385778 ], [ 109.2016335, -7.3858432 ], [ 109.201631, -7.3859144 ], [ 109.2015644, -7.3865388 ], [ 109.2014998, -7.3870082 ], [ 109.2014355, -7.3874056 ], [ 109.2014339, -7.3874158 ], [ 109.2013737, -7.3877357 ], [ 109.2013689, -7.3877538 ], [ 109.2013506, -7.3878229 ], [ 109.2013255, -7.3879179 ], [ 109.2012522, -7.3882374 ], [ 109.2012101, -7.3884206 ], [ 109.2011705, -7.3886177 ], [ 109.2011485, -7.3887272 ], [ 109.2010997, -7.3889699 ], [ 109.2010677, -7.3891143 ], [ 109.2010063, -7.3893941 ], [ 109.2009404, -7.389674 ], [ 109.2009154, -7.3897652 ], [ 109.2008638, -7.3899163 ], [ 109.200768, -7.3901362 ], [ 109.2006784, -7.3903082 ], [ 109.2005673, -7.3905293 ], [ 109.2003659, -7.3909449 ], [ 109.2002472, -7.3911723 ], [ 109.2002099, -7.3912601 ], [ 109.2001351, -7.3914238 ], [ 109.2001145, -7.3914689 ], [ 109.2000458, -7.3915973 ], [ 109.1999854, -7.3917105 ], [ 109.19992, -7.3918227 ], [ 109.1998962, -7.3918959 ], [ 109.1998851, -7.3919637 ], [ 109.1998397, -7.3923444 ], [ 109.1998194, -7.3925143 ], [ 109.1998087, -7.392739 ], [ 109.1997886, -7.3930995 ], [ 109.1997708, -7.3934228 ], [ 109.1997604, -7.3936607 ], [ 109.1997255, -7.3942445 ], [ 109.1997229, -7.3943736 ], [ 109.1997296, -7.3944254 ], [ 109.1997631, -7.3945105 ], [ 109.1998087, -7.3946103 ], [ 109.1998704, -7.394734 ], [ 109.1999562, -7.3949082 ], [ 109.2000327, -7.3950704 ], [ 109.2000983, -7.3951955 ], [ 109.20038, -7.3956756 ], [ 109.2004331, -7.3957632 ], [ 109.2004616, -7.3958332 ], [ 109.2004739, -7.3958731 ], [ 109.200475, -7.3959103 ], [ 109.2004685, -7.3959316 ], [ 109.2004608, -7.3959515 ], [ 109.2004432, -7.3959801 ], [ 109.2003711, -7.3960382 ], [ 109.2003271, -7.3960599 ], [ 109.2003019, -7.3960779 ], [ 109.2000306, -7.3962368 ], [ 109.1997242, -7.396419 ], [ 109.1996605, -7.3964643 ], [ 109.1996289, -7.3965008 ], [ 109.199613, -7.3965307 ], [ 109.1996086, -7.3965528 ], [ 109.1995915, -7.3971146 ], [ 109.1995873, -7.3972955 ], [ 109.1995787, -7.3975654 ], [ 109.1995818, -7.3977005 ], [ 109.1995887, -7.3977902 ], [ 109.1996131, -7.3979059 ], [ 109.1999717, -7.399041 ], [ 109.1999835, -7.3990783 ], [ 109.2000885, -7.3993603 ] ] } },
{ "type": "Feature", "properties": { "name": "Jalan Raya Kedungbanteng", "highway": "secondary", "length": 764.2878341552472, "latitude": -7.3814751286039231, "longitude": 109.20293387193767 }, "geometry": { "type": "LineString", "coordinates": [ [ 109.2017758, -7.3846788 ], [ 109.2018482, -7.3843845 ], [ 109.2018743, -7.3842699 ], [ 109.2019229, -7.3840916 ], [ 109.2019394, -7.3840312 ], [ 109.2019415, -7.384018 ], [ 109.2020133, -7.3837569 ], [ 109.2020467, -7.3836373 ], [ 109.2021096, -7.3833851 ], [ 109.2021599, -7.3831832 ], [ 109.2023028, -7.3826904 ], [ 109.2023327, -7.3825874 ], [ 109.2025846, -7.3816412 ], [ 109.202761, -7.3812852 ], [ 109.2029744, -7.3809404 ], [ 109.2032276, -7.3805668 ], [ 109.2035081, -7.3802065 ], [ 109.2037212, -7.3799233 ], [ 109.2039199, -7.3796322 ], [ 109.2041057, -7.3792347 ], [ 109.2045134, -7.3784512 ] ] } },
{ "type": "Feature", "properties": { "name": "Jalan Raya Kedungbanteng", "highway": "secondary", "length": 1067.3930051399543, "latitude": -7.3819383901327909, "longitude": 109.19982956341703 }, "geometry": { "type": "LineString", "coordinates": [ [ 109.2017758, -7.3846788 ], [ 109.2010626, -7.3844653 ], [ 109.2010514, -7.3844618 ], [ 109.2006144, -7.3843242 ], [ 109.2005377, -7.3842903 ], [ 109.2004318, -7.3842667 ], [ 109.2002097, -7.3841927 ], [ 109.200156, -7.3841888 ], [ 109.1999986, -7.3842029 ], [ 109.1996419, -7.3842534 ], [ 109.1992911, -7.384279 ], [ 109.1992266, -7.3842745 ], [ 109.1991478, -7.3842557 ], [ 109.1991103, -7.3842236 ], [ 109.1990851, -7.3841943 ], [ 109.1990611, -7.3841323 ], [ 109.1988839, -7.3832211 ], [ 109.1988853, -7.3831836 ], [ 109.1988851, -7.3831449 ], [ 109.1988565, -7.3830263 ], [ 109.1988392, -7.3829555 ], [ 109.1988686, -7.3828866 ], [ 109.1989309, -7.3827953 ], [ 109.1991136, -7.3825113 ], [ 109.1991891, -7.3823854 ], [ 109.199255, -7.3822468 ], [ 109.1992815, -7.3821599 ], [ 109.1993361, -7.3818914 ], [ 109.1993491, -7.381802 ], [ 109.1994122, -7.3815427 ], [ 109.1994492, -7.381391 ], [ 109.1994667, -7.3813426 ], [ 109.1994871, -7.3812679 ], [ 109.1994872, -7.3812287 ], [ 109.1995408, -7.3809598 ], [ 109.1995821, -7.3808527 ], [ 109.199664, -7.3804178 ], [ 109.199741, -7.3801703 ], [ 109.1998989, -7.3796167 ], [ 109.2000226, -7.3792948 ], [ 109.2000868, -7.3791141 ], [ 109.2001833, -7.3787649 ], [ 109.2002723, -7.3784632 ], [ 109.2003878, -7.378102 ], [ 109.2005587, -7.377704 ] ] } },
{ "type": "Feature", "properties": { "name": null, "highway": "tertiary", "length": 2842.1796867333655, "latitude": -7.3476056950462052, "longitude": 109.25403135149347 }, "geometry": { "type": "LineString", "coordinates": [ [ 109.2530364, -7.3367295 ], [ 109.252335, -7.3382322 ], [ 109.2523103, -7.3382673 ], [ 109.2520217, -7.3387384 ], [ 109.2515887, -7.3394159 ], [ 109.2514925, -7.3395696 ], [ 109.2514193, -7.3397262 ], [ 109.2513184, -7.3399684 ], [ 109.2512661, -7.3401921 ], [ 109.2512557, -7.3403836 ], [ 109.2512535, -7.3405418 ], [ 109.2512736, -7.3408052 ], [ 109.2512849, -7.3408946 ], [ 109.2512969, -7.3410674 ], [ 109.2512975, -7.3414185 ], [ 109.251302, -7.3416084 ], [ 109.2512883, -7.3418074 ], [ 109.2512473, -7.3420245 ], [ 109.2512031, -7.3422692 ], [ 109.2511618, -7.3423943 ], [ 109.2510499, -7.3427956 ], [ 109.2510241, -7.342944 ], [ 109.2511046, -7.3431648 ], [ 109.2511421, -7.3432526 ], [ 109.2511939, -7.3432947 ], [ 109.2513395, -7.3434044 ], [ 109.2515447, -7.3435467 ], [ 109.2515935, -7.343587 ], [ 109.25164, -7.3436317 ], [ 109.2517751, -7.3438485 ], [ 109.2520192, -7.3441491 ], [ 109.252274, -7.3444736 ], [ 109.2525208, -7.3448141 ], [ 109.2527246, -7.3450003 ], [ 109.2529445, -7.345146 ], [ 109.2531712, -7.3452504 ], [ 109.2533228, -7.3453568 ], [ 109.253359, -7.3454313 ], [ 109.2534006, -7.3455696 ], [ 109.2534515, -7.3457931 ], [ 109.2535132, -7.3459553 ], [ 109.2535318, -7.3460337 ], [ 109.2536186, -7.3461955 ], [ 109.2538677, -7.3465684 ], [ 109.2544301, -7.3474392 ], [ 109.2548664, -7.3481367 ], [ 109.2548828, -7.3482015 ], [ 109.2549011, -7.3483282 ], [ 109.2549186, -7.3484289 ], [ 109.2549636, -7.3485096 ], [ 109.2550716, -7.3486288 ], [ 109.2552339, -7.3487487 ], [ 109.2553307, -7.3487989 ], [ 109.2555252, -7.348894 ], [ 109.2559152, -7.349019 ], [ 109.256038, -7.3490759 ], [ 109.2561311, -7.3491278 ], [ 109.2562276, -7.3492393 ], [ 109.2564696, -7.3496057 ], [ 109.2565305, -7.3496935 ], [ 109.2566327, -7.34981 ], [ 109.2567882, -7.3499352 ], [ 109.2569132, -7.3500702 ], [ 109.2569746, -7.3501531 ], [ 109.2570819, -7.3503579 ], [ 109.2572319, -7.35072 ], [ 109.2572522, -7.3508368 ], [ 109.2572557, -7.3509179 ], [ 109.2572308, -7.350999 ], [ 109.2571855, -7.3510528 ], [ 109.2569822, -7.3512988 ], [ 109.2568693, -7.351412 ], [ 109.2566289, -7.3516865 ], [ 109.2565909, -7.3517817 ], [ 109.2565909, -7.3518581 ], [ 109.2566034, -7.3521073 ], [ 109.2566018, -7.3522028 ], [ 109.2565882, -7.3522739 ], [ 109.2565152, -7.3524864 ], [ 109.2564288, -7.3526843 ], [ 109.2563604, -7.3527909 ], [ 109.2563237, -7.3528482 ], [ 109.2559506, -7.3534453 ], [ 109.2556543, -7.3539581 ], [ 109.2555242, -7.3542414 ], [ 109.2553283, -7.3548056 ], [ 109.2553116, -7.3548536 ], [ 109.255032, -7.3556611 ], [ 109.2549907, -7.3558476 ], [ 109.2549415, -7.3561263 ], [ 109.2549026, -7.3563674 ], [ 109.2548657, -7.3569478 ], [ 109.2548383, -7.3575356 ], [ 109.2548476, -7.3579167 ], [ 109.2548513, -7.3583954 ], [ 109.2548579, -7.3585906 ], [ 109.2548718, -7.3586563 ], [ 109.2549029, -7.3587206 ] ] } },
{ "type": "Feature", "properties": { "name": null, "highway": "tertiary", "length": 2447.9546630076684, "latitude": -7.3259372883536651, "longitude": 109.25397835794826 }, "geometry": { "type": "LineString", "coordinates": [ [ 109.2530364, -7.3367295 ], [ 109.2536849, -7.3355974 ], [ 109.2537198, -7.3355126 ], [ 109.253737, -7.3354553 ], [ 109.2537466, -7.3353876 ], [ 109.2537553, -7.335276 ], [ 109.2537918, -7.3350282 ], [ 109.2538327, -7.3347637 ], [ 109.2538625, -7.33459 ], [ 109.2539069, -7.3344119 ], [ 109.2539451, -7.3342208 ], [ 109.2539628, -7.3341299 ], [ 109.254039, -7.3336172 ], [ 109.2540649, -7.3333829 ], [ 109.2540645, -7.3333533 ], [ 109.2540738, -7.3331942 ], [ 109.2540792, -7.3330905 ], [ 109.2540813, -7.3330501 ], [ 109.2541409, -7.3325018 ], [ 109.2541455, -7.3324069 ], [ 109.2541586, -7.3322584 ], [ 109.2541747, -7.3320363 ], [ 109.2541704, -7.3307922 ], [ 109.2541761, -7.3304885 ], [ 109.2541626, -7.3296735 ], [ 109.2541895, -7.3280799 ], [ 109.2542275, -7.3266211 ], [ 109.2542248, -7.3262125 ], [ 109.2541537, -7.3254279 ], [ 109.2541361, -7.3250017 ], [ 109.2541419, -7.3246688 ], [ 109.2541539, -7.3243911 ], [ 109.2541552, -7.3243622 ], [ 109.2541571, -7.3243165 ], [ 109.2541669, -7.3240902 ], [ 109.2541874, -7.3235992 ], [ 109.254212, -7.3230471 ], [ 109.254202, -7.3226333 ], [ 109.2542018, -7.3220609 ], [ 109.2541958, -7.3218179 ], [ 109.2541942, -7.3217546 ], [ 109.2541919, -7.3216613 ], [ 109.2541811, -7.3215354 ], [ 109.2541175, -7.3210184 ], [ 109.2540631, -7.3205192 ], [ 109.254036, -7.3203068 ], [ 109.2538582, -7.3193028 ], [ 109.253808, -7.3189681 ], [ 109.2537828, -7.3188312 ], [ 109.253771, -7.3186904 ], [ 109.253801, -7.3185701 ], [ 109.2537865, -7.3179858 ], [ 109.2536747, -7.3171406 ], [ 109.2535557, -7.3163656 ], [ 109.2535092, -7.3160631 ], [ 109.2534663, -7.3158077 ], [ 109.253384, -7.3152861 ], [ 109.2533295, -7.3150009 ] ] } },
{ "type": "Feature", "properties": { "name": "Jalan Projo Tarmeja", "highway": "tertiary", "length": 2050.7180886765987, "latitude": -7.3364185694111415, "longitude": 109.24450147848502 }, "geometry": { "type": "LineString", "coordinates": [ [ 109.2530364, -7.3367295 ], [ 109.2525625, -7.3366018 ], [ 109.2523178, -7.3365201 ], [ 109.252169, -7.3364565 ], [ 109.251969, -7.3363533 ], [ 109.2517942, -7.3362455 ], [ 109.2517231, -7.3362071 ], [ 109.2516645, -7.3361851 ], [ 109.2515728, -7.3361628 ], [ 109.251284, -7.3361178 ], [ 109.2510866, -7.3360806 ], [ 109.250653, -7.3359898 ], [ 109.2499069, -7.3358931 ], [ 109.2494875, -7.3358334 ], [ 109.2492372, -7.3358064 ], [ 109.248841, -7.335752 ], [ 109.2486404, -7.3357245 ], [ 109.2484099, -7.3356956 ], [ 109.2482583, -7.3356866 ], [ 109.2482043, -7.3356834 ], [ 109.2481398, -7.3356914 ], [ 109.2480991, -7.3356996 ], [ 109.2480432, -7.3357118 ], [ 109.2479827, -7.3357392 ], [ 109.2479112, -7.3357696 ], [ 109.2476041, -7.3360012 ], [ 109.2474794, -7.3360795 ], [ 109.2472959, -7.3361946 ], [ 109.2472179, -7.3362559 ], [ 109.2471773, -7.336273 ], [ 109.2471026, -7.3362784 ], [ 109.2470921, -7.3362822 ], [ 109.2470186, -7.3362756 ], [ 109.2469461, -7.3362678 ], [ 109.2466761, -7.3362417 ], [ 109.2464941, -7.3362104 ], [ 109.2461852, -7.3361705 ], [ 109.246135, -7.336161 ], [ 109.245872, -7.3361119 ], [ 109.2455825, -7.336048 ], [ 109.2450759, -7.3359276 ], [ 109.2450334, -7.3359216 ], [ 109.2444427, -7.3357746 ], [ 109.2439334, -7.3356432 ], [ 109.243606, -7.33556 ], [ 109.243353, -7.3354897 ], [ 109.2432105, -7.3354433 ], [ 109.2430841, -7.3353882 ], [ 109.242957, -7.3353257 ], [ 109.2429114, -7.3352937 ], [ 109.2428743, -7.3352544 ], [ 109.2426835, -7.33498 ], [ 109.2426363, -7.3349534 ], [ 109.2425981, -7.334947 ], [ 109.2425548, -7.3349535 ], [ 109.2425001, -7.3349823 ], [ 109.2424174, -7.3350393 ], [ 109.242203, -7.3351985 ], [ 109.2421755, -7.3352184 ], [ 109.2420789, -7.3352884 ], [ 109.2420364, -7.3353191 ], [ 109.2420017, -7.3353538 ], [ 109.2419224, -7.3354334 ], [ 109.2417952, -7.335564 ], [ 109.2415957, -7.3357716 ], [ 109.2414677, -7.3359184 ], [ 109.2413601, -7.3360261 ], [ 109.2412153, -7.3362881 ], [ 109.2411683, -7.3363559 ], [ 109.2410872, -7.3364404 ], [ 109.241053, -7.3364743 ], [ 109.2410195, -7.3365016 ], [ 109.2409793, -7.3365288 ], [ 109.2408639, -7.3365887 ], [ 109.2404123, -7.3367734 ], [ 109.2401597, -7.336858 ], [ 109.2397005, -7.3370114 ], [ 109.2395868, -7.3370528 ], [ 109.2394873, -7.3370978 ], [ 109.2394318, -7.3371446 ], [ 109.2393455, -7.3372698 ], [ 109.2392095, -7.3374704 ], [ 109.2391002, -7.3376881 ], [ 109.2390516, -7.3378019 ], [ 109.2390065, -7.3378788 ], [ 109.2389618, -7.3379236 ], [ 109.2389147, -7.3379576 ], [ 109.2388663, -7.3379776 ], [ 109.2387984, -7.3379976 ], [ 109.2387235, -7.3380037 ], [ 109.2386563, -7.3379991 ], [ 109.2385005, -7.3379885 ], [ 109.2384072, -7.3379894 ], [ 109.238366, -7.3380003 ], [ 109.2383438, -7.3380075 ], [ 109.2383271, -7.3380159 ], [ 109.2383101, -7.3380275 ], [ 109.2382892, -7.3380524 ], [ 109.2382408, -7.3381139 ], [ 109.2381817, -7.3381953 ], [ 109.2381125, -7.3382677 ], [ 109.2380109, -7.3383454 ], [ 109.2379083, -7.3383931 ], [ 109.2377537, -7.3384421 ], [ 109.2376285, -7.3384837 ], [ 109.2374928, -7.3385376 ], [ 109.2372799, -7.338646 ], [ 109.2369787, -7.3388205 ], [ 109.2366775, -7.3390187 ] ] } },
{ "type": "Feature", "properties": { "name": "Jalan Projo Tarmeja", "highway": "tertiary", "length": 2050.7180886765977, "latitude": -7.3364185694111406, "longitude": 109.24450147848501 }, "geometry": { "type": "LineString", "coordinates": [ [ 109.2366775, -7.3390187 ], [ 109.2369787, -7.3388205 ], [ 109.2372799, -7.338646 ], [ 109.2374928, -7.3385376 ], [ 109.2376285, -7.3384837 ], [ 109.2377537, -7.3384421 ], [ 109.2379083, -7.3383931 ], [ 109.2380109, -7.3383454 ], [ 109.2381125, -7.3382677 ], [ 109.2381817, -7.3381953 ], [ 109.2382408, -7.3381139 ], [ 109.2382892, -7.3380524 ], [ 109.2383101, -7.3380275 ], [ 109.2383271, -7.3380159 ], [ 109.2383438, -7.3380075 ], [ 109.238366, -7.3380003 ], [ 109.2384072, -7.3379894 ], [ 109.2385005, -7.3379885 ], [ 109.2386563, -7.3379991 ], [ 109.2387235, -7.3380037 ], [ 109.2387984, -7.3379976 ], [ 109.2388663, -7.3379776 ], [ 109.2389147, -7.3379576 ], [ 109.2389618, -7.3379236 ], [ 109.2390065, -7.3378788 ], [ 109.2390516, -7.3378019 ], [ 109.2391002, -7.3376881 ], [ 109.2392095, -7.3374704 ], [ 109.2393455, -7.3372698 ], [ 109.2394318, -7.3371446 ], [ 109.2394873, -7.3370978 ], [ 109.2395868, -7.3370528 ], [ 109.2397005, -7.3370114 ], [ 109.2401597, -7.336858 ], [ 109.2404123, -7.3367734 ], [ 109.2408639, -7.3365887 ], [ 109.2409793, -7.3365288 ], [ 109.2410195, -7.3365016 ], [ 109.241053, -7.3364743 ], [ 109.2410872, -7.3364404 ], [ 109.2411683, -7.3363559 ], [ 109.2412153, -7.3362881 ], [ 109.2413601, -7.3360261 ], [ 109.2414677, -7.3359184 ], [ 109.2415957, -7.3357716 ], [ 109.2417952, -7.335564 ], [ 109.2419224, -7.3354334 ], [ 109.2420017, -7.3353538 ], [ 109.2420364, -7.3353191 ], [ 109.2420789, -7.3352884 ], [ 109.2421755, -7.3352184 ], [ 109.242203, -7.3351985 ], [ 109.2424174, -7.3350393 ], [ 109.2425001, -7.3349823 ], [ 109.2425548, -7.3349535 ], [ 109.2425981, -7.334947 ], [ 109.2426363, -7.3349534 ], [ 109.2426835, -7.33498 ], [ 109.2428743, -7.3352544 ], [ 109.2429114, -7.3352937 ], [ 109.242957, -7.3353257 ], [ 109.2430841, -7.3353882 ], [ 109.2432105, -7.3354433 ], [ 109.243353, -7.3354897 ], [ 109.243606, -7.33556 ], [ 109.2439334, -7.3356432 ], [ 109.2444427, -7.3357746 ], [ 109.2450334, -7.3359216 ], [ 109.2450759, -7.3359276 ], [ 109.2455825, -7.336048 ], [ 109.245872, -7.3361119 ], [ 109.246135, -7.336161 ], [ 109.2461852, -7.3361705 ], [ 109.2464941, -7.3362104 ], [ 109.2466761, -7.3362417 ], [ 109.2469461, -7.3362678 ], [ 109.2470186, -7.3362756 ], [ 109.2470921, -7.3362822 ], [ 109.2471026, -7.3362784 ], [ 109.2471773, -7.336273 ], [ 109.2472179, -7.3362559 ], [ 109.2472959, -7.3361946 ], [ 109.2474794, -7.3360795 ], [ 109.2476041, -7.3360012 ], [ 109.2479112, -7.3357696 ], [ 109.2479827, -7.3357392 ], [ 109.2480432, -7.3357118 ], [ 109.2480991, -7.3356996 ], [ 109.2481398, -7.3356914 ], [ 109.2482043, -7.3356834 ], [ 109.2482583, -7.3356866 ], [ 109.2484099, -7.3356956 ], [ 109.2486404, -7.3357245 ], [ 109.248841, -7.335752 ], [ 109.2492372, -7.3358064 ], [ 109.2494875, -7.3358334 ], [ 109.2499069, -7.3358931 ], [ 109.250653, -7.3359898 ], [ 109.2510866, -7.3360806 ], [ 109.251284, -7.3361178 ], [ 109.2515728, -7.3361628 ], [ 109.2516645, -7.3361851 ], [ 109.2517231, -7.3362071 ], [ 109.2517942, -7.3362455 ], [ 109.251969, -7.3363533 ], [ 109.252169, -7.3364565 ], [ 109.2523178, -7.3365201 ], [ 109.2525625, -7.3366018 ], [ 109.2530364, -7.3367295 ] ] } },
{ "type": "Feature", "properties": { "name": "Jalan Raya Desa Kemutug Lor", "highway": "tertiary", "length": 1103.7329193525375, "latitude": -7.3428082636670942, "longitude": 109.23653236119641 }, "geometry": { "type": "LineString", "coordinates": [ [ 109.2366775, -7.3390187 ], [ 109.2367092, -7.3392159 ], [ 109.2368425, -7.3397621 ], [ 109.2369931, -7.3403109 ], [ 109.2370809, -7.3406604 ], [ 109.2371213, -7.3408132 ], [ 109.2371584, -7.3408955 ], [ 109.2372526, -7.3411155 ], [ 109.2373512, -7.3413691 ], [ 109.2373677, -7.3414613 ], [ 109.2374248, -7.3418811 ], [ 109.2374223, -7.3419394 ], [ 109.2374786, -7.3422952 ], [ 109.2375249, -7.3426308 ], [ 109.23756, -7.3429188 ], [ 109.2375585, -7.3431959 ], [ 109.2375486, -7.3433321 ], [ 109.237552, -7.3436624 ], [ 109.2375508, -7.3438109 ], [ 109.2375472, -7.3438568 ], [ 109.2375247, -7.3439014 ], [ 109.2375002, -7.3439365 ], [ 109.2374391, -7.3439721 ], [ 109.2373696, -7.3440003 ], [ 109.2370753, -7.3440161 ], [ 109.2368519, -7.3440304 ], [ 109.236756, -7.3440309 ], [ 109.2366718, -7.3440303 ], [ 109.2365562, -7.3440238 ], [ 109.2364811, -7.3440198 ], [ 109.2363578, -7.3440075 ], [ 109.236275, -7.3439692 ], [ 109.2362221, -7.3439181 ], [ 109.2360379, -7.3437263 ], [ 109.2358982, -7.3435649 ], [ 109.2356777, -7.3433369 ], [ 109.2356339, -7.3433287 ], [ 109.2355837, -7.3433303 ], [ 109.2355272, -7.3433489 ], [ 109.2354699, -7.3433934 ], [ 109.2354489, -7.34344 ], [ 109.2354397, -7.3435072 ], [ 109.2354748, -7.3436638 ], [ 109.2355079, -7.3437698 ], [ 109.2355388, -7.3438703 ], [ 109.2355603, -7.3439504 ], [ 109.2355619, -7.3440229 ], [ 109.2355452, -7.3441166 ], [ 109.2354772, -7.3444014 ], [ 109.2354414, -7.3445356 ], [ 109.2354124, -7.3446152 ], [ 109.2352841, -7.3448045 ], [ 109.2351375, -7.3450363 ], [ 109.2350183, -7.3451099 ], [ 109.2344102, -7.3453392 ] ] } },
{ "type": "Feature", "properties": { "name": "Jalan Raya Desa Kemutug Lor", "highway": "tertiary", "length": 2680.0998382305884, "latitude": -7.3272658578298939, "longitude": 109.23418679746922 }, "geometry": { "type": "LineString", "coordinates": [ [ 109.2366775, -7.3390187 ], [ 109.2364798, -7.3381516 ], [ 109.2363752, -7.3377206 ], [ 109.2361741, -7.3368946 ], [ 109.2359314, -7.3358509 ], [ 109.2358806, -7.3356173 ], [ 109.235765, -7.3350863 ], [ 109.235753, -7.3349859 ], [ 109.2357476, -7.3348662 ], [ 109.2357557, -7.3343774 ], [ 109.2357563, -7.3343228 ], [ 109.2357375, -7.3341652 ], [ 109.2357215, -7.3340761 ], [ 109.2356591, -7.3338167 ], [ 109.2355981, -7.3335221 ], [ 109.2355605, -7.3333738 ], [ 109.2354331, -7.3327772 ], [ 109.2354271, -7.3327499 ], [ 109.2354003, -7.3326449 ], [ 109.2353144, -7.3323469 ], [ 109.2352769, -7.3321727 ], [ 109.235238, -7.3320343 ], [ 109.2351682, -7.3318095 ], [ 109.2351595, -7.3317836 ], [ 109.2349201, -7.3309636 ], [ 109.2346499, -7.3299208 ], [ 109.2345755, -7.3296381 ], [ 109.2345292, -7.3294665 ], [ 109.2343354, -7.3286298 ], [ 109.2342851, -7.3284449 ], [ 109.2342355, -7.3281809 ], [ 109.2341752, -7.3279082 ], [ 109.2341376, -7.3276914 ], [ 109.2340987, -7.3275185 ], [ 109.2340746, -7.3273961 ], [ 109.2340652, -7.3273522 ], [ 109.2340347, -7.3271999 ], [ 109.234027, -7.327164 ], [ 109.2339995, -7.3270064 ], [ 109.2338499, -7.3262548 ], [ 109.2338117, -7.3260823 ], [ 109.2337668, -7.3258917 ], [ 109.2337514, -7.3258192 ], [ 109.2337225, -7.3256882 ], [ 109.233693, -7.3255592 ], [ 109.2335924, -7.3251561 ], [ 109.2333578, -7.324225 ], [ 109.2332907, -7.3239736 ], [ 109.2332169, -7.3237129 ], [ 109.2331861, -7.3235905 ], [ 109.2330299, -7.3231197 ], [ 109.232879, -7.3226594 ], [ 109.232832, -7.3225237 ], [ 109.2327968, -7.3224173 ], [ 109.2327402, -7.3221992 ], [ 109.2327214, -7.3220775 ], [ 109.232717, -7.3220103 ], [ 109.2327073, -7.3217775 ], [ 109.2327053, -7.3216884 ], [ 109.2326993, -7.3216119 ], [ 109.2326932, -7.3215235 ], [ 109.2326342, -7.3209196 ], [ 109.2326269, -7.3207872 ], [ 109.2326222, -7.3206688 ], [ 109.2326141, -7.3203762 ], [ 109.2326141, -7.3203276 ], [ 109.2326101, -7.3202106 ], [ 109.2326007, -7.3200729 ], [ 109.2325531, -7.3192662 ], [ 109.2325538, -7.3191897 ], [ 109.2325571, -7.319064 ], [ 109.2325678, -7.3189988 ], [ 109.232592, -7.3189256 ], [ 109.2326262, -7.3188624 ], [ 109.2326617, -7.31878 ], [ 109.2326818, -7.3187101 ], [ 109.2326906, -7.318647 ], [ 109.2326932, -7.3185738 ], [ 109.2326879, -7.3184601 ], [ 109.2326785, -7.3182512 ], [ 109.2326678, -7.317928 ], [ 109.232657, -7.3175675 ], [ 109.2326423, -7.3174358 ], [ 109.2326242, -7.3173341 ], [ 109.2325967, -7.317068 ], [ 109.2325692, -7.316788 ], [ 109.2325497, -7.3165905 ], [ 109.2324659, -7.3157704 ], [ 109.2324733, -7.3157219 ], [ 109.2325008, -7.315686 ], [ 109.2325699, -7.3156022 ], [ 109.2326134, -7.3155416 ], [ 109.2326248, -7.3154851 ] ] } },
{ "type": "Feature", "properties": { "name": null, "highway": "tertiary", "length": 1389.0957127976649, "latitude": -7.4645723568059177, "longitude": 109.30535033794315 }, "geometry": { "type": "LineString", "coordinates": [ [ 109.3107006, -7.4632956 ], [ 109.3105263, -7.4633195 ], [ 109.310419, -7.4633581 ], [ 109.3103144, -7.4634272 ], [ 109.3102111, -7.4635243 ], [ 109.310136, -7.4636054 ], [ 109.3100635, -7.4636958 ], [ 109.3099965, -7.4637663 ], [ 109.3098063, -7.4639643 ], [ 109.3097471, -7.4640469 ], [ 109.3096653, -7.4641825 ], [ 109.3096063, -7.4642982 ], [ 109.3095714, -7.4644019 ], [ 109.3095486, -7.4645176 ], [ 109.3095191, -7.4647436 ], [ 109.3094788, -7.4648394 ], [ 109.30944, -7.4649165 ], [ 109.3093729, -7.4650083 ], [ 109.309271, -7.465092 ], [ 109.3090321, -7.4652344 ], [ 109.3067686, -7.464968 ], [ 109.3014002, -7.4643812 ], [ 109.3007868, -7.4643096 ], [ 109.3006144, -7.4642795 ], [ 109.3001488, -7.4642166 ], [ 109.2996816, -7.4641571 ], [ 109.2992249, -7.4641253 ] ] } },
{ "type": "Feature", "properties": { "name": "Jalan Teuku Umar", "highway": "secondary", "length": 1156.0100584976642, "latitude": -7.4605488677633565, "longitude": 109.30626124973047 }, "geometry": { "type": "LineString", "coordinates": [ [ 109.3107006, -7.4632956 ], [ 109.3094852, -7.4626061 ], [ 109.3092297, -7.4624477 ], [ 109.3091107, -7.4623813 ], [ 109.3084213, -7.4619247 ], [ 109.3083698, -7.4618915 ], [ 109.3080758, -7.4617019 ], [ 109.3076819, -7.461437 ], [ 109.3074707, -7.4612949 ], [ 109.3070155, -7.4609908 ], [ 109.3065059, -7.4606574 ], [ 109.3063048, -7.4605408 ], [ 109.3050921, -7.4597143 ], [ 109.3040287, -7.4589987 ], [ 109.3039817, -7.4589712 ], [ 109.3039762, -7.4589676 ], [ 109.3035643, -7.4586968 ], [ 109.3034149, -7.4586414 ], [ 109.30326, -7.4585886 ], [ 109.3031352, -7.4585598 ], [ 109.3029706, -7.4585289 ], [ 109.3029058, -7.4585122 ], [ 109.30272, -7.4584644 ], [ 109.3017824, -7.458223 ], [ 109.3016669, -7.4581799 ] ] } },
{ "type": "Feature", "properties": { "name": null, "highway": "tertiary", "length": 519.03007916980516, "latitude": -7.3594937135367129, "longitude": 109.25270705825335 }, "geometry": { "type": "LineString", "coordinates": [ [ 109.2549029, -7.3587206 ], [ 109.2540531, -7.3591273 ], [ 109.2538498, -7.3592322 ], [ 109.253583, -7.3593279 ], [ 109.2527098, -7.359498 ], [ 109.251926, -7.3596099 ], [ 109.2517792, -7.3596511 ], [ 109.2516571, -7.359721 ], [ 109.251519, -7.359826 ], [ 109.2514315, -7.3598906 ], [ 109.2513929, -7.3599145 ], [ 109.2513365, -7.3599423 ], [ 109.2509465, -7.3600729 ], [ 109.2506754, -7.3601366 ], [ 109.2504925, -7.3601975 ] ] } },
{ "type": "Feature", "properties": { "name": null, "highway": "tertiary", "length": 834.59765195011266, "latitude": -7.3613678710067587, "longitude": 109.25743529218948 }, "geometry": { "type": "LineString", "coordinates": [ [ 109.2549029, -7.3587206 ], [ 109.2550045, -7.3588531 ], [ 109.2551677, -7.3590441 ], [ 109.2557711, -7.3597193 ], [ 109.2565092, -7.360666 ], [ 109.256588, -7.360771 ], [ 109.2568378, -7.3610969 ], [ 109.2575429, -7.3619411 ], [ 109.2576996, -7.3621364 ], [ 109.2579196, -7.3623968 ], [ 109.2581658, -7.3626908 ], [ 109.2582297, -7.3627224 ], [ 109.2583394, -7.3627365 ], [ 109.2586988, -7.3627503 ], [ 109.2588319, -7.3627588 ], [ 109.2601797, -7.362845 ], [ 109.2605557, -7.3628552 ] ] } },
{ "type": "Feature", "properties": { "name": null, "highway": "tertiary", "length": 2842.1796867333646, "latitude": -7.3476056950462052, "longitude": 109.25403135149345 }, "geometry": { "type": "LineString", "coordinates": [ [ 109.2549029, -7.3587206 ], [ 109.2548718, -7.3586563 ], [ 109.2548579, -7.3585906 ], [ 109.2548513, -7.3583954 ], [ 109.2548476, -7.3579167 ], [ 109.2548383, -7.3575356 ], [ 109.2548657, -7.3569478 ], [ 109.2549026, -7.3563674 ], [ 109.2549415, -7.3561263 ], [ 109.2549907, -7.3558476 ], [ 109.255032, -7.3556611 ], [ 109.2553116, -7.3548536 ], [ 109.2553283, -7.3548056 ], [ 109.2555242, -7.3542414 ], [ 109.2556543, -7.3539581 ], [ 109.2559506, -7.3534453 ], [ 109.2563237, -7.3528482 ], [ 109.2563604, -7.3527909 ], [ 109.2564288, -7.3526843 ], [ 109.2565152, -7.3524864 ], [ 109.2565882, -7.3522739 ], [ 109.2566018, -7.3522028 ], [ 109.2566034, -7.3521073 ], [ 109.2565909, -7.3518581 ], [ 109.2565909, -7.3517817 ], [ 109.2566289, -7.3516865 ], [ 109.2568693, -7.351412 ], [ 109.2569822, -7.3512988 ], [ 109.2571855, -7.3510528 ], [ 109.2572308, -7.350999 ], [ 109.2572557, -7.3509179 ], [ 109.2572522, -7.3508368 ], [ 109.2572319, -7.35072 ], [ 109.2570819, -7.3503579 ], [ 109.2569746, -7.3501531 ], [ 109.2569132, -7.3500702 ], [ 109.2567882, -7.3499352 ], [ 109.2566327, -7.34981 ], [ 109.2565305, -7.3496935 ], [ 109.2564696, -7.3496057 ], [ 109.2562276, -7.3492393 ], [ 109.2561311, -7.3491278 ], [ 109.256038, -7.3490759 ], [ 109.2559152, -7.349019 ], [ 109.2555252, -7.348894 ], [ 109.2553307, -7.3487989 ], [ 109.2552339, -7.3487487 ], [ 109.2550716, -7.3486288 ], [ 109.2549636, -7.3485096 ], [ 109.2549186, -7.3484289 ], [ 109.2549011, -7.3483282 ], [ 109.2548828, -7.3482015 ], [ 109.2548664, -7.3481367 ], [ 109.2544301, -7.3474392 ], [ 109.2538677, -7.3465684 ], [ 109.2536186, -7.3461955 ], [ 109.2535318, -7.3460337 ], [ 109.2535132, -7.3459553 ], [ 109.2534515, -7.3457931 ], [ 109.2534006, -7.3455696 ], [ 109.253359, -7.3454313 ], [ 109.2533228, -7.3453568 ], [ 109.2531712, -7.3452504 ], [ 109.2529445, -7.345146 ], [ 109.2527246, -7.3450003 ], [ 109.2525208, -7.3448141 ], [ 109.252274, -7.3444736 ], [ 109.2520192, -7.3441491 ], [ 109.2517751, -7.3438485 ], [ 109.25164, -7.3436317 ], [ 109.2515935, -7.343587 ], [ 109.2515447, -7.3435467 ], [ 109.2513395, -7.3434044 ], [ 109.2511939, -7.3432947 ], [ 109.2511421, -7.3432526 ], [ 109.2511046, -7.3431648 ], [ 109.2510241, -7.342944 ], [ 109.2510499, -7.3427956 ], [ 109.2511618, -7.3423943 ], [ 109.2512031, -7.3422692 ], [ 109.2512473, -7.3420245 ], [ 109.2512883, -7.3418074 ], [ 109.251302, -7.3416084 ], [ 109.2512975, -7.3414185 ], [ 109.2512969, -7.3410674 ], [ 109.2512849, -7.3408946 ], [ 109.2512736, -7.3408052 ], [ 109.2512535, -7.3405418 ], [ 109.2512557, -7.3403836 ], [ 109.2512661, -7.3401921 ], [ 109.2513184, -7.3399684 ], [ 109.2514193, -7.3397262 ], [ 109.2514925, -7.3395696 ], [ 109.2515887, -7.3394159 ], [ 109.2520217, -7.3387384 ], [ 109.2523103, -7.3382673 ], [ 109.252335, -7.3382322 ], [ 109.2530364, -7.3367295 ] ] } },
{ "type": "Feature", "properties": { "name": null, "highway": "tertiary", "length": 15.134945342794015, "latitude": -7.3628603952797418, "longitude": 109.26062829051342 }, "geometry": { "type": "LineString", "coordinates": [ [ 109.260605, -7.3628141 ], [ 109.2606156, -7.3628166 ], [ 109.2606252, -7.3628216 ], [ 109.2606333, -7.3628288 ], [ 109.2606395, -7.3628377 ], [ 109.2606433, -7.3628478 ], [ 109.2606444, -7.3628585 ], [ 109.2606419, -7.3628726 ], [ 109.2606349, -7.3628851 ], [ 109.2606243, -7.3628947 ], [ 109.2606111, -7.3629005 ], [ 109.2605968, -7.3629018 ] ] } },
{ "type": "Feature", "properties": { "name": null, "highway": "tertiary", "length": 3219.1299851472486, "latitude": -7.3512405104281351, "longitude": 109.26484768853635 }, "geometry": { "type": "LineString", "coordinates": [ [ 109.260605, -7.3628141 ], [ 109.2605542, -7.3615941 ], [ 109.2604693, -7.3601038 ], [ 109.2604617, -7.3598723 ], [ 109.2604252, -7.3591926 ], [ 109.2603875, -7.3579879 ], [ 109.260364, -7.357645 ], [ 109.2603648, -7.3574378 ], [ 109.2603492, -7.3568062 ], [ 109.2603777, -7.3564289 ], [ 109.2603958, -7.3560294 ], [ 109.2604493, -7.3556522 ], [ 109.2604851, -7.3554548 ], [ 109.2605276, -7.3552539 ], [ 109.2606782, -7.3548641 ], [ 109.2610476, -7.3537949 ], [ 109.2611436, -7.3535537 ], [ 109.2613062, -7.3533218 ], [ 109.2615062, -7.3530367 ], [ 109.2620519, -7.3523985 ], [ 109.2627375, -7.3515612 ], [ 109.2630287, -7.3511653 ], [ 109.2631155, -7.3510203 ], [ 109.2632517, -7.3507473 ], [ 109.2633598, -7.3505206 ], [ 109.2638018, -7.3495069 ], [ 109.2638186, -7.3494724 ], [ 109.2639031, -7.3495155 ], [ 109.2641161, -7.3496421 ], [ 109.2642893, -7.3497505 ], [ 109.2643486, -7.3496084 ], [ 109.2644379, -7.349379 ], [ 109.2645721, -7.3489914 ], [ 109.2647517, -7.3484985 ], [ 109.2648965, -7.3480365 ], [ 109.2649509, -7.3477804 ], [ 109.2650668, -7.3472676 ], [ 109.2651205, -7.3469992 ], [ 109.2651656, -7.3467266 ], [ 109.2652183, -7.3464676 ], [ 109.26526, -7.3463225 ], [ 109.2653146, -7.3461854 ], [ 109.265471, -7.3459519 ], [ 109.2655262, -7.3458799 ], [ 109.2656261, -7.34568 ], [ 109.2656993, -7.3454936 ], [ 109.2658072, -7.3451418 ], [ 109.2665849, -7.3453682 ], [ 109.2670437, -7.345468 ], [ 109.2674855, -7.3455639 ], [ 109.2680853, -7.3456977 ], [ 109.2683754, -7.3457686 ], [ 109.2688913, -7.3459029 ], [ 109.2693426, -7.3460436 ], [ 109.2699549, -7.3461765 ], [ 109.2702261, -7.3462354 ], [ 109.2709096, -7.3463506 ], [ 109.2715287, -7.3464657 ], [ 109.2729151, -7.3467535 ], [ 109.2737714, -7.3469095 ], [ 109.2746433, -7.3470796 ], [ 109.2747981, -7.3470988 ], [ 109.2749015, -7.3471155 ] ] } },
{ "type": "Feature", "properties": { "name": null, "highway": "tertiary", "length": 7.915753785369966, "latitude": -7.3628278954433952, "longitude": 109.26057470912973 }, "geometry": { "type": "LineString", "coordinates": [ [ 109.2605557, -7.3628552 ], [ 109.2605581, -7.3628435 ], [ 109.2605635, -7.3628329 ], [ 109.2605715, -7.3628242 ], [ 109.2605816, -7.3628178 ], [ 109.260593, -7.3628144 ], [ 109.260605, -7.3628141 ] ] } },
{ "type": "Feature", "properties": { "name": null, "highway": "tertiary", "length": 834.59765195011255, "latitude": -7.3613678710067596, "longitude": 109.25743529218953 }, "geometry": { "type": "LineString", "coordinates": [ [ 109.2605557, -7.3628552 ], [ 109.2601797, -7.362845 ], [ 109.2588319, -7.3627588 ], [ 109.2586988, -7.3627503 ], [ 109.2583394, -7.3627365 ], [ 109.2582297, -7.3627224 ], [ 109.2581658, -7.3626908 ], [ 109.2579196, -7.3623968 ], [ 109.2576996, -7.3621364 ], [ 109.2575429, -7.3619411 ], [ 109.2568378, -7.3610969 ], [ 109.256588, -7.360771 ], [ 109.2565092, -7.360666 ], [ 109.2557711, -7.3597193 ], [ 109.2551677, -7.3590441 ], [ 109.2550045, -7.3588531 ], [ 109.2549029, -7.3587206 ] ] } },
{ "type": "Feature", "properties": { "name": null, "highway": "tertiary", "length": 7.5977543172493567, "latitude": -7.3628838240952224, "longitude": 109.26057018557654 }, "geometry": { "type": "LineString", "coordinates": [ [ 109.2605968, -7.3629018 ], [ 109.2605834, -7.3628987 ], [ 109.2605716, -7.3628916 ], [ 109.2605625, -7.3628813 ], [ 109.260557, -7.3628688 ], [ 109.2605557, -7.3628552 ] ] } },
{ "type": "Feature", "properties": { "name": "Jalan Raya Sumbang", "highway": "tertiary", "length": 1826.6521323927652, "latitude": -7.3711095617785913, "longitude": 109.26077339838767 }, "geometry": { "type": "LineString", "coordinates": [ [ 109.2605968, -7.3629018 ], [ 109.2606302, -7.3637266 ], [ 109.2606572, -7.3657062 ], [ 109.2606744, -7.3661447 ], [ 109.2606299, -7.3680215 ], [ 109.2606475, -7.36881 ], [ 109.2606652, -7.3697146 ], [ 109.2606668, -7.3705696 ], [ 109.2607028, -7.3723491 ], [ 109.2607471, -7.3736152 ], [ 109.2607807, -7.3742922 ], [ 109.2608391, -7.3748552 ], [ 109.2608598, -7.3750769 ], [ 109.2608862, -7.375344 ], [ 109.2608921, -7.3753946 ], [ 109.2609255, -7.375682 ], [ 109.2609533, -7.3759835 ], [ 109.2609608, -7.3760479 ], [ 109.2610086, -7.3764574 ], [ 109.2610773, -7.3769951 ], [ 109.2610964, -7.3773838 ], [ 109.2611171, -7.3777941 ], [ 109.2611189, -7.3779442 ], [ 109.2611279, -7.3786013 ], [ 109.2611196, -7.379308 ] ] } },
{ "type": "Feature", "properties": { "name": "Jalan Raya Keniten", "highway": "secondary", "length": 891.52294110643447, "latitude": -7.3747666823022477, "longitude": 109.20593010273755 }, "geometry": { "type": "LineString", "coordinates": [ [ 109.2067369, -7.3708663 ], [ 109.2067257, -7.3709562 ], [ 109.2066238, -7.3715165 ], [ 109.2065529, -7.3719352 ], [ 109.2063533, -7.3731794 ], [ 109.2063184, -7.3733777 ], [ 109.2062876, -7.3735484 ], [ 109.2062298, -7.3739722 ], [ 109.2061022, -7.3749074 ], [ 109.2060059, -7.3755652 ], [ 109.2059865, -7.3756902 ], [ 109.2059664, -7.3758004 ], [ 109.2059362, -7.3759161 ], [ 109.2058825, -7.3760411 ], [ 109.2057249, -7.376353 ], [ 109.2056516, -7.3764981 ], [ 109.2054345, -7.3768436 ], [ 109.2053268, -7.3770097 ], [ 109.2049113, -7.3777154 ], [ 109.2046602, -7.3781497 ], [ 109.2045843, -7.3782889 ], [ 109.2045134, -7.3784512 ] ] } },
{ "type": "Feature", "properties": { "name": "Jalan Raya Keniten", "highway": "secondary", "length": 480.88907904405005, "latitude": -7.3715709611769666, "longitude": 109.20875102355325 }, "geometry": { "type": "LineString", "coordinates": [ [ 109.2067369, -7.3708663 ], [ 109.206761, -7.3708341 ], [ 109.2067918, -7.3708182 ], [ 109.2068227, -7.3708168 ], [ 109.2070772, -7.3708881 ], [ 109.2070957, -7.3708952 ], [ 109.2079585, -7.3712267 ], [ 109.2084823, -7.3714422 ], [ 109.2087298, -7.3715441 ], [ 109.20901, -7.3716654 ], [ 109.2107556, -7.3724202 ] ] } },
{ "type": "Feature", "properties": { "name": null, "highway": "secondary", "length": 3977.3868389135851, "latitude": -7.3577842057546139, "longitude": 109.2012144808476 }, "geometry": { "type": "LineString", "coordinates": [ [ 109.2067369, -7.3708663 ], [ 109.2068336, -7.3703876 ], [ 109.2068705, -7.3700798 ], [ 109.2069232, -7.3697382 ], [ 109.2069152, -7.3697089 ], [ 109.2068924, -7.3696733 ], [ 109.2068388, -7.3696464 ], [ 109.20678, -7.3696124 ], [ 109.2065638, -7.3694496 ], [ 109.2065011, -7.3693969 ], [ 109.2063301, -7.3692252 ], [ 109.2060814, -7.3689414 ], [ 109.2059266, -7.3687197 ], [ 109.2058973, -7.3686688 ], [ 109.2058839, -7.368605 ], [ 109.2058909, -7.3682819 ], [ 109.2058523, -7.367613 ], [ 109.2058876, -7.3674856 ], [ 109.2060595, -7.3668724 ], [ 109.2061923, -7.3666221 ], [ 109.2062413, -7.3665667 ], [ 109.2062493, -7.3665388 ], [ 109.2062447, -7.3665063 ], [ 109.2061863, -7.3664271 ], [ 109.2061558, -7.3663993 ], [ 109.2061239, -7.3663872 ], [ 109.2060395, -7.3663752 ], [ 109.205955, -7.3663732 ], [ 109.2059261, -7.3663665 ], [ 109.205902, -7.3663586 ], [ 109.2058738, -7.3663389 ], [ 109.205851, -7.3663193 ], [ 109.2058443, -7.3663077 ], [ 109.2058383, -7.3662907 ], [ 109.2058363, -7.3662771 ], [ 109.2058376, -7.3662648 ], [ 109.2058423, -7.3662458 ], [ 109.2059053, -7.3661391 ], [ 109.2060133, -7.3660187 ], [ 109.2061022, -7.36593 ], [ 109.2061095, -7.365915 ], [ 109.2061115, -7.3658997 ], [ 109.2061112, -7.3658891 ], [ 109.2061045, -7.3658734 ], [ 109.2060978, -7.3658635 ], [ 109.2060824, -7.3658422 ], [ 109.2060673, -7.3658285 ], [ 109.2060492, -7.3658192 ], [ 109.2060395, -7.3658162 ], [ 109.2060301, -7.3658159 ], [ 109.2059453, -7.3658268 ], [ 109.2058685, -7.3658551 ], [ 109.2058276, -7.3658678 ], [ 109.2057833, -7.3658645 ], [ 109.2057551, -7.3658568 ], [ 109.2056291, -7.365764 ], [ 109.2056063, -7.3657388 ], [ 109.2054963, -7.3654967 ], [ 109.2054427, -7.3651429 ], [ 109.2054507, -7.3646774 ], [ 109.205432, -7.3646075 ], [ 109.2054044, -7.3645836 ], [ 109.205357, -7.364566 ], [ 109.2053159, -7.364565 ], [ 109.205259, -7.3645892 ], [ 109.2051744, -7.3646548 ], [ 109.2051424, -7.3646696 ], [ 109.2051074, -7.3646648 ], [ 109.2050654, -7.3646409 ], [ 109.205043, -7.3646182 ], [ 109.2050132, -7.364551 ], [ 109.2050011, -7.3645151 ], [ 109.2049883, -7.3643908 ], [ 109.2049915, -7.364273 ], [ 109.2050296, -7.3639831 ], [ 109.2050306, -7.3637345 ], [ 109.205041, -7.363501 ], [ 109.2050356, -7.3634631 ], [ 109.2050135, -7.3633819 ], [ 109.2045629, -7.3625972 ], [ 109.204528, -7.3624935 ], [ 109.2044958, -7.3624642 ], [ 109.204443, -7.3624328 ], [ 109.2044288, -7.3624323 ], [ 109.2043135, -7.3624163 ], [ 109.2042568, -7.3624093 ], [ 109.2042115, -7.3623967 ], [ 109.2041773, -7.3623781 ], [ 109.2041579, -7.3623445 ], [ 109.204123, -7.3622381 ], [ 109.2040935, -7.3621171 ], [ 109.2040211, -7.3619801 ], [ 109.2039406, -7.3618843 ], [ 109.2039111, -7.361863 ], [ 109.2038333, -7.3618364 ], [ 109.2037328, -7.3618377 ], [ 109.2036375, -7.3618577 ], [ 109.2036126, -7.3618579 ], [ 109.2035893, -7.3618484 ], [ 109.2035665, -7.3618125 ], [ 109.2035584, -7.3617566 ], [ 109.2035628, -7.361615 ], [ 109.2035541, -7.361595 ], [ 109.2035373, -7.3615797 ], [ 109.2034863, -7.3615604 ], [ 109.2033626, -7.3615106 ], [ 109.2032486, -7.3614786 ], [ 109.2031601, -7.3614401 ], [ 109.2031132, -7.3613869 ], [ 109.203077, -7.3613363 ], [ 109.2030434, -7.3612539 ], [ 109.2030072, -7.3610264 ], [ 109.2029106, -7.3607777 ], [ 109.2027765, -7.3606208 ], [ 109.2027363, -7.3605835 ], [ 109.2027095, -7.3605396 ], [ 109.2027095, -7.3604878 ], [ 109.2027215, -7.3604306 ], [ 109.2027564, -7.3603641 ], [ 109.2027872, -7.3602896 ], [ 109.2028074, -7.3602065 ], [ 109.2027987, -7.3601021 ], [ 109.2027457, -7.360007 ], [ 109.2027048, -7.3599604 ], [ 109.2026686, -7.3599125 ], [ 109.2026237, -7.3598733 ], [ 109.2025379, -7.3597855 ], [ 109.2025157, -7.3597529 ], [ 109.2025124, -7.3597297 ], [ 109.2025117, -7.3596918 ], [ 109.2025245, -7.3596538 ], [ 109.202554, -7.3595993 ], [ 109.2025901, -7.3595221 ], [ 109.2026129, -7.359445 ], [ 109.2026357, -7.3593679 ], [ 109.2026425, -7.3592907 ], [ 109.202587, -7.3591625 ], [ 109.2025379, -7.3590938 ], [ 109.2024333, -7.3590153 ], [ 109.2022374, -7.3589316 ], [ 109.2021363, -7.3588408 ], [ 109.2020631, -7.3587427 ], [ 109.2019612, -7.358502 ], [ 109.2018163, -7.3582679 ], [ 109.2016715, -7.3581468 ], [ 109.2015105, -7.3580138 ], [ 109.2014086, -7.357934 ], [ 109.2012745, -7.3578649 ], [ 109.201127, -7.3578037 ], [ 109.2010331, -7.3577399 ], [ 109.2009178, -7.3576148 ], [ 109.2007971, -7.3574472 ], [ 109.2006952, -7.3572823 ], [ 109.2006201, -7.3571786 ], [ 109.2005423, -7.3570655 ], [ 109.2004994, -7.3569152 ], [ 109.2004993, -7.3566519 ], [ 109.2004792, -7.3562821 ], [ 109.2004443, -7.355923 ], [ 109.2004082, -7.3557767 ], [ 109.200384, -7.3557182 ], [ 109.2003559, -7.3557058 ], [ 109.200317, -7.3557022 ], [ 109.2002751, -7.3557225 ], [ 109.2002539, -7.3557714 ], [ 109.2002217, -7.355895 ], [ 109.2001225, -7.3560707 ], [ 109.2000347, -7.3561444 ], [ 109.199924, -7.356185 ], [ 109.1998409, -7.3561983 ], [ 109.1997121, -7.3561823 ], [ 109.1991985, -7.3560187 ], [ 109.1990498, -7.3559801 ], [ 109.1989918, -7.3559735 ], [ 109.1989668, -7.3559712 ], [ 109.1989428, -7.3559807 ], [ 109.1989243, -7.3559916 ], [ 109.1989167, -7.356015 ], [ 109.1989154, -7.3560392 ], [ 109.1989266, -7.3560802 ], [ 109.1990456, -7.3564789 ], [ 109.1990456, -7.3565375 ], [ 109.1990243, -7.3565976 ], [ 109.1990015, -7.3566196 ], [ 109.1989648, -7.356629 ], [ 109.1986006, -7.3565786 ], [ 109.1981525, -7.3565279 ], [ 109.1980724, -7.3565052 ], [ 109.1980442, -7.3564736 ], [ 109.1980205, -7.3564232 ], [ 109.1980112, -7.3563654 ], [ 109.1979991, -7.3562902 ], [ 109.1979298, -7.3556915 ], [ 109.1978212, -7.3548655 ], [ 109.1978212, -7.3545424 ], [ 109.1978265, -7.354158 ], [ 109.1978437, -7.3539801 ], [ 109.1978454, -7.3538055 ], [ 109.1978118, -7.3536246 ], [ 109.1977601, -7.35322 ], [ 109.1977477, -7.3531228 ], [ 109.1977448, -7.3529635 ], [ 109.1977408, -7.3527915 ], [ 109.1977396, -7.3527361 ], [ 109.19773, -7.3526722 ], [ 109.1977084, -7.3526221 ], [ 109.1975758, -7.3523703 ], [ 109.1975677, -7.3523385 ], [ 109.197558, -7.3522562 ], [ 109.1975553, -7.3521666 ], [ 109.1975731, -7.3519462 ], [ 109.1975784, -7.3518157 ], [ 109.1975544, -7.3516773 ], [ 109.1975141, -7.3515842 ], [ 109.1974202, -7.3514619 ], [ 109.1973306, -7.3513647 ], [ 109.1972807, -7.3512903 ], [ 109.1971908, -7.3511055 ], [ 109.1971386, -7.351007 ], [ 109.1969347, -7.3507144 ], [ 109.1967925, -7.3504564 ], [ 109.1967443, -7.3503154 ], [ 109.1967308, -7.3502103 ], [ 109.1967255, -7.350044 ], [ 109.1967201, -7.3497209 ], [ 109.1967107, -7.3494495 ], [ 109.1967308, -7.3493071 ], [ 109.1967496, -7.3491582 ], [ 109.1967873, -7.3490464 ], [ 109.1968207, -7.3489015 ], [ 109.1968243, -7.3487754 ], [ 109.1968048, -7.3487207 ], [ 109.196802, -7.3486435 ], [ 109.1968154, -7.3485889 ], [ 109.1968234, -7.3485024 ], [ 109.1968731, -7.3483708 ], [ 109.1969267, -7.3479797 ], [ 109.196979, -7.3477723 ], [ 109.1970594, -7.347566 ], [ 109.1971533, -7.3473386 ], [ 109.1972539, -7.3471471 ], [ 109.1973961, -7.3469505 ], [ 109.1974855, -7.3468009 ], [ 109.1975034, -7.3467348 ], [ 109.19751, -7.3465925 ], [ 109.1974738, -7.3465113 ], [ 109.1974309, -7.3463929 ], [ 109.1973934, -7.3462879 ], [ 109.1973693, -7.3462081 ], [ 109.1973532, -7.3461256 ], [ 109.197313, -7.345958 ], [ 109.1973397, -7.3458729 ], [ 109.1973746, -7.3458116 ], [ 109.1974094, -7.3457532 ], [ 109.1974792, -7.3457079 ], [ 109.1975022, -7.3457019 ], [ 109.1975811, -7.3456814 ], [ 109.1977112, -7.3456523 ], [ 109.1977541, -7.3456375 ], [ 109.1977863, -7.3456015 ], [ 109.1978118, -7.345567 ], [ 109.1978292, -7.3455257 ], [ 109.1978373, -7.3454778 ], [ 109.1978228, -7.3454296 ], [ 109.1977367, -7.3453275 ], [ 109.1976804, -7.3452384 ], [ 109.1976146, -7.3451161 ], [ 109.1975657, -7.345015 ], [ 109.1975329, -7.3449125 ], [ 109.1975228, -7.3448753 ], [ 109.1975222, -7.3448114 ], [ 109.1975255, -7.3447496 ], [ 109.1975389, -7.3446824 ], [ 109.1975865, -7.3445135 ], [ 109.1976656, -7.3442262 ] ] } },
{ "type": "Feature", "properties": { "name": "Jalan Raya Sumbang", "highway": "tertiary", "length": 1826.6521323927655, "latitude": -7.371109561778586, "longitude": 109.26077339838764 }, "geometry": { "type": "LineString", "coordinates": [ [ 109.2611196, -7.379308 ], [ 109.2611279, -7.3786013 ], [ 109.2611189, -7.3779442 ], [ 109.2611171, -7.3777941 ], [ 109.2610964, -7.3773838 ], [ 109.2610773, -7.3769951 ], [ 109.2610086, -7.3764574 ], [ 109.2609608, -7.3760479 ], [ 109.2609533, -7.3759835 ], [ 109.2609255, -7.375682 ], [ 109.2608921, -7.3753946 ], [ 109.2608862, -7.375344 ], [ 109.2608598, -7.3750769 ], [ 109.2608391, -7.3748552 ], [ 109.2607807, -7.3742922 ], [ 109.2607471, -7.3736152 ], [ 109.2607028, -7.3723491 ], [ 109.2606668, -7.3705696 ], [ 109.2606652, -7.3697146 ], [ 109.2606475, -7.36881 ], [ 109.2606299, -7.3680215 ], [ 109.2606744, -7.3661447 ], [ 109.2606572, -7.3657062 ], [ 109.2606302, -7.3637266 ], [ 109.2605968, -7.3629018 ] ] } },
{ "type": "Feature", "properties": { "name": "Jalan Raya Sumbang", "highway": "tertiary", "length": 1408.137892739268, "latitude": -7.3854184123658015, "longitude": 109.26223461994731 }, "geometry": { "type": "LineString", "coordinates": [ [ 109.2611196, -7.379308 ], [ 109.2611035, -7.379535 ], [ 109.2610609, -7.3804048 ], [ 109.2610246, -7.3810141 ], [ 109.2610199, -7.3812301 ], [ 109.2610339, -7.3816366 ], [ 109.2610388, -7.3817735 ], [ 109.2610459, -7.3819731 ], [ 109.261051, -7.3820908 ], [ 109.2610622, -7.3823863 ], [ 109.261063, -7.3826333 ], [ 109.2610704, -7.3829052 ], [ 109.2611005, -7.3830948 ], [ 109.2611247, -7.3832357 ], [ 109.2611764, -7.3833917 ], [ 109.261187, -7.3834147 ], [ 109.2615092, -7.3842168 ], [ 109.2617335, -7.3847534 ], [ 109.2631525, -7.3882544 ], [ 109.2634483, -7.3889867 ], [ 109.2636517, -7.3894443 ], [ 109.2638691, -7.3899958 ], [ 109.2640503, -7.3904329 ], [ 109.2642284, -7.3908362 ], [ 109.2643004, -7.3910402 ], [ 109.2644036, -7.3913338 ] ] } },
{ "type": "Feature", "properties": { "name": null, "highway": "tertiary", "length": 1685.7203537995267, "latitude": -7.3796244865698126, "longitude": 109.26875351085528 }, "geometry": { "type": "LineString", "coordinates": [ [ 109.2611196, -7.379308 ], [ 109.2631303, -7.3793555 ], [ 109.2650289, -7.3794271 ], [ 109.2660318, -7.3794559 ], [ 109.2662112, -7.379458 ], [ 109.2667206, -7.3794897 ], [ 109.2675935, -7.379539 ], [ 109.2677336, -7.3795445 ], [ 109.2685896, -7.3795779 ], [ 109.2689692, -7.3795927 ], [ 109.2693347, -7.3796053 ], [ 109.269691, -7.3796202 ], [ 109.2699644, -7.3796364 ], [ 109.270023, -7.3796375 ], [ 109.2707223, -7.3796601 ], [ 109.2714392, -7.3796826 ], [ 109.2721402, -7.3797097 ], [ 109.2728627, -7.3797731 ], [ 109.2732395, -7.3798103 ], [ 109.2734514, -7.3798396 ], [ 109.2736856, -7.379882 ], [ 109.2741394, -7.3799582 ], [ 109.2746027, -7.3800088 ], [ 109.2750742, -7.380067 ], [ 109.2755617, -7.3801151 ], [ 109.2758989, -7.3801561 ], [ 109.2761457, -7.3801814 ], [ 109.2763676, -7.3801994 ] ] } },
{ "type": "Feature", "properties": { "name": null, "highway": "primary", "length": 8.0117879119192121, "latitude": -7.3182035969454118, "longitude": 109.2287757350008 }, "geometry": { "type": "LineString", "coordinates": [ [ 109.2287913, -7.3182352 ], [ 109.2287771, -7.3182158 ], [ 109.2287696, -7.3181929 ], [ 109.2287697, -7.3181689 ] ] } },
{ "type": "Feature", "properties": { "name": "Jalan Jenderal Sudirman", "highway": "primary", "length": 529.2123210708678, "latitude": -7.4227466961489128, "longitude": 109.21529042933807 }, "geometry": { "type": "LineString", "coordinates": [ [ 109.2129333, -7.4223088 ], [ 109.2133862, -7.4223846 ], [ 109.213847, -7.4224529 ], [ 109.2138906, -7.4224594 ], [ 109.2142427, -7.4225116 ], [ 109.2143996, -7.4225387 ], [ 109.2147365, -7.4225969 ], [ 109.2155533, -7.4227722 ], [ 109.2155733, -7.4227771 ], [ 109.2161155, -7.4229086 ], [ 109.217004, -7.423122 ], [ 109.2170624, -7.4231327 ], [ 109.2172623, -7.4231841 ], [ 109.2174042, -7.4232182 ], [ 109.2176272, -7.423283 ] ] } },
{ "type": "Feature", "properties": { "name": null, "highway": "primary", "length": 21.292431521411583, "latitude": -7.4223208767269098, "longitude": 109.21283752146077 }, "geometry": { "type": "LineString", "coordinates": [ [ 109.2129333, -7.4223088 ], [ 109.2128033, -7.4223256 ], [ 109.2127416, -7.4223317 ] ] } },
{ "type": "Feature", "properties": { "name": null, "highway": "primary", "length": 547.41378923429693, "latitude": -7.4248868866766768, "longitude": 109.22264811822474 }, "geometry": { "type": "LineString", "coordinates": [ [ 109.2217232, -7.4237038 ], [ 109.2218334, -7.4237055 ], [ 109.2219277, -7.423728 ], [ 109.2219678, -7.4237579 ], [ 109.2220377, -7.4238248 ], [ 109.2220994, -7.4239294 ], [ 109.2221363, -7.4240333 ], [ 109.2221509, -7.4243357 ], [ 109.2221494, -7.4247054 ], [ 109.2221444, -7.4251359 ], [ 109.2221381, -7.4254529 ], [ 109.2221684, -7.4255784 ], [ 109.2222723, -7.42569 ], [ 109.2224108, -7.425733 ], [ 109.2226087, -7.4257593 ], [ 109.2228214, -7.4257829 ], [ 109.2229643, -7.4257497 ], [ 109.2230561, -7.4257078 ], [ 109.2231434, -7.4256338 ], [ 109.2232008, -7.4255406 ], [ 109.2232463, -7.4254161 ], [ 109.2232801, -7.4251665 ], [ 109.2233548, -7.4247464 ], [ 109.2234208, -7.4244079 ], [ 109.2234198, -7.424335 ], [ 109.2234181, -7.424243 ], [ 109.2233936, -7.4241286 ], [ 109.223329, -7.4239618 ] ] } },
{ "type": "Feature", "properties": { "name": "Jalan Jenderal Sudirman", "highway": "primary", "length": 455.72882104936178, "latitude": -7.4235810560765829, "longitude": 109.21966364559565 }, "geometry": { "type": "LineString", "coordinates": [ [ 109.2217232, -7.4237038 ], [ 109.2215557, -7.4236982 ], [ 109.2214609, -7.4236992 ], [ 109.2213283, -7.4236967 ], [ 109.220859, -7.4236887 ], [ 109.2207505, -7.4236811 ], [ 109.2204308, -7.4236594 ], [ 109.220054, -7.4236368 ], [ 109.2195241, -7.4236074 ], [ 109.2193758, -7.4236036 ], [ 109.2192035, -7.4235877 ], [ 109.2188846, -7.4235544 ], [ 109.2185417, -7.4235141 ], [ 109.2180339, -7.4233816 ], [ 109.2178572, -7.4233445 ], [ 109.2176272, -7.423283 ] ] } },
{ "type": "Feature", "properties": { "name": null, "highway": "primary", "length": 23.335807677982746, "latitude": -7.4222649813097918, "longitude": 109.21283732129346 }, "geometry": { "type": "LineString", "coordinates": [ [ 109.2127384, -7.4222305 ], [ 109.212784, -7.4222383 ], [ 109.2129333, -7.4223088 ] ] } }
]
}
