{
"type": "FeatureCollection",
"name": "density_banyumas",
"crs": { "type": "name", "properties": { "name": "urn:ogc:def:crs:OGC:1.3:CRS84" } },
"features": [
{ "type": "Feature", "properties": { "hex_id": "878d89822ffffff", "building_count": 322, "hex_area_km2": 5.0165224651216178, "density": 64, "kategori_density": "Rendah" }, "geometry": { "type": "Polygon", "coordinates": [ [ [ 108.896684491347884, -7.458536309987597 ], [ 108.893904772075956, -7.44667002304032 ], [ 108.881735048774644, -7.44378630860033 ], [ 108.872345158343961, -7.452770314025116 ], [ 108.875126138503759, -7.464636898800848 ], [ 108.887295748331809, -7.467519180547631 ], [ 108.896684491347884, -7.458536309987597 ] ] ] } },
{ "type": "Feature", "properties": { "hex_id": "878d89826ffffff", "building_count": 86, "hex_area_km2": 5.0143846334678246, "density": 17, "kategori_density": "Rendah" }, "geometry": { "type": "Polygon", "coordinates": [ [ [ 108.911630693609112, -7.473281618609962 ], [ 108.908852020371356, -7.461418245790355 ], [ 108.896684491347884, -7.458536309987597 ], [ 108.887295748331809, -7.467519180547631 ], [ 108.890075682629671, -7.479382851574875 ], [ 108.902243099008672, -7.48226335405877 ], [ 108.911630693609112, -7.473281618609962 ] ] ] } },
{ "type": "Feature", "properties": { "hex_id": "878d89834ffffff", "building_count": 647, "hex_area_km2": 5.0149140466030095, "density": 129, "kategori_density": "Sedang" }, "geometry": { "type": "Polygon", "coordinates": [ [ [ 108.939792485832967, -7.446333957106587 ], [ 108.937015289753546, -7.434468270524595 ], [ 108.924849733405281, -7.431585244634936 ], [ 108.915461484384466, -7.440569340887277 ], [ 108.918239942295855, -7.452435328436554 ], [ 108.930405387520864, -7.455316918990351 ], [ 108.939792485832967, -7.446333957106587 ] ] ] } },
{ "type": "Feature", "properties": { "hex_id": "878d89835ffffff", "building_count": 1115, "hex_area_km2": 5.0157193022241149, "density": 222, "kategori_density": "Sedang" }, "geometry": { "type": "Polygon", "coordinates": [ [ [ 108.918239942295855, -7.452435328436554 ], [ 108.915461484384466, -7.440569340887277 ], [ 108.90329384306294, -7.43768597106958 ], [ 108.893904772075956, -7.44667002304032 ], [ 108.896684491347884, -7.458536309987597 ], [ 108.908852020371356, -7.461418245790355 ], [ 108.918239942295855, -7.452435328436554 ] ] ] } },
{ "type": "Feature", "properties": { "hex_id": "878d89836ffffff", "building_count": 66, "hex_area_km2": 5.0162454881865415, "density": 13, "kategori_density": "Rendah" }, "geometry": { "type": "Polygon", "coordinates": [ [ [ 108.946402714287473, -7.425484132254571 ], [ 108.943625733953183, -7.413615834447309 ], [ 108.931460066828222, -7.410731372526501 ], [ 108.922071490938947, -7.419716644668159 ], [ 108.924849733405281, -7.431585244634936 ], [ 108.937015289753546, -7.434468270524595 ], [ 108.946402714287473, -7.425484132254571 ] ] ] } },
{ "type": "Feature", "properties": { "hex_id": "878d89902ffffff", "building_count": 97, "hex_area_km2": 5.0071609468668381, "density": 19, "kategori_density": "Rendah" }, "geometry": { "type": "Polygon", "coordinates": [ [ [ 108.977991906447045, -7.51138579279985 ], [ 108.975217633289603, -7.49953147222608 ], [ 108.963058782276278, -7.496655226949212 ], [ 108.953674313532105, -7.505634738973564 ], [ 108.956449848730841, -7.517489360449607 ], [ 108.968608590756574, -7.520364169223349 ], [ 108.977991906447045, -7.51138579279985 ] ] ] } },
{ "type": "Feature", "properties": { "hex_id": "878d89906ffffff", "building_count": 8, "hex_area_km2": 5.0050194118137252, "density": 2, "kategori_density": "Rendah" }, "geometry": { "type": "Polygon", "coordinates": [ [ [ 108.99292178442029, -7.526111653946711 ], [ 108.990148557421435, -7.514260253834017 ], [ 108.977991906447045, -7.51138579279985 ], [ 108.968608590756574, -7.520364169223349 ], [ 108.971383079965179, -7.532215870611251 ], [ 108.983539622778366, -7.535088894524783 ], [ 108.99292178442029, -7.526111653946711 ] ] ] } },
{ "type": "Feature", "properties": { "hex_id": "878d89910ffffff", "building_count": 890, "hex_area_km2": 5.007685637240554, "density": 178, "kategori_density": "Sedang" }, "geometry": { "type": "Polygon", "coordinates": [ [ [ 109.006140841426287, -7.484448213475088 ], [ 109.003368047246269, -7.472591579675675 ], [ 108.991211180989069, -7.469714242301571 ], [ 108.981827216503717, -7.478694977470504 ], [ 108.984601273491535, -7.4905519149288 ], [ 108.996758032280624, -7.493427813783457 ], [ 109.006140841426287, -7.484448213475088 ] ] ] } },
{ "type": "Feature", "properties": { "hex_id": "878d89911ffffff", "building_count": 81, "hex_area_km2": 5.0084947144504461, "density": 16, "kategori_density": "Rendah" }, "geometry": { "type": "Polygon", "coordinates": [ [ [ 108.984601273491535, -7.4905519149288 ], [ 108.981827216503717, -7.478694977470504 ], [ 108.969668256849275, -7.475817294991605 ], [ 108.9602834629478, -7.484797987397273 ], [ 108.963058782276278, -7.496655226949212 ], [ 108.975217633289603, -7.49953147222608 ], [ 108.984601273491535, -7.4905519149288 ] ] ] } },
{ "type": "Feature", "properties": { "hex_id": "878d89912ffffff", "building_count": 290, "hex_area_km2": 5.0090161840459375, "density": 58, "kategori_density": "Rendah" }, "geometry": { "type": "Polygon", "coordinates": [ [ [ 109.012751179801541, -7.463610804005405 ], [ 109.009978602208591, -7.451751556819644 ], [ 108.997821628829939, -7.448872780227974 ], [ 108.988437340289337, -7.457854690263707 ], [ 108.991211180989069, -7.469714242301571 ], [ 109.003368047246269, -7.472591579675675 ], [ 109.012751179801541, -7.463610804005405 ] ] ] } },
{ "type": "Feature", "properties": { "hex_id": "878d89913ffffff", "building_count": 774, "hex_area_km2": 5.0098267711519613, "density": 154, "kategori_density": "Sedang" }, "geometry": { "type": "Polygon", "coordinates": [ [ [ 108.991211180989069, -7.469714242301571 ], [ 108.988437340289337, -7.457854690263707 ], [ 108.976278272340352, -7.454975569884721 ], [ 108.966893153509602, -7.463957439667823 ], [ 108.969668256849275, -7.475817294991605 ], [ 108.981827216503717, -7.478694977470504 ], [ 108.991211180989069, -7.469714242301571 ] ] ] } },
{ "type": "Feature", "properties": { "hex_id": "878d89914ffffff", "building_count": 1207, "hex_area_km2": 5.0055437282128885, "density": 241, "kategori_density": "Sedang" }, "geometry": { "type": "Polygon", "coordinates": [ [ [ 109.021067252685029, -7.499177480681113 ], [ 109.018295505011338, -7.487323766604513 ], [ 109.006140841426287, -7.484448213475088 ], [ 108.996758032280624, -7.493427813783457 ], [ 108.999531042929291, -7.505281831890642 ], [ 109.011685599872138, -7.508155945883061 ], [ 109.021067252685029, -7.499177480681113 ] ] ] } },
{ "type": "Feature", "properties": { "hex_id": "878d89915ffffff", "building_count": 350, "hex_area_km2": 5.0063533789317027, "density": 70, "kategori_density": "Rendah" }, "geometry": { "type": "Polygon", "coordinates": [ [ [ 108.999531042929291, -7.505281831890642 ], [ 108.996758032280624, -7.493427813783457 ], [ 108.984601273491535, -7.4905519149288 ], [ 108.975217633289603, -7.49953147222608 ], [ 108.977991906447045, -7.51138579279985 ], [ 108.990148557421435, -7.514260253834017 ], [ 108.999531042929291, -7.505281831890642 ] ] ] } },
{ "type": "Feature", "properties": { "hex_id": "878d89916ffffff", "building_count": 281, "hex_area_km2": 5.0068744769817686, "density": 56, "kategori_density": "Rendah" }, "geometry": { "type": "Polygon", "coordinates": [ [ [ 109.027677480588451, -7.478344125546473 ], [ 109.024905949682093, -7.466487796970882 ], [ 109.012751179801541, -7.463610804005405 ], [ 109.003368047246269, -7.472591579675675 ], [ 109.006140841426287, -7.484448213475088 ], [ 109.018295505011338, -7.487323766604513 ], [ 109.027677480588451, -7.478344125546473 ] ] ] } },
{ "type": "Feature", "properties": { "hex_id": "878d8991affffff", "building_count": 199, "hex_area_km2": 5.0127750516848177, "density": 40, "kategori_density": "Rendah" }, "geometry": { "type": "Polygon", "coordinates": [ [ [ 108.954731993972374, -7.461077974806068 ], [ 108.951955844268696, -7.449215203106394 ], [ 108.939792485832967, -7.446333957106587 ], [ 108.930405387520864, -7.455316918990351 ], [ 108.933182799226799, -7.467179992034001 ], [ 108.945346047367138, -7.470059802074084 ], [ 108.954731993972374, -7.461077974806068 ] ] ] } },
{ "type": "Feature", "properties": { "hex_id": "878d8991bffffff", "building_count": 24, "hex_area_km2": 5.0135808879171204, "density": 5, "kategori_density": "Rendah" }, "geometry": { "type": "Polygon", "coordinates": [ [ [ 108.933182799226799, -7.467179992034001 ], [ 108.930405387520864, -7.455316918990351 ], [ 108.918239942295855, -7.452435328436554 ], [ 108.908852020371356, -7.461418245790355 ], [ 108.911630693609112, -7.473281618609962 ], [ 108.923796027364403, -7.476161774524068 ], [ 108.933182799226799, -7.467179992034001 ] ] ] } },
{ "type": "Feature", "properties": { "hex_id": "878d8991effffff", "building_count": 103, "hex_area_km2": 5.010635273167507, "density": 21, "kategori_density": "Rendah" }, "geometry": { "type": "Polygon", "coordinates": [ [ [ 108.969668256849275, -7.475817294991605 ], [ 108.966893153509602, -7.463957439667823 ], [ 108.954731993972374, -7.461077974806068 ], [ 108.945346047367138, -7.470059802074084 ], [ 108.94812241287859, -7.481919959117313 ], [ 108.9602834629478, -7.484797987397273 ], [ 108.969668256849275, -7.475817294991605 ] ] ] } },
{ "type": "Feature", "properties": { "hex_id": "878d89930ffffff", "building_count": 683, "hex_area_km2": 5.0020683910783301, "density": 137, "kategori_density": "Sedang" }, "geometry": { "type": "Polygon", "coordinates": [ [ [ 109.029380836322545, -7.53472754601699 ], [ 109.026609918312218, -7.522879371053075 ], [ 109.014457564194785, -7.520007043157462 ], [ 109.005076234374371, -7.528984329502013 ], [ 109.007848415227613, -7.540832807674654 ], [ 109.020000663181676, -7.543703696518321 ], [ 109.029380836322545, -7.53472754601699 ] ] ] } },
{ "type": "Feature", "properties": { "hex_id": "878d89931ffffff", "building_count": 111, "hex_area_km2": 5.0028771050675296, "density": 22, "kategori_density": "Rendah" }, "geometry": { "type": "Polygon", "coordinates": [ [ [ 109.007848415227613, -7.540832807674654 ], [ 109.005076234374371, -7.528984329502013 ], [ 108.99292178442029, -7.526111653946711 ], [ 108.983539622778366, -7.535088894524783 ], [ 108.986313066009018, -7.546937674344321 ], [ 108.998467408627832, -7.549808912163265 ], [ 109.007848415227613, -7.540832807674654 ] ] ] } },
{ "type": "Feature", "properties": { "hex_id": "878d89932ffffff", "building_count": 1551, "hex_area_km2": 5.0034010474677411, "density": 310, "kategori_density": "Tinggi" }, "geometry": { "type": "Polygon", "coordinates": [ [ [ 109.035990413800491, -7.513902041202839 ], [ 109.033219712619228, -7.502051248329493 ], [ 109.021067252685029, -7.499177480681113 ], [ 109.011685599872138, -7.508155945883061 ], [ 109.014457564194785, -7.520007043157462 ], [ 109.026609918312218, -7.522879371053075 ], [ 109.035990413800491, -7.513902041202839 ] ] ] } },
{ "type": "Feature", "properties": { "hex_id": "878d89933ffffff", "building_count": 937, "hex_area_km2": 5.0042112700088701, "density": 187, "kategori_density": "Sedang" }, "geometry": { "type": "Polygon", "coordinates": [ [ [ 109.014457564194785, -7.520007043157462 ], [ 109.011685599872138, -7.508155945883061 ], [ 108.999531042929291, -7.505281831890642 ], [ 108.990148557421435, -7.514260253834017 ], [ 108.99292178442029, -7.526111653946711 ], [ 109.005076234374371, -7.528984329502013 ], [ 109.014457564194785, -7.520007043157462 ] ] ] } },
{ "type": "Feature", "properties": { "hex_id": "878d89934ffffff", "building_count": 574, "hex_area_km2": 4.9999247455368971, "density": 115, "kategori_density": "Sedang" }, "geometry": { "type": "Polygon", "coordinates": [ [ [ 109.044300858349203, -7.54944333776429 ], [ 109.041530986637042, -7.537598086584627 ], [ 109.029380836322545, -7.53472754601699 ], [ 109.020000663181676, -7.543703696518321 ], [ 109.022771797902735, -7.555549251275923 ], [ 109.034921842878845, -7.558418352178593 ], [ 109.044300858349203, -7.54944333776429 ] ] ] } },
{ "type": "Feature", "properties": { "hex_id": "878d89936ffffff", "building_count": 1194, "hex_area_km2": 5.0012575983975145, "density": 239, "kategori_density": "Sedang" }, "geometry": { "type": "Polygon", "coordinates": [ [ [ 109.050910323810015, -7.528621892330817 ], [ 109.0481406691068, -7.516774022137177 ], [ 109.035990413800491, -7.513902041202839 ], [ 109.026609918312218, -7.522879371053075 ], [ 109.029380836322545, -7.53472754601699 ], [ 109.041530986637042, -7.537598086584627 ], [ 109.050910323810015, -7.528621892330817 ] ] ] } },
{ "type": "Feature", "properties": { "hex_id": "878d89980ffffff", "building_count": 357, "hex_area_km2": 5.0151378352826788, "density": 71, "kategori_density": "Rendah" }, "geometry": { "type": "Polygon", "coordinates": [ [ [ 109.017656213314893, -7.386325710522929 ], [ 109.014883238952493, -7.374455723288859 ], [ 109.002723741293053, -7.371570844346198 ], [ 108.993337325026971, -7.380557393545047 ], [ 108.996111563226066, -7.392427688843349 ], [ 109.008270953978226, -7.395311127102326 ], [ 109.017656213314893, -7.386325710522929 ] ] ] } },
{ "type": "Feature", "properties": { "hex_id": "878d89981ffffff", "building_count": 2224, "hex_area_km2": 5.0159523820245839, "density": 443, "kategori_density": "Tinggi" }, "geometry": { "type": "Polygon", "coordinates": [ [ [ 108.996111563226066, -7.392427688843349 ], [ 108.993337325026971, -7.380557393545047 ], [ 108.981175731084406, -7.377672175393426 ], [ 108.97178848354605, -7.386658692129074 ], [ 108.974563985114955, -7.398529293921394 ], [ 108.986725470976381, -7.401413072707874 ], [ 108.996111563226066, -7.392427688843349 ] ] ] } },
{ "type": "Feature", "properties": { "hex_id": "878d89982ffffff", "building_count": 576, "hex_area_km2": 5.0164612971887896, "density": 115, "kategori_density": "Sedang" }, "geometry": { "type": "Polygon", "coordinates": [ [ [ 109.024268821430979, -7.365469143889647 ], [ 109.021496063949201, -7.353596553655127 ], [ 109.009336459729539, -7.35071023333506 ], [ 108.999949719675499, -7.359697944850593 ], [ 109.002723741293053, -7.371570844346198 ], [ 109.014883238952493, -7.374455723288859 ], [ 109.024268821430979, -7.365469143889647 ] ] ] } },
{ "type": "Feature", "properties": { "hex_id": "878d89983ffffff", "building_count": 1608, "hex_area_km2": 5.0172773566527926, "density": 320, "kategori_density": "Tinggi" }, "geometry": { "type": "Polygon", "coordinates": [ [ [ 109.002723741293053, -7.371570844346198 ], [ 108.999949719675499, -7.359697944850593 ], [ 108.98778801799871, -7.356811286640128 ], [ 108.978400445797618, -7.365798968207852 ], [ 108.981175731084406, -7.377672175393426 ], [ 108.993337325026971, -7.380557393545047 ], [ 109.002723741293053, -7.371570844346198 ] ] ] } },
{ "type": "Feature", "properties": { "hex_id": "878d89984ffffff", "building_count": 1047, "hex_area_km2": 5.0129975285260873, "density": 209, "kategori_density": "Sedang" }, "geometry": { "type": "Polygon", "coordinates": [ [ [ 109.032585433097879, -7.401075882420654 ], [ 109.029813505976861, -7.389208808947347 ], [ 109.017656213314893, -7.386325710522929 ], [ 109.008270953978226, -7.395311127102326 ], [ 109.01104414510273, -7.407178509012877 ], [ 109.023201331683836, -7.410060166130584 ], [ 109.032585433097879, -7.401075882420654 ] ] ] } },
{ "type": "Feature", "properties": { "hex_id": "878d89985ffffff", "building_count": 964, "hex_area_km2": 5.0138126490339241, "density": 192, "kategori_density": "Sedang" }, "geometry": { "type": "Polygon", "coordinates": [ [ [ 109.01104414510273, -7.407178509012877 ], [ 109.008270953978226, -7.395311127102326 ], [ 108.996111563226066, -7.392427688843349 ], [ 108.986725470976381, -7.401413072707874 ], [ 108.989499925638441, -7.413280761486709 ], [ 109.001659209136363, -7.416162759756604 ], [ 109.01104414510273, -7.407178509012877 ] ] ] } },
{ "type": "Feature", "properties": { "hex_id": "878d89986ffffff", "building_count": 1189, "hex_area_km2": 5.0143212024147079, "density": 237, "kategori_density": "Sedang" }, "geometry": { "type": "Polygon", "coordinates": [ [ [ 109.039197929886853, -7.380223361915379 ], [ 109.036426219826737, -7.368353684315432 ], [ 109.024268821430979, -7.365469143889647 ], [ 109.014883238952493, -7.374455723288859 ], [ 109.017656213314893, -7.386325710522929 ], [ 109.029813505976861, -7.389208808947347 ], [ 109.039197929886853, -7.380223361915379 ] ] ] } },
{ "type": "Feature", "properties": { "hex_id": "878d89988ffffff", "building_count": 155, "hex_area_km2": 5.0189032092733008, "density": 31, "kategori_density": "Rendah" }, "geometry": { "type": "Polygon", "coordinates": [ [ [ 108.959624796303927, -7.383773134076223 ], [ 108.956848247815842, -7.371899620772141 ], [ 108.944682360177552, -7.369012284706594 ], [ 108.935293131235184, -7.377999899588161 ], [ 108.938070942455411, -7.389873717439011 ], [ 108.950236720010423, -7.392759616085405 ], [ 108.959624796303927, -7.383773134076223 ] ] ] } },
{ "type": "Feature", "properties": { "hex_id": "878d8998affffff", "building_count": 89, "hex_area_km2": 5.0202294833849352, "density": 18, "kategori_density": "Rendah" }, "geometry": { "type": "Polygon", "coordinates": [ [ [ 108.966236649646959, -7.362911971415605 ], [ 108.963460317259944, -7.351035853847182 ], [ 108.951294319885193, -7.348147079669786 ], [ 108.941904764758391, -7.357135861396428 ], [ 108.944682360177552, -7.369012284706594 ], [ 108.956848247815842, -7.371899620772141 ], [ 108.966236649646959, -7.362911971415605 ] ] ] } },
{ "type": "Feature", "properties": { "hex_id": "878d8998cffffff", "building_count": 883, "hex_area_km2": 5.0167648408547709, "density": 176, "kategori_density": "Sedang" }, "geometry": { "type": "Polygon", "coordinates": [ [ [ 108.974563985114955, -7.398529293921394 ], [ 108.97178848354605, -7.386658692129074 ], [ 108.959624796303927, -7.383773134076223 ], [ 108.950236720010423, -7.392759616085405 ], [ 108.953013484480934, -7.404630522801229 ], [ 108.965177062467646, -7.407514642808286 ], [ 108.974563985114955, -7.398529293921394 ] ] ] } },
{ "type": "Feature", "properties": { "hex_id": "878d8998dffffff", "building_count": 458, "hex_area_km2": 5.0175752099745035, "density": 91, "kategori_density": "Rendah" }, "geometry": { "type": "Polygon", "coordinates": [ [ [ 108.953013484480934, -7.404630522801229 ], [ 108.950236720010423, -7.392759616085405 ], [ 108.938070942455411, -7.389873717439011 ], [ 108.92868203992559, -7.398860162457987 ], [ 108.931460066828222, -7.410731372526501 ], [ 108.943625733953183, -7.413615834447309 ], [ 108.953013484480934, -7.404630522801229 ] ] ] } },
{ "type": "Feature", "properties": { "hex_id": "878d8998effffff", "building_count": 2294, "hex_area_km2": 5.0180913279459993, "density": 457, "kategori_density": "Tinggi" }, "geometry": { "type": "Polygon", "coordinates": [ [ [ 108.981175731084406, -7.377672175393426 ], [ 108.978400445797618, -7.365798968207852 ], [ 108.966236649646959, -7.362911971415605 ], [ 108.956848247815842, -7.371899620772141 ], [ 108.959624796303927, -7.383773134076223 ], [ 108.97178848354605, -7.386658692129074 ], [ 108.981175731084406, -7.377672175393426 ] ] ] } },
{ "type": "Feature", "properties": { "hex_id": "878d89990ffffff", "building_count": 49, "hex_area_km2": 5.0169633726583314, "density": 10, "kategori_density": "Rendah" }, "geometry": { "type": "Polygon", "coordinates": [ [ [ 109.052424541339278, -7.338507032952839 ], [ 109.049653265756433, -7.326632154075137 ], [ 109.037495656934638, -7.323744727566133 ], [ 109.028109428858315, -7.332733623546404 ], [ 109.030881969340953, -7.344608814454718 ], [ 109.043039473123329, -7.34749479757566 ], [ 109.052424541339278, -7.338507032952839 ] ] ] } },
{ "type": "Feature", "properties": { "hex_id": "878d89991ffffff", "building_count": 1102, "hex_area_km2": 5.0177830320782144, "density": 220, "kategori_density": "Sedang" }, "geometry": { "type": "Polygon", "coordinates": [ [ [ 109.030881969340953, -7.344608814454718 ], [ 109.028109428858315, -7.332733623546404 ], [ 109.015949718425574, -7.329845861156068 ], [ 109.006562654812072, -7.338834731967878 ], [ 109.009336459729539, -7.35071023333506 ], [ 109.021496063949201, -7.353596553655127 ], [ 109.030881969340953, -7.344608814454718 ] ] ] } },
{ "type": "Feature", "properties": { "hex_id": "878d89994ffffff", "building_count": 577, "hex_area_km2": 5.0148229209295083, "density": 115, "kategori_density": "Sedang" }, "geometry": { "type": "Polygon", "coordinates": [ [ [ 109.067350169522953, -7.353264646565994 ], [ 109.064579941707279, -7.3413926795658 ], [ 109.052424541339278, -7.338507032952839 ], [ 109.043039473123329, -7.34749479757566 ], [ 109.045810966004055, -7.359367076978267 ], [ 109.057966262158629, -7.36225127957918 ], [ 109.067350169522953, -7.353264646565994 ] ] ] } },
{ "type": "Feature", "properties": { "hex_id": "878d89995ffffff", "building_count": 597, "hex_area_km2": 5.0156431513471338, "density": 119, "kategori_density": "Sedang" }, "geometry": { "type": "Polygon", "coordinates": [ [ [ 109.045810966004055, -7.359367076978267 ], [ 109.043039473123329, -7.34749479757566 ], [ 109.030881969340953, -7.344608814454718 ], [ 109.021496063949201, -7.353596553655127 ], [ 109.024268821430979, -7.365469143889647 ], [ 109.036426219826737, -7.368353684315432 ], [ 109.045810966004055, -7.359367076978267 ] ] ] } },
{ "type": "Feature", "properties": { "hex_id": "878d89996ffffff", "building_count": 271, "hex_area_km2": 5.0161416284050011, "density": 54, "kategori_density": "Rendah" }, "geometry": { "type": "Polygon", "coordinates": [ [ [ 109.073964170235655, -7.332404891782616 ], [ 109.07119416001629, -7.320530326506952 ], [ 109.059038655782174, -7.317643235188995 ], [ 109.049653265756433, -7.326632154075137 ], [ 109.052424541339278, -7.338507032952839 ], [ 109.064579941707279, -7.3413926795658 ], [ 109.073964170235655, -7.332404891782616 ] ] ] } },
{ "type": "Feature", "properties": { "hex_id": "878d89998ffffff", "building_count": 7, "hex_area_km2": 5.0207391220341107, "density": 1, "kategori_density": "Rendah" }, "geometry": { "type": "Polygon", "coordinates": [ [ [ 108.99440084574816, -7.335946633005785 ], [ 108.991625993381504, -7.324068222011861 ], [ 108.979461980454658, -7.321178345663403 ], [ 108.970072928233137, -7.330168320656544 ], [ 108.972849044400419, -7.342047040161738 ], [ 108.985012949112701, -7.344935476386144 ], [ 108.99440084574816, -7.335946633005785 ] ] ] } },
{ "type": "Feature", "properties": { "hex_id": "878d8999cffffff", "building_count": 119, "hex_area_km2": 5.0186006048687561, "density": 24, "kategori_density": "Rendah" }, "geometry": { "type": "Polygon", "coordinates": [ [ [ 109.009336459729539, -7.35071023333506 ], [ 109.006562654812072, -7.338834731967878 ], [ 108.99440084574816, -7.335946633005785 ], [ 108.985012949112701, -7.344935476386144 ], [ 108.98778801799871, -7.356811286640128 ], [ 108.999949719675499, -7.359697944850593 ], [ 109.009336459729539, -7.35071023333506 ] ] ] } },
{ "type": "Feature", "properties": { "hex_id": "878d8999dffffff", "building_count": 1029, "hex_area_km2": 5.0194160892364525, "density": 205, "kategori_density": "Sedang" }, "geometry": { "type": "Polygon", "coordinates": [ [ [ 108.98778801799871, -7.356811286640128 ], [ 108.985012949112701, -7.344935476386144 ], [ 108.972849044400419, -7.342047040161738 ], [ 108.963460317259944, -7.351035853847182 ], [ 108.966236649646959, -7.362911971415605 ], [ 108.978400445797618, -7.365798968207852 ], [ 108.98778801799871, -7.356811286640128 ] ] ] } },
{ "type": "Feature", "properties": { "hex_id": "878d899a0ffffff", "building_count": 724, "hex_area_km2": 5.0095308354676416, "density": 145, "kategori_density": "Sedang" }, "geometry": { "type": "Polygon", "coordinates": [ [ [ 109.040899554194937, -7.43666605853768 ], [ 109.038128457178459, -7.424804507888118 ], [ 109.025973475747307, -7.421924633156906 ], [ 109.016589697057753, -7.430907750530713 ], [ 109.019362057945187, -7.442769608793322 ], [ 109.031516933774469, -7.445648042293004 ], [ 109.040899554194937, -7.43666605853768 ] ] ] } },
{ "type": "Feature", "properties": { "hex_id": "878d899a1ffffff", "building_count": 1071, "hex_area_km2": 5.0103450166570633, "density": 214, "kategori_density": "Sedang" }, "geometry": { "type": "Polygon", "coordinates": [ [ [ 109.019362057945187, -7.442769608793322 ], [ 109.016589697057753, -7.430907750530713 ], [ 109.004432616904438, -7.428027534024208 ], [ 108.995048004536798, -7.437010615919137 ], [ 108.997821628829939, -7.448872780227974 ], [ 109.009978602208591, -7.451751556819644 ], [ 109.019362057945187, -7.442769608793322 ] ] ] } },
{ "type": "Feature", "properties": { "hex_id": "878d899a2ffffff", "building_count": 1079, "hex_area_km2": 5.0108564397993582, "density": 215, "kategori_density": "Sedang" }, "geometry": { "type": "Polygon", "coordinates": [ [ [ 109.047511399677873, -7.415821357297134 ], [ 109.044740519783929, -7.403957199079819 ], [ 109.032585433097879, -7.401075882420654 ], [ 109.023201331683836, -7.410060166130584 ], [ 109.025973475747307, -7.421924633156906 ], [ 109.038128457178459, -7.424804507888118 ], [ 109.047511399677873, -7.415821357297134 ] ] ] } },
{ "type": "Feature", "properties": { "hex_id": "878d899a3ffffff", "building_count": 525, "hex_area_km2": 5.0116721323807267, "density": 105, "kategori_density": "Sedang" }, "geometry": { "type": "Polygon", "coordinates": [ [ [ 109.025973475747307, -7.421924633156906 ], [ 109.023201331683836, -7.410060166130584 ], [ 109.01104414510273, -7.407178509012877 ], [ 109.001659209136363, -7.416162759756604 ], [ 109.004432616904438, -7.428027534024208 ], [ 109.016589697057753, -7.430907750530713 ], [ 109.025973475747307, -7.421924633156906 ] ] ] } },
{ "type": "Feature", "properties": { "hex_id": "878d899a4ffffff", "building_count": 971, "hex_area_km2": 5.0073887616986674, "density": 194, "kategori_density": "Sedang" }, "geometry": { "type": "Polygon", "coordinates": [ [ [ 109.055822379482947, -7.451402782424863 ], [ 109.053052329498897, -7.439544149640591 ], [ 109.040899554194937, -7.43666605853768 ], [ 109.031516933774469, -7.445648042293004 ], [ 109.034288247795104, -7.457506983060799 ], [ 109.046440918322645, -7.460383632313683 ], [ 109.055822379482947, -7.451402782424863 ] ] ] } },
{ "type": "Feature", "properties": { "hex_id": "878d899a5ffffff", "building_count": 894, "hex_area_km2": 5.0082035136303533, "density": 179, "kategori_density": "Sedang" }, "geometry": { "type": "Polygon", "coordinates": [ [ [ 109.034288247795104, -7.457506983060799 ], [ 109.031516933774469, -7.445648042293004 ], [ 109.019362057945187, -7.442769608793322 ], [ 109.009978602208591, -7.451751556819644 ], [ 109.012751179801541, -7.463610804005405 ], [ 109.024905949682093, -7.466487796970882 ], [ 109.034288247795104, -7.457506983060799 ] ] ] } },
{ "type": "Feature", "properties": { "hex_id": "878d899a6ffffff", "building_count": 1145, "hex_area_km2": 5.0087145724929609, "density": 229, "kategori_density": "Sedang" }, "geometry": { "type": "Polygon", "coordinates": [ [ [ 109.062434112092845, -7.430562132417467 ], [ 109.059664279411265, -7.41870089094742 ], [ 109.047511399677873, -7.415821357297134 ], [ 109.038128457178459, -7.424804507888118 ], [ 109.040899554194937, -7.43666605853768 ], [ 109.053052329498897, -7.439544149640591 ], [ 109.062434112092845, -7.430562132417467 ] ] ] } },
{ "type": "Feature", "properties": { "hex_id": "878d899a8ffffff", "building_count": 307, "hex_area_km2": 5.0132972642822775, "density": 61, "kategori_density": "Rendah" }, "geometry": { "type": "Polygon", "coordinates": [ [ [ 108.982888828639972, -7.434130056942854 ], [ 108.980114157633494, -7.422264977001999 ], [ 108.967952780200079, -7.419382636886124 ], [ 108.95856618267203, -7.428366814910327 ], [ 108.961342116449373, -7.440232198956074 ], [ 108.973503385108017, -7.443113101096752 ], [ 108.982888828639972, -7.434130056942854 ] ] ] } },
{ "type": "Feature", "properties": { "hex_id": "878d899a9ffffff", "building_count": 1799, "hex_area_km2": 5.0141067000287567, "density": 359, "kategori_density": "Tinggi" }, "geometry": { "type": "Polygon", "coordinates": [ [ [ 108.961342116449373, -7.440232198956074 ], [ 108.95856618267203, -7.428366814910327 ], [ 108.946402714287473, -7.425484132254571 ], [ 108.937015289753546, -7.434468270524595 ], [ 108.939792485832967, -7.446333957106587 ], [ 108.951955844268696, -7.449215203106394 ], [ 108.961342116449373, -7.440232198956074 ] ] ] } },
{ "type": "Feature", "properties": { "hex_id": "878d899aaffffff", "building_count": 747, "hex_area_km2": 5.0146256836700891, "density": 149, "kategori_density": "Sedang" }, "geometry": { "type": "Polygon", "coordinates": [ [ [ 108.989499925638441, -7.413280761486709 ], [ 108.986725470976381, -7.401413072707874 ], [ 108.974563985114955, -7.398529293921394 ], [ 108.965177062467646, -7.407514642808286 ], [ 108.967952780200079, -7.419382636886124 ], [ 108.980114157633494, -7.422264977001999 ], [ 108.989499925638441, -7.413280761486709 ] ] ] } },
{ "type": "Feature", "properties": { "hex_id": "878d899abffffff", "building_count": 858, "hex_area_km2": 5.015436630652113, "density": 171, "kategori_density": "Sedang" }, "geometry": { "type": "Polygon", "coordinates": [ [ [ 108.967952780200079, -7.419382636886124 ], [ 108.965177062467646, -7.407514642808286 ], [ 108.953013484480934, -7.404630522801229 ], [ 108.943625733953183, -7.413615834447309 ], [ 108.946402714287473, -7.425484132254571 ], [ 108.95856618267203, -7.428366814910327 ], [ 108.967952780200079, -7.419382636886124 ] ] ] } },
{ "type": "Feature", "properties": { "hex_id": "878d899acffffff", "building_count": 545, "hex_area_km2": 5.0111571142787739, "density": 109, "kategori_density": "Sedang" }, "geometry": { "type": "Polygon", "coordinates": [ [ [ 108.997821628829939, -7.448872780227974 ], [ 108.995048004536798, -7.437010615919137 ], [ 108.982888828639972, -7.434130056942854 ], [ 108.973503385108017, -7.443113101096752 ], [ 108.976278272340352, -7.454975569884721 ], [ 108.988437340289337, -7.457854690263707 ], [ 108.997821628829939, -7.448872780227974 ] ] ] } },
{ "type": "Feature", "properties": { "hex_id": "878d899adffffff", "building_count": 1113, "hex_area_km2": 5.0119671265495969, "density": 222, "kategori_density": "Sedang" }, "geometry": { "type": "Polygon", "coordinates": [ [ [ 108.976278272340352, -7.454975569884721 ], [ 108.973503385108017, -7.443113101096752 ], [ 108.961342116449373, -7.440232198956074 ], [ 108.951955844268696, -7.449215203106394 ], [ 108.954731993972374, -7.461077974806068 ], [ 108.966893153509602, -7.463957439667823 ], [ 108.976278272340352, -7.454975569884721 ] ] ] } },
{ "type": "Feature", "properties": { "hex_id": "878d899aeffffff", "building_count": 1327, "hex_area_km2": 5.0124857411350883, "density": 265, "kategori_density": "Sedang" }, "geometry": { "type": "Polygon", "coordinates": [ [ [ 109.004432616904438, -7.428027534024208 ], [ 109.001659209136363, -7.416162759756604 ], [ 108.989499925638441, -7.413280761486709 ], [ 108.980114157633494, -7.422264977001999 ], [ 108.982888828639972, -7.434130056942854 ], [ 108.995048004536798, -7.437010615919137 ], [ 109.004432616904438, -7.428027534024208 ] ] ] } },
{ "type": "Feature", "properties": { "hex_id": "878d899b0ffffff", "building_count": 1980, "hex_area_km2": 5.0113610370730104, "density": 395, "kategori_density": "Tinggi" }, "geometry": { "type": "Polygon", "coordinates": [ [ [ 109.075659192724743, -7.388869518702219 ], [ 109.072889795003178, -7.377003066809054 ], [ 109.060736707452165, -7.374120645975405 ], [ 109.051353121480744, -7.383106121198074 ], [ 109.054123784133694, -7.394972884665466 ], [ 109.066276767949461, -7.397853861559627 ], [ 109.075659192724743, -7.388869518702219 ] ] ] } },
{ "type": "Feature", "properties": { "hex_id": "878d899b1ffffff", "building_count": 979, "hex_area_km2": 5.0121803239409104, "density": 195, "kategori_density": "Sedang" }, "geometry": { "type": "Polygon", "coordinates": [ [ [ 109.054123784133694, -7.394972884665466 ], [ 109.051353121480744, -7.383106121198074 ], [ 109.039197929886853, -7.380223361915379 ], [ 109.029813505976861, -7.389208808947347 ], [ 109.032585433097879, -7.401075882420654 ], [ 109.044740519783929, -7.403957199079819 ], [ 109.054123784133694, -7.394972884665466 ] ] ] } },
{ "type": "Feature", "properties": { "hex_id": "878d899b2ffffff", "building_count": 2112, "hex_area_km2": 5.012681685480489, "density": 421, "kategori_density": "Tinggi" }, "geometry": { "type": "Polygon", "coordinates": [ [ [ 109.082272540525892, -7.368017565657139 ], [ 109.079503360461928, -7.356148512033869 ], [ 109.067350169522953, -7.353264646565994 ], [ 109.057966262158629, -7.36225127957918 ], [ 109.060736707452165, -7.374120645975405 ], [ 109.072889795003178, -7.377003066809054 ], [ 109.082272540525892, -7.368017565657139 ] ] ] } },
{ "type": "Feature", "properties": { "hex_id": "878d899b3ffffff", "building_count": 1351, "hex_area_km2": 5.0135024852130119, "density": 269, "kategori_density": "Sedang" }, "geometry": { "type": "Polygon", "coordinates": [ [ [ 109.060736707452165, -7.374120645975405 ], [ 109.057966262158629, -7.36225127957918 ], [ 109.045810966004055, -7.359367076978267 ], [ 109.036426219826737, -7.368353684315432 ], [ 109.039197929886853, -7.380223361915379 ], [ 109.051353121480744, -7.383106121198074 ], [ 109.060736707452165, -7.374120645975405 ] ] ] } },
{ "type": "Feature", "properties": { "hex_id": "878d899b4ffffff", "building_count": 4476, "hex_area_km2": 5.0092188103290169, "density": 894, "kategori_density": "Tinggi" }, "geometry": { "type": "Polygon", "coordinates": [ [ [ 109.09057842086338, -7.40361369242213 ], [ 109.087810070698083, -7.391750156524785 ], [ 109.075659192724743, -7.388869518702219 ], [ 109.066276767949461, -7.397853861559627 ], [ 109.069046383210235, -7.409717709400513 ], [ 109.081197158273326, -7.412596902664139 ], [ 109.09057842086338, -7.40361369242213 ] ] ] } },
{ "type": "Feature", "properties": { "hex_id": "878d899b5ffffff", "building_count": 2583, "hex_area_km2": 5.0100386651844948, "density": 516, "kategori_density": "Tinggi" }, "geometry": { "type": "Polygon", "coordinates": [ [ [ 109.069046383210235, -7.409717709400513 ], [ 109.066276767949461, -7.397853861559627 ], [ 109.054123784133694, -7.394972884665466 ], [ 109.044740519783929, -7.403957199079819 ], [ 109.047511399677873, -7.415821357297134 ], [ 109.059664279411265, -7.41870089094742 ], [ 109.069046383210235, -7.409717709400513 ] ] ] } },
{ "type": "Feature", "properties": { "hex_id": "878d899b6ffffff", "building_count": 1955, "hex_area_km2": 5.0105396697143609, "density": 390, "kategori_density": "Tinggi" }, "geometry": { "type": "Polygon", "coordinates": [ [ [ 109.097191653390396, -7.382765787485203 ], [ 109.094423521062254, -7.370899648734313 ], [ 109.082272540525892, -7.368017565657139 ], [ 109.072889795003178, -7.377003066809054 ], [ 109.075659192724743, -7.388869518702219 ], [ 109.087810070698083, -7.391750156524785 ], [ 109.097191653390396, -7.382765787485203 ] ] ] } },
{ "type": "Feature", "properties": { "hex_id": "878d8d088ffffff", "building_count": 480, "hex_area_km2": 4.9680278373692781, "density": 97, "kategori_density": "Rendah" }, "geometry": { "type": "Polygon", "coordinates": [ [ [ 109.422961466453756, -7.649852231535629 ], [ 109.42021577549707, -7.638042398704591 ], [ 109.408111265653218, -7.635195109667964 ], [ 109.39875253154112, -7.644159112979582 ], [ 109.401499491751878, -7.655969268820274 ], [ 109.413603916937902, -7.658815098563604 ], [ 109.422961466453756, -7.649852231535629 ] ] ] } },
{ "type": "Feature", "properties": { "hex_id": "878d8d089ffffff", "building_count": 631, "hex_area_km2": 4.9688637479382427, "density": 127, "kategori_density": "Sedang" }, "geometry": { "type": "Polygon", "coordinates": [ [ [ 109.401499491751878, -7.655969268820274 ], [ 109.39875253154112, -7.644159112979582 ], [ 109.38664587508336, -7.641311476056942 ], [ 109.37728626477373, -7.650275453195674 ], [ 109.380034493797766, -7.662085930502164 ], [ 109.392141064435691, -7.664932109428095 ], [ 109.401499491751878, -7.655969268820274 ] ] ] } },
{ "type": "Feature", "properties": { "hex_id": "878d8d08affffff", "building_count": 1683, "hex_area_km2": 4.9693476837202386, "density": 339, "kategori_density": "Tinggi" }, "geometry": { "type": "Polygon", "coordinates": [ [ [ 109.429573630939146, -7.629078371470148 ], [ 109.426828161890327, -7.617265919628713 ], [ 109.414723567736146, -7.614417170586612 ], [ 109.405364527058268, -7.623382333615245 ], [ 109.408111265653218, -7.635195109667964 ], [ 109.42021577549707, -7.638042398704591 ], [ 109.429573630939146, -7.629078371470148 ] ] ] } },
{ "type": "Feature", "properties": { "hex_id": "878d8d08bffffff", "building_count": 755, "hex_area_km2": 4.9701851008817073, "density": 152, "kategori_density": "Sedang" }, "geometry": { "type": "Polygon", "coordinates": [ [ [ 109.408111265653218, -7.635195109667964 ], [ 109.405364527058268, -7.623382333615245 ], [ 109.393257785128085, -7.620533237983727 ], [ 109.383897867382743, -7.629498377337694 ], [ 109.38664587508336, -7.641311476056942 ], [ 109.39875253154112, -7.644159112979582 ], [ 109.408111265653218, -7.635195109667964 ] ] ] } },
{ "type": "Feature", "properties": { "hex_id": "878d8d08effffff", "building_count": 331, "hex_area_km2": 4.9671898906054643, "density": 67, "kategori_density": "Rendah" }, "geometry": { "type": "Polygon", "coordinates": [ [ [ 109.4444204125206, -7.643734821604311 ], [ 109.441675991257497, -7.631925313326451 ], [ 109.429573630939146, -7.629078371470148 ], [ 109.42021577549707, -7.638042398704591 ], [ 109.422961466453756, -7.649852231535629 ], [ 109.435063743275848, -7.652697712802897 ], [ 109.4444204125206, -7.643734821604311 ] ] ] } },
{ "type": "Feature", "properties": { "hex_id": "878d8d098ffffff", "building_count": 227, "hex_area_km2": 4.9698248804190195, "density": 46, "kategori_density": "Rendah" }, "geometry": { "type": "Polygon", "coordinates": [ [ [ 109.457646045622965, -7.602183934705 ], [ 109.454902068876336, -7.59036919308965 ], [ 109.442799542608356, -7.587519327919544 ], [ 109.433441076004698, -7.596485666601016 ], [ 109.436186323028352, -7.608300735175532 ], [ 109.448288766495367, -7.611149138333064 ], [ 109.457646045622965, -7.602183934705 ] ] ] } },
{ "type": "Feature", "properties": { "hex_id": "878d8d099ffffff", "building_count": 1248, "hex_area_km2": 4.9706658413914155, "density": 251, "kategori_density": "Sedang" }, "geometry": { "type": "Polygon", "coordinates": [ [ [ 109.436186323028352, -7.608300735175532 ], [ 109.433441076004698, -7.596485666601016 ], [ 109.421336397887799, -7.593635456842122 ], [ 109.411977050874341, -7.602601776598271 ], [ 109.414723567736146, -7.614417170586612 ], [ 109.426828161890327, -7.617265919628713 ], [ 109.436186323028352, -7.608300735175532 ] ] ] } },
{ "type": "Feature", "properties": { "hex_id": "878d8d09bffffff", "building_count": 158, "hex_area_km2": 4.9719823077276519, "density": 32, "kategori_density": "Rendah" }, "geometry": { "type": "Polygon", "coordinates": [ [ [ 109.442799542608356, -7.587519327919544 ], [ 109.440054517727191, -7.575701644892864 ], [ 109.427949755995229, -7.572849973706743 ], [ 109.418590102876493, -7.581817447198162 ], [ 109.421336397887799, -7.593635456842122 ], [ 109.433441076004698, -7.596485666601016 ], [ 109.442799542608356, -7.587519327919544 ] ] ] } },
{ "type": "Feature", "properties": { "hex_id": "878d8d09dffffff", "building_count": 787, "hex_area_km2": 4.9685082301537271, "density": 158, "kategori_density": "Sedang" }, "geometry": { "type": "Polygon", "coordinates": [ [ [ 109.451032965558866, -7.622961264418791 ], [ 109.448288766495367, -7.611149138333064 ], [ 109.436186323028352, -7.608300735175532 ], [ 109.426828161890327, -7.617265919628713 ], [ 109.429573630939146, -7.629078371470148 ], [ 109.441675991257497, -7.631925313326451 ], [ 109.451032965558866, -7.622961264418791 ] ] ] } },
{ "type": "Feature", "properties": { "hex_id": "878d8d0d0ffffff", "building_count": 104, "hex_area_km2": 4.9718538186742931, "density": 21, "kategori_density": "Rendah" }, "geometry": { "type": "Polygon", "coordinates": [ [ [ 109.365177464616735, -7.647427467681173 ], [ 109.362428188252238, -7.635614047840499 ], [ 109.350317159515967, -7.632764256915083 ], [ 109.340955495060115, -7.641729342167476 ], [ 109.343706039645454, -7.653543081584174 ], [ 109.355816980583882, -7.656391416396507 ], [ 109.365177464616735, -7.647427467681173 ] ] ] } },
{ "type": "Feature", "properties": { "hex_id": "878d8d0d2ffffff", "building_count": 2614, "hex_area_km2": 4.9731764972317754, "density": 526, "kategori_density": "Tinggi" }, "geometry": { "type": "Polygon", "coordinates": [ [ [ 109.371788980590821, -7.626648934411792 ], [ 109.36903992537448, -7.614832894233144 ], [ 109.356928809187707, -7.611981646483434 ], [ 109.347566835785813, -7.620947895960607 ], [ 109.350317159515967, -7.632764256915083 ], [ 109.362428188252238, -7.635614047840499 ], [ 109.371788980590821, -7.626648934411792 ] ] ] } },
{ "type": "Feature", "properties": { "hex_id": "878d8d0d3ffffff", "building_count": 736, "hex_area_km2": 4.9740093007456316, "density": 148, "kategori_density": "Sedang" }, "geometry": { "type": "Polygon", "coordinates": [ [ [ 109.350317159515967, -7.632764256915083 ], [ 109.347566835785813, -7.620947895960607 ], [ 109.335453579411706, -7.618096300805328 ], [ 109.32609073550006, -7.627062522353643 ], [ 109.328842327299967, -7.638879202537295 ], [ 109.340955495060115, -7.641729342167476 ], [ 109.350317159515967, -7.632764256915083 ] ] ] } },
{ "type": "Feature", "properties": { "hex_id": "878d8d0d4ffffff", "building_count": 154, "hex_area_km2": 4.969697620497711, "density": 31, "kategori_density": "Rendah" }, "geometry": { "type": "Polygon", "coordinates": [ [ [ 109.380034493797766, -7.662085930502164 ], [ 109.37728626477373, -7.650275453195674 ], [ 109.365177464616735, -7.647427467681173 ], [ 109.355816980583882, -7.656391416396507 ], [ 109.35856647797911, -7.66820221362461 ], [ 109.37067519115385, -7.671048742439834 ], [ 109.380034493797766, -7.662085930502164 ] ] ] } },
{ "type": "Feature", "properties": { "hex_id": "878d8d0d6ffffff", "building_count": 669, "hex_area_km2": 4.971020479804241, "density": 135, "kategori_density": "Sedang" }, "geometry": { "type": "Polygon", "coordinates": [ [ [ 109.38664587508336, -7.641311476056942 ], [ 109.383897867382743, -7.629498377337694 ], [ 109.371788980590821, -7.626648934411792 ], [ 109.362428188252238, -7.635614047840499 ], [ 109.365177464616735, -7.647427467681173 ], [ 109.37728626477373, -7.650275453195674 ], [ 109.38664587508336, -7.641311476056942 ] ] ] } },
{ "type": "Feature", "properties": { "hex_id": "878d8d0daffffff", "building_count": 1334, "hex_area_km2": 4.9769942838807655, "density": 268, "kategori_density": "Sedang" }, "geometry": { "type": "Polygon", "coordinates": [ [ [ 109.313975341861806, -7.624210579088246 ], [ 109.311222702823358, -7.612390959563206 ], [ 109.299105084252389, -7.609537213848621 ], [ 109.289740195433595, -7.618504541517546 ], [ 109.292494101943703, -7.630324478375478 ], [ 109.304611629919862, -7.633176770455664 ], [ 109.313975341861806, -7.624210579088246 ] ] ] } },
{ "type": "Feature", "properties": { "hex_id": "878d8d0dbffffff", "building_count": 806, "hex_area_km2": 4.9778224566425804, "density": 162, "kategori_density": "Sedang" }, "geometry": { "type": "Polygon", "coordinates": [ [ [ 109.292494101943703, -7.630324478375478 ], [ 109.289740195433595, -7.618504541517546 ], [ 109.277620444289298, -7.615650447585126 ], [ 109.268254691533926, -7.624617743067415 ], [ 109.271009865068123, -7.636437995709719 ], [ 109.283129524452846, -7.639290637309499 ], [ 109.292494101943703, -7.630324478375478 ] ] ] } },
{ "type": "Feature", "properties": { "hex_id": "878d8d0deffffff", "building_count": 371, "hex_area_km2": 4.9748400603470273, "density": 75, "kategori_density": "Rendah" }, "geometry": { "type": "Polygon", "coordinates": [ [ [ 109.328842327299967, -7.638879202537295 ], [ 109.32609073550006, -7.627062522353643 ], [ 109.313975341861806, -7.624210579088246 ], [ 109.304611629919862, -7.633176770455664 ], [ 109.307364489344195, -7.644993768321535 ], [ 109.319479793204678, -7.647844257361853 ], [ 109.328842327299967, -7.638879202537295 ] ] ] } },
{ "type": "Feature", "properties": { "hex_id": "878d8d290ffffff", "building_count": 44, "hex_area_km2": 4.992676186661746, "density": 9, "kategori_density": "Rendah" }, "geometry": { "type": "Polygon", "coordinates": [ [ [ 109.110557433612541, -7.587454148974443 ], [ 109.107791964667967, -7.575617984185054 ], [ 109.09565053760943, -7.572753162368486 ], [ 109.086274681314393, -7.581725948370121 ], [ 109.089041414221867, -7.593562419394137 ], [ 109.101182739583507, -7.596425798406235 ], [ 109.110557433612541, -7.587454148974443 ] ] ] } },
{ "type": "Feature", "properties": { "hex_id": "878d8d292ffffff", "building_count": 2291, "hex_area_km2": 4.9940081113314534, "density": 459, "kategori_density": "Tinggi" }, "geometry": { "type": "Polygon", "coordinates": [ [ [ 109.117166977594522, -7.566645155950993 ], [ 109.114401726494265, -7.554806370043564 ], [ 109.102260198085517, -7.551940104718008 ], [ 109.092884022249194, -7.560914069033132 ], [ 109.09565053760943, -7.572753162368486 ], [ 109.107791964667967, -7.575617984185054 ], [ 109.117166977594522, -7.566645155950993 ] ] ] } },
{ "type": "Feature", "properties": { "hex_id": "878d8d293ffffff", "building_count": 119, "hex_area_km2": 4.9948226751417542, "density": 24, "kategori_density": "Rendah" }, "geometry": { "type": "Polygon", "coordinates": [ [ [ 109.09565053760943, -7.572753162368486 ], [ 109.092884022249194, -7.560914069033132 ], [ 109.08074038667165, -7.558047455604679 ], [ 109.071363369096503, -7.567021377933621 ], [ 109.07413114825674, -7.578860777139393 ], [ 109.086274681314393, -7.581725948370121 ], [ 109.09565053760943, -7.572753162368486 ] ] ] } },
{ "type": "Feature", "properties": { "hex_id": "878d8d296ffffff", "building_count": 258, "hex_area_km2": 4.991861061476099, "density": 52, "kategori_density": "Rendah" }, "geometry": { "type": "Polygon", "coordinates": [ [ [ 109.132070500215931, -7.58134548605303 ], [ 109.129306295693212, -7.56950962905455 ], [ 109.117166977594522, -7.566645155950993 ], [ 109.107791964667967, -7.575617984185054 ], [ 109.110557433612541, -7.587454148974443 ], [ 109.122696651183546, -7.59031717796315 ], [ 109.132070500215931, -7.58134548605303 ] ] ] } },
{ "type": "Feature", "properties": { "hex_id": "878d8d29affffff", "building_count": 40, "hex_area_km2": 4.9977803367661338, "density": 8, "kategori_density": "Rendah" }, "geometry": { "type": "Polygon", "coordinates": [ [ [ 109.059217629313594, -7.564154415701828 ], [ 109.056448803884962, -7.552312089776194 ], [ 109.044300858349203, -7.54944333776429 ], [ 109.034921842878845, -7.558418352178593 ], [ 109.037691931481646, -7.570260982050107 ], [ 109.049839772503475, -7.57312829378582 ], [ 109.059217629313594, -7.564154415701828 ] ] ] } },
{ "type": "Feature", "properties": { "hex_id": "878d8d29effffff", "building_count": 45, "hex_area_km2": 4.9956351681571727, "density": 9, "kategori_density": "Rendah" }, "geometry": { "type": "Polygon", "coordinates": [ [ [ 109.07413114825674, -7.578860777139393 ], [ 109.071363369096503, -7.567021377933621 ], [ 109.059217629313594, -7.564154415701828 ], [ 109.049839772503475, -7.57312829378582 ], [ 109.052608815002458, -7.584967997304163 ], [ 109.064754451095396, -7.587833518650338 ], [ 109.07413114825674, -7.578860777139393 ] ] ] } },
{ "type": "Feature", "properties": { "hex_id": "878d8d600ffffff", "building_count": 5835, "hex_area_km2": 4.9943517821385539, "density": 1168, "kategori_density": "Tinggi" }, "geometry": { "type": "Polygon", "coordinates": [ [ [ 109.272656803525365, -7.446722048602103 ], [ 109.269900027230818, -7.434874707194363 ], [ 109.257770830008113, -7.432004703316886 ], [ 109.248398502150067, -7.440983495240172 ], [ 109.25115654661748, -7.452831158218826 ], [ 109.263285650889813, -7.45569970792674 ], [ 109.272656803525365, -7.446722048602103 ] ] ] } },
{ "type": "Feature", "properties": { "hex_id": "878d8d601ffffff", "building_count": 9129, "hex_area_km2": 4.9951847745830209, "density": 1828, "kategori_density": "Tinggi" }, "geometry": { "type": "Polygon", "coordinates": [ [ [ 109.25115654661748, -7.452831158218826 ], [ 109.248398502150067, -7.440983495240172 ], [ 109.236267175372291, -7.438113152685212 ], [ 109.226893987300045, -7.447091926195625 ], [ 109.229653299489399, -7.4589399091859 ], [ 109.241784532149126, -7.461808798877685 ], [ 109.25115654661748, -7.452831158218826 ] ] ] } },
{ "type": "Feature", "properties": { "hex_id": "878d8d602ffffff", "building_count": 8165, "hex_area_km2": 4.995666113713825, "density": 1634, "kategori_density": "Tinggi" }, "geometry": { "type": "Polygon", "coordinates": [ [ [ 109.2792714923836, -7.42589589911418 ], [ 109.276514936298582, -7.41404595528418 ], [ 109.264385646473258, -7.411174496536685 ], [ 109.25501300545524, -7.420154436712585 ], [ 109.257770830008113, -7.432004703316886 ], [ 109.269900027230818, -7.434874707194363 ], [ 109.2792714923836, -7.42589589911418 ] ] ] } },
{ "type": "Feature", "properties": { "hex_id": "878d8d603ffffff", "building_count": 9081, "hex_area_km2": 4.9965006180187883, "density": 1817, "kategori_density": "Tinggi" }, "geometry": { "type": "Polygon", "coordinates": [ [ [ 109.257770830008113, -7.432004703316886 ], [ 109.25501300545524, -7.420154436712585 ], [ 109.242881584907082, -7.417282640594033 ], [ 109.233508082802174, -7.426262564866818 ], [ 109.236267175372291, -7.438113152685212 ], [ 109.248398502150067, -7.440983495240172 ], [ 109.257770830008113, -7.432004703316886 ] ] ] } },
{ "type": "Feature", "properties": { "hex_id": "878d8d604ffffff", "building_count": 5189, "hex_area_km2": 4.992202196429731, "density": 1039, "kategori_density": "Tinggi" }, "geometry": { "type": "Polygon", "coordinates": [ [ [ 109.28753950452797, -7.461434673771579 ], [ 109.28478377646961, -7.449590259023135 ], [ 109.272656803525365, -7.446722048602103 ], [ 109.263285650889813, -7.45569970792674 ], [ 109.266042647275995, -7.467544444601686 ], [ 109.278169528089407, -7.470411200248983 ], [ 109.28753950452797, -7.461434673771579 ] ] ] } },
{ "type": "Feature", "properties": { "hex_id": "878d8d605ffffff", "building_count": 4948, "hex_area_km2": 4.9930357365193831, "density": 991, "kategori_density": "Tinggi" }, "geometry": { "type": "Polygon", "coordinates": [ [ [ 109.266042647275995, -7.467544444601686 ], [ 109.263285650889813, -7.45569970792674 ], [ 109.25115654661748, -7.452831158218826 ], [ 109.241784532149126, -7.461808798877685 ], [ 109.244542796413157, -7.473653855921081 ], [ 109.256671807387491, -7.476520952160742 ], [ 109.266042647275995, -7.467544444601686 ] ] ] } },
{ "type": "Feature", "properties": { "hex_id": "878d8d606ffffff", "building_count": 5095, "hex_area_km2": 4.9935167305519661, "density": 1020, "kategori_density": "Tinggi" }, "geometry": { "type": "Polygon", "coordinates": [ [ [ 109.294154064782973, -7.440612583288162 ], [ 109.291398557110952, -7.428765565010334 ], [ 109.2792714923836, -7.42589589911418 ], [ 109.269900027230818, -7.434874707194363 ], [ 109.272656803525365, -7.446722048602103 ], [ 109.28478377646961, -7.449590259023135 ], [ 109.294154064782973, -7.440612583288162 ] ] ] } },
{ "type": "Feature", "properties": { "hex_id": "878d8d608ffffff", "building_count": 3551, "hex_area_km2": 4.9981634412420295, "density": 710, "kategori_density": "Tinggi" }, "geometry": { "type": "Polygon", "coordinates": [ [ [ 109.214760533910592, -7.444221244266879 ], [ 109.212000173775124, -7.432370336794934 ], [ 109.199864500613316, -7.429497863847806 ], [ 109.190489283814742, -7.438477749544371 ], [ 109.19325091106235, -7.450328975109007 ], [ 109.205386488117, -7.453199997107959 ], [ 109.214760533910592, -7.444221244266879 ] ] ] } },
{ "type": "Feature", "properties": { "hex_id": "878d8d609ffffff", "building_count": 1745, "hex_area_km2": 4.9989917565210567, "density": 349, "kategori_density": "Tinggi" }, "geometry": { "type": "Polygon", "coordinates": [ [ [ 109.19325091106235, -7.450328975109007 ], [ 109.190489283814742, -7.438477749544371 ], [ 109.178351488768286, -7.435604937139445 ], [ 109.168975418366514, -7.444584800161984 ], [ 109.171738312271756, -7.456436342258109 ], [ 109.18387601004207, -7.459307705023846 ], [ 109.19325091106235, -7.450328975109007 ] ] ] } },
{ "type": "Feature", "properties": { "hex_id": "878d8d60affffff", "building_count": 9400, "hex_area_km2": 4.9994805928019819, "density": 1880, "kategori_density": "Tinggi" }, "geometry": { "type": "Polygon", "coordinates": [ [ [ 109.221374534474137, -7.42339043068177 ], [ 109.2186143937803, -7.411536919491549 ], [ 109.206478624858875, -7.408662994896795 ], [ 109.197103092511441, -7.417644033363363 ], [ 109.199864500613316, -7.429497863847806 ], [ 109.212000173775124, -7.432370336794934 ], [ 109.221374534474137, -7.42339043068177 ] ] ] } },
{ "type": "Feature", "properties": { "hex_id": "878d8d60bffffff", "building_count": 3873, "hex_area_km2": 5.0003104198527026, "density": 775, "kategori_density": "Tinggi" }, "geometry": { "type": "Polygon", "coordinates": [ [ [ 109.199864500613316, -7.429497863847806 ], [ 109.197103092511441, -7.417644033363363 ], [ 109.184965200536311, -7.414769770619823 ], [ 109.175588813712594, -7.423750788922886 ], [ 109.178351488768286, -7.435604937139445 ], [ 109.190489283814742, -7.438477749544371 ], [ 109.199864500613316, -7.429497863847806 ] ] ] } },
{ "type": "Feature", "properties": { "hex_id": "878d8d60cffffff", "building_count": 4010, "hex_area_km2": 4.9960157060626242, "density": 803, "kategori_density": "Tinggi" }, "geometry": { "type": "Polygon", "coordinates": [ [ [ 109.229653299489399, -7.4589399091859 ], [ 109.226893987300045, -7.447091926195625 ], [ 109.214760533910592, -7.444221244266879 ], [ 109.205386488117, -7.453199997107959 ], [ 109.208147067576078, -7.465048298550234 ], [ 109.22028042567942, -7.467917528923048 ], [ 109.229653299489399, -7.4589399091859 ] ] ] } },
{ "type": "Feature", "properties": { "hex_id": "878d8d60dffffff", "building_count": 1956, "hex_area_km2": 4.9968445747585086, "density": 391, "kategori_density": "Tinggi" }, "geometry": { "type": "Polygon", "coordinates": [ [ [ 109.208147067576078, -7.465048298550234 ], [ 109.205386488117, -7.453199997107959 ], [ 109.19325091106235, -7.450328975109007 ], [ 109.18387601004207, -7.459307705023846 ], [ 109.186637856317361, -7.47115632335816 ], [ 109.198773336917412, -7.47402589510928 ], [ 109.208147067576078, -7.465048298550234 ] ] ] } },
{ "type": "Feature", "properties": { "hex_id": "878d8d60effffff", "building_count": 7913, "hex_area_km2": 4.997333061138705, "density": 1583, "kategori_density": "Tinggi" }, "geometry": { "type": "Polygon", "coordinates": [ [ [ 109.236267175372291, -7.438113152685212 ], [ 109.233508082802174, -7.426262564866818 ], [ 109.221374534474137, -7.42339043068177 ], [ 109.212000173775124, -7.432370336794934 ], [ 109.214760533910592, -7.444221244266879 ], [ 109.226893987300045, -7.447091926195625 ], [ 109.236267175372291, -7.438113152685212 ] ] ] } },
{ "type": "Feature", "properties": { "hex_id": "878d8d610ffffff", "building_count": 3596, "hex_area_km2": 4.9961406522312632, "density": 720, "kategori_density": "Tinggi" }, "geometry": { "type": "Polygon", "coordinates": [ [ [ 109.307384781274408, -7.398957158318504 ], [ 109.304629714728605, -7.387104939919714 ], [ 109.292502467478627, -7.384232360972805 ], [ 109.283130377981109, -7.393213457523051 ], [ 109.285886713738719, -7.405066001461214 ], [ 109.298013869901339, -7.407937123532951 ], [ 109.307384781274408, -7.398957158318504 ] ] ] } },
{ "type": "Feature", "properties": { "hex_id": "878d8d611ffffff", "building_count": 4714, "hex_area_km2": 4.9969787285828859, "density": 943, "kategori_density": "Tinggi" }, "geometry": { "type": "Polygon", "coordinates": [ [ [ 109.285886713738719, -7.405066001461214 ], [ 109.283130377981109, -7.393213457523051 ], [ 109.271000995900962, -7.390340543205995 ], [ 109.261628041952818, -7.399321628619933 ], [ 109.264385646473258, -7.411174496536685 ], [ 109.276514936298582, -7.41404595528418 ], [ 109.285886713738719, -7.405066001461214 ] ] ] } },
{ "type": "Feature", "properties": { "hex_id": "878d8d612ffffff", "building_count": 705, "hex_area_km2": 4.9974500344752837, "density": 141, "kategori_density": "Sedang" }, "geometry": { "type": "Polygon", "coordinates": [ [ [ 109.314000937286423, -7.378123834488783 ], [ 109.311246091480484, -7.366269019505612 ], [ 109.299118753491157, -7.36339498298482 ], [ 109.289746352166318, -7.372377219244174 ], [ 109.292502467478627, -7.384232360972805 ], [ 109.304629714728605, -7.387104939919714 ], [ 109.314000937286423, -7.378123834488783 ] ] ] } },
{ "type": "Feature", "properties": { "hex_id": "878d8d613ffffff", "building_count": 2697, "hex_area_km2": 4.998289624090293, "density": 540, "kategori_density": "Tinggi" }, "geometry": { "type": "Polygon", "coordinates": [ [ [ 109.292502467478627, -7.384232360972805 ], [ 109.289746352166318, -7.372377219244174 ], [ 109.277616878179245, -7.369502848658862 ], [ 109.268243611530934, -7.378485076293593 ], [ 109.271000995900962, -7.390340543205995 ], [ 109.283130377981109, -7.393213457523051 ], [ 109.292502467478627, -7.384232360972805 ] ] ] } },
{ "type": "Feature", "properties": { "hex_id": "878d8d614ffffff", "building_count": 2939, "hex_area_km2": 4.9939909288237292, "density": 589, "kategori_density": "Tinggi" }, "geometry": { "type": "Polygon", "coordinates": [ [ [ 109.322263818640138, -7.413677238011707 ], [ 109.319509800837494, -7.401827944409637 ], [ 109.307384781274408, -7.398957158318504 ], [ 109.298013869901339, -7.407937123532951 ], [ 109.300769157069183, -7.419786743028772 ], [ 109.31289408636394, -7.4226560716396 ], [ 109.322263818640138, -7.413677238011707 ] ] ] } },
{ "type": "Feature", "properties": { "hex_id": "878d8d615ffffff", "building_count": 2871, "hex_area_km2": 4.9948295500418798, "density": 575, "kategori_density": "Tinggi" }, "geometry": { "type": "Polygon", "coordinates": [ [ [ 109.300769157069183, -7.419786743028772 ], [ 109.298013869901339, -7.407937123532951 ], [ 109.285886713738719, -7.405066001461214 ], [ 109.276514936298582, -7.41404595528418 ], [ 109.2792714923836, -7.42589589911418 ], [ 109.291398557110952, -7.428765565010334 ], [ 109.300769157069183, -7.419786743028772 ] ] ] } },
{ "type": "Feature", "properties": { "hex_id": "878d8d616ffffff", "building_count": 12, "hex_area_km2": 4.9953005181241119, "density": 2, "kategori_density": "Rendah" }, "geometry": { "type": "Polygon", "coordinates": [ [ [ 109.328879843656139, -7.392847970058765 ], [ 109.326126046769815, -7.380996078759821 ], [ 109.314000937286423, -7.378123834488783 ], [ 109.304629714728605, -7.387104939919714 ], [ 109.307384781274408, -7.398957158318504 ], [ 109.319509800837494, -7.401827944409637 ], [ 109.328879843656139, -7.392847970058765 ] ] ] } },
{ "type": "Feature", "properties": { "hex_id": "878d8d618ffffff", "building_count": 8634, "hex_area_km2": 4.9999626220646194, "density": 1727, "kategori_density": "Tinggi" }, "geometry": { "type": "Polygon", "coordinates": [ [ [ 109.249496527981975, -7.396448378238272 ], [ 109.246737875004229, -7.384592587704152 ], [ 109.234604137842041, -7.381717546908892 ], [ 109.225229148020986, -7.390699750525488 ], [ 109.227989069155171, -7.402555863118971 ], [ 109.240122712074125, -7.405429450259811 ], [ 109.249496527981975, -7.396448378238272 ] ] ] } },
{ "type": "Feature", "properties": { "hex_id": "878d8d619ffffff", "building_count": 5416, "hex_area_km2": 5.0007960267720399, "density": 1083, "kategori_density": "Tinggi" }, "geometry": { "type": "Polygon", "coordinates": [ [ [ 109.227989069155171, -7.402555863118971 ], [ 109.225229148020986, -7.390699750525488 ], [ 109.213093283687584, -7.387824373584521 ], [ 109.20371743602081, -7.396806561806632 ], [ 109.206478624858875, -7.408662994896795 ], [ 109.2186143937803, -7.411536919491549 ], [ 109.227989069155171, -7.402555863118971 ] ] ] } },
{ "type": "Feature", "properties": { "hex_id": "878d8d61affffff", "building_count": 3527, "hex_area_km2": 5.0012748225927401, "density": 705, "kategori_density": "Tinggi" }, "geometry": { "type": "Polygon", "coordinates": [ [ [ 109.256112004485217, -7.375610370950173 ], [ 109.253353571480659, -7.363751982535633 ], [ 109.241219740423077, -7.360875487388229 ], [ 109.231844436385543, -7.369858835230731 ], [ 109.234604137842041, -7.381717546908892 ], [ 109.246737875004229, -7.384592587704152 ], [ 109.256112004485217, -7.375610370950173 ] ] ] } },
{ "type": "Feature", "properties": { "hex_id": "878d8d61bffffff", "building_count": 3018, "hex_area_km2": 5.0021097404859223, "density": 603, "kategori_density": "Tinggi" }, "geometry": { "type": "Polygon", "coordinates": [ [ [ 109.234604137842041, -7.381717546908892 ], [ 109.231844436385543, -7.369858835230731 ], [ 109.219708476987904, -7.366982005245853 ], [ 109.210332314231408, -7.375965340206341 ], [ 109.213093283687584, -7.387824373584521 ], [ 109.225229148020986, -7.390699750525488 ], [ 109.234604137842041, -7.381717546908892 ] ] ] } },
{ "type": "Feature", "properties": { "hex_id": "878d8d61cffffff", "building_count": 7981, "hex_area_km2": 4.9978147453491681, "density": 1597, "kategori_density": "Tinggi" }, "geometry": { "type": "Polygon", "coordinates": [ [ [ 109.264385646473258, -7.411174496536685 ], [ 109.261628041952818, -7.399321628619933 ], [ 109.249496527981975, -7.396448378238272 ], [ 109.240122712074125, -7.405429450259811 ], [ 109.242881584907082, -7.417282640594033 ], [ 109.25501300545524, -7.420154436712585 ], [ 109.264385646473258, -7.411174496536685 ] ] ] } },
{ "type": "Feature", "properties": { "hex_id": "878d8d61dffffff", "building_count": 9455, "hex_area_km2": 4.998648700697804, "density": 1892, "kategori_density": "Tinggi" }, "geometry": { "type": "Polygon", "coordinates": [ [ [ 109.242881584907082, -7.417282640594033 ], [ 109.240122712074125, -7.405429450259811 ], [ 109.227989069155171, -7.402555863118971 ], [ 109.2186143937803, -7.411536919491549 ], [ 109.221374534474137, -7.42339043068177 ], [ 109.233508082802174, -7.426262564866818 ], [ 109.242881584907082, -7.417282640594033 ] ] ] } },
{ "type": "Feature", "properties": { "hex_id": "878d8d61effffff", "building_count": 5221, "hex_area_km2": 4.9991271538994644, "density": 1044, "kategori_density": "Tinggi" }, "geometry": { "type": "Polygon", "coordinates": [ [ [ 109.271000995900962, -7.390340543205995 ], [ 109.268243611530934, -7.378485076293593 ], [ 109.256112004485217, -7.375610370950173 ], [ 109.246737875004229, -7.384592587704152 ], [ 109.249496527981975, -7.396448378238272 ], [ 109.261628041952818, -7.399321628619933 ], [ 109.271000995900962, -7.390340543205995 ] ] ] } },
{ "type": "Feature", "properties": { "hex_id": "878d8d620ffffff", "building_count": 610, "hex_area_km2": 4.9887354194012765, "density": 122, "kategori_density": "Sedang" }, "geometry": { "type": "Polygon", "coordinates": [ [ [ 109.295805033109104, -7.496956849228178 ], [ 109.293050132819019, -7.485117969536714 ], [ 109.2809254764163, -7.482253009160222 ], [ 109.271555812082397, -7.491228383371764 ], [ 109.27431198056, -7.50306758414158 ], [ 109.286436545303317, -7.505931089845092 ], [ 109.295805033109104, -7.496956849228178 ] ] ] } },
{ "type": "Feature", "properties": { "hex_id": "878d8d621ffffff", "building_count": 2091, "hex_area_km2": 4.9895679949233971, "density": 419, "kategori_density": "Tinggi" }, "geometry": { "type": "Polygon", "coordinates": [ [ [ 109.27431198056, -7.50306758414158 ], [ 109.271555812082397, -7.491228383371764 ], [ 109.25942902374743, -7.488363081795999 ], [ 109.250058496835706, -7.497338434582134 ], [ 109.252815933051551, -7.509177954874378 ], [ 109.264942628560519, -7.51204180308174 ], [ 109.27431198056, -7.50306758414158 ] ] ] } },
{ "type": "Feature", "properties": { "hex_id": "878d8d622ffffff", "building_count": 4079, "hex_area_km2": 4.9900518642758058, "density": 817, "kategori_density": "Tinggi" }, "geometry": { "type": "Polygon", "coordinates": [ [ [ 109.302418932087349, -7.476142576154617 ], [ 109.299664252242451, -7.464301089524225 ], [ 109.28753950452797, -7.461434673771579 ], [ 109.278169528089407, -7.470411200248983 ], [ 109.2809254764163, -7.482253009160222 ], [ 109.293050132819019, -7.485117969536714 ], [ 109.302418932087349, -7.476142576154617 ] ] ] } },
{ "type": "Feature", "properties": { "hex_id": "878d8d623ffffff", "building_count": 1781, "hex_area_km2": 4.9908859503335732, "density": 357, "kategori_density": "Tinggi" }, "geometry": { "type": "Polygon", "coordinates": [ [ [ 109.2809254764163, -7.482253009160222 ], [ 109.278169528089407, -7.470411200248983 ], [ 109.266042647275995, -7.467544444601686 ], [ 109.256671807387491, -7.476520952160742 ], [ 109.25942902374743, -7.488363081795999 ], [ 109.271555812082397, -7.491228383371764 ], [ 109.2809254764163, -7.482253009160222 ] ] ] } },
{ "type": "Feature", "properties": { "hex_id": "878d8d624ffffff", "building_count": 4451, "hex_area_km2": 4.9865841470986831, "density": 893, "kategori_density": "Tinggi" }, "geometry": { "type": "Polygon", "coordinates": [ [ [ 109.310681316427178, -7.511655962146685 ], [ 109.307927464150993, -7.499820013127124 ], [ 109.295805033109104, -7.496956849228178 ], [ 109.286436545303317, -7.505931089845092 ], [ 109.289191665920796, -7.517767360296081 ], [ 109.301314006121856, -7.520629068922363 ], [ 109.310681316427178, -7.511655962146685 ] ] ] } },
{ "type": "Feature", "properties": { "hex_id": "878d8d625ffffff", "building_count": 2514, "hex_area_km2": 4.9874172672757062, "density": 504, "kategori_density": "Tinggi" }, "geometry": { "type": "Polygon", "coordinates": [ [ [ 109.289191665920796, -7.517767360296081 ], [ 109.286436545303317, -7.505931089845092 ], [ 109.27431198056, -7.50306758414158 ], [ 109.264942628560519, -7.51204180308174 ], [ 109.26769901707101, -7.523878393409492 ], [ 109.279823489807384, -7.52674044514403 ], [ 109.289191665920796, -7.517767360296081 ] ] ] } },
{ "type": "Feature", "properties": { "hex_id": "878d8d626ffffff", "building_count": 2572, "hex_area_km2": 4.9879007890542999, "density": 516, "kategori_density": "Tinggi" }, "geometry": { "type": "Polygon", "coordinates": [ [ [ 109.31729508527701, -7.490845753087801 ], [ 109.314541453622482, -7.479007196030281 ], [ 109.302418932087349, -7.476142576154617 ], [ 109.293050132819019, -7.485117969536714 ], [ 109.295805033109104, -7.496956849228178 ], [ 109.307927464150993, -7.499820013127124 ], [ 109.31729508527701, -7.490845753087801 ] ] ] } },
{ "type": "Feature", "properties": { "hex_id": "878d8d628ffffff", "building_count": 3615, "hex_area_km2": 4.9925479500192598, "density": 724, "kategori_density": "Tinggi" }, "geometry": { "type": "Polygon", "coordinates": [ [ [ 109.237929579506911, -7.494472791108524 ], [ 109.235171095564183, -7.482630342306391 ], [ 109.223039957370048, -7.479762904776497 ], [ 109.213667398051868, -7.488739367732212 ], [ 109.216427149125792, -7.50058213414375 ], [ 109.22855819250691, -7.503448120213898 ], [ 109.237929579506911, -7.494472791108524 ] ] ] } },
{ "type": "Feature", "properties": { "hex_id": "878d8d629ffffff", "building_count": 433, "hex_area_km2": 4.9933758600173741, "density": 87, "kategori_density": "Rendah" }, "geometry": { "type": "Polygon", "coordinates": [ [ [ 109.216427149125792, -7.50058213414375 ], [ 109.213667398051868, -7.488739367732212 ], [ 109.201534135582108, -7.48587158821408 ], [ 109.19216072028776, -7.494848025483875 ], [ 109.194921738040065, -7.506691107947024 ], [ 109.207054904528889, -7.509557437312569 ], [ 109.216427149125792, -7.50058213414375 ] ] ] } },
{ "type": "Feature", "properties": { "hex_id": "878d8d62affffff", "building_count": 1711, "hex_area_km2": 4.9938672176905605, "density": 343, "kategori_density": "Tinggi" }, "geometry": { "type": "Polygon", "coordinates": [ [ [ 109.244542796413157, -7.473653855921081 ], [ 109.241784532149126, -7.461808798877685 ], [ 109.229653299489399, -7.4589399091859 ], [ 109.22028042567942, -7.467917528923048 ], [ 109.223039957370048, -7.479762904776497 ], [ 109.235171095564183, -7.482630342306391 ], [ 109.244542796413157, -7.473653855921081 ] ] ] } },
{ "type": "Feature", "properties": { "hex_id": "878d8d62bffffff", "building_count": 3180, "hex_area_km2": 4.9946966381325444, "density": 637, "kategori_density": "Tinggi" }, "geometry": { "type": "Polygon", "coordinates": [ [ [ 109.223039957370048, -7.479762904776497 ], [ 109.22028042567942, -7.467917528923048 ], [ 109.208147067576078, -7.465048298550234 ], [ 109.198773336917412, -7.47402589510928 ], [ 109.201534135582108, -7.48587158821408 ], [ 109.213667398051868, -7.488739367732212 ], [ 109.223039957370048, -7.479762904776497 ] ] ] } },
{ "type": "Feature", "properties": { "hex_id": "878d8d62cffffff", "building_count": 1012, "hex_area_km2": 4.9903985138048901, "density": 203, "kategori_density": "Sedang" }, "geometry": { "type": "Polygon", "coordinates": [ [ [ 109.252815933051551, -7.509177954874378 ], [ 109.250058496835706, -7.497338434582134 ], [ 109.237929579506911, -7.494472791108524 ], [ 109.22855819250691, -7.503448120213898 ], [ 109.231316896010426, -7.515287958472368 ], [ 109.243445719346226, -7.518152149882991 ], [ 109.252815933051551, -7.509177954874378 ] ] ] } },
{ "type": "Feature", "properties": { "hex_id": "878d8d62dffffff", "building_count": 549, "hex_area_km2": 4.9912269742280877, "density": 110, "kategori_density": "Sedang" }, "geometry": { "type": "Polygon", "coordinates": [ [ [ 109.231316896010426, -7.515287958472368 ], [ 109.22855819250691, -7.503448120213898 ], [ 109.216427149125792, -7.50058213414375 ], [ 109.207054904528889, -7.509557437312569 ], [ 109.209814874868201, -7.521397591980696 ], [ 109.221945823088902, -7.52426212729415 ], [ 109.231316896010426, -7.515287958472368 ] ] ] } },
{ "type": "Feature", "properties": { "hex_id": "878d8d62effffff", "building_count": 673, "hex_area_km2": 4.991717979519291, "density": 135, "kategori_density": "Sedang" }, "geometry": { "type": "Polygon", "coordinates": [ [ [ 109.25942902374743, -7.488363081795999 ], [ 109.256671807387491, -7.476520952160742 ], [ 109.244542796413157, -7.473653855921081 ], [ 109.235171095564183, -7.482630342306391 ], [ 109.237929579506911, -7.494472791108524 ], [ 109.250058496835706, -7.497338434582134 ], [ 109.25942902374743, -7.488363081795999 ] ] ] } },
{ "type": "Feature", "properties": { "hex_id": "878d8d630ffffff", "building_count": 2894, "hex_area_km2": 4.99052894678832, "density": 580, "kategori_density": "Tinggi" }, "geometry": { "type": "Polygon", "coordinates": [ [ [ 109.330524216501544, -7.449214065389207 ], [ 109.327771026443429, -7.437370299166666 ], [ 109.315648324965125, -7.434502765228895 ], [ 109.306278903461504, -7.443480455119212 ], [ 109.309033362743435, -7.45532454638341 ], [ 109.321155974424045, -7.458190622938984 ], [ 109.330524216501544, -7.449214065389207 ] ] ] } },
{ "type": "Feature", "properties": { "hex_id": "878d8d631ffffff", "building_count": 7486, "hex_area_km2": 4.9913665992444507, "density": 1500, "kategori_density": "Tinggi" }, "geometry": { "type": "Polygon", "coordinates": [ [ [ 109.309033362743435, -7.45532454638341 ], [ 109.306278903461504, -7.443480455119212 ], [ 109.294154064782973, -7.440612583288162 ], [ 109.28478377646961, -7.449590259023135 ], [ 109.28753950452797, -7.461434673771579 ], [ 109.299664252242451, -7.464301089524225 ], [ 109.309033362743435, -7.45532454638341 ] ] ] } },
{ "type": "Feature", "properties": { "hex_id": "878d8d632ffffff", "building_count": 1408, "hex_area_km2": 4.9918404572507269, "density": 282, "kategori_density": "Sedang" }, "geometry": { "type": "Polygon", "coordinates": [ [ [ 109.337139578651517, -7.428392597375515 ], [ 109.334386609568227, -7.416546230033083 ], [ 109.322263818640138, -7.413677238011707 ], [ 109.31289408636394, -7.4226560716396 ], [ 109.315648324965125, -7.434502765228895 ], [ 109.327771026443429, -7.437370299166666 ], [ 109.337139578651517, -7.428392597375515 ] ] ] } },
{ "type": "Feature", "properties": { "hex_id": "878d8d633ffffff", "building_count": 1203, "hex_area_km2": 4.9926796216451219, "density": 241, "kategori_density": "Sedang" }, "geometry": { "type": "Polygon", "coordinates": [ [ [ 109.315648324965125, -7.434502765228895 ], [ 109.31289408636394, -7.4226560716396 ], [ 109.300769157069183, -7.419786743028772 ], [ 109.291398557110952, -7.428765565010334 ], [ 109.294154064782973, -7.440612583288162 ], [ 109.306278903461504, -7.443480455119212 ], [ 109.315648324965125, -7.434502765228895 ] ] ] } },
{ "type": "Feature", "properties": { "hex_id": "878d8d634ffffff", "building_count": 310, "hex_area_km2": 4.9883775288451986, "density": 62, "kategori_density": "Rendah" }, "geometry": { "type": "Polygon", "coordinates": [ [ [ 109.345396830755632, -7.463920640844679 ], [ 109.342644689216471, -7.452079803445145 ], [ 109.330524216501544, -7.449214065389207 ], [ 109.321155974424045, -7.458190622938984 ], [ 109.323909385339249, -7.470031785732024 ], [ 109.336029769074543, -7.472896065805154 ], [ 109.345396830755632, -7.463920640844679 ] ] ] } },
{ "type": "Feature", "properties": { "hex_id": "878d8d635ffffff", "building_count": 3303, "hex_area_km2": 4.9892157231717826, "density": 662, "kategori_density": "Tinggi" }, "geometry": { "type": "Polygon", "coordinates": [ [ [ 109.323909385339249, -7.470031785732024 ], [ 109.321155974424045, -7.458190622938984 ], [ 109.309033362743435, -7.45532454638341 ], [ 109.299664252242451, -7.464301089524225 ], [ 109.302418932087349, -7.476142576154617 ], [ 109.314541453622482, -7.479007196030281 ], [ 109.323909385339249, -7.470031785732024 ] ] ] } },
{ "type": "Feature", "properties": { "hex_id": "878d8d636ffffff", "building_count": 654, "hex_area_km2": 4.9896892408921349, "density": 131, "kategori_density": "Sedang" }, "geometry": { "type": "Polygon", "coordinates": [ [ [ 109.352012060386457, -7.443103233740398 ], [ 109.349260139998179, -7.431259794116581 ], [ 109.337139578651517, -7.428392597375515 ], [ 109.327771026443429, -7.437370299166666 ], [ 109.330524216501544, -7.449214065389207 ], [ 109.342644689216471, -7.452079803445145 ], [ 109.352012060386457, -7.443103233740398 ] ] ] } },
{ "type": "Feature", "properties": { "hex_id": "878d8d640ffffff", "building_count": 1600, "hex_area_km2": 5.0001393855395495, "density": 320, "kategori_density": "Tinggi" }, "geometry": { "type": "Polygon", "coordinates": [ [ [ 109.122092400939948, -7.489478180897928 ], [ 109.11932675695013, -7.477628621250359 ], [ 109.107182714760953, -7.474756232003473 ], [ 109.097804417816093, -7.483734847635112 ], [ 109.100571326795077, -7.495584717931739 ], [ 109.112715267851726, -7.498455662171612 ], [ 109.122092400939948, -7.489478180897928 ] ] ] } },
{ "type": "Feature", "properties": { "hex_id": "878d8d641ffffff", "building_count": 854, "hex_area_km2": 5.0009579132133783, "density": 171, "kategori_density": "Sedang" }, "geometry": { "type": "Polygon", "coordinates": [ [ [ 109.100571326795077, -7.495584717931739 ], [ 109.097804417816093, -7.483734847635112 ], [ 109.085658266740239, -7.480862114833808 ], [ 109.076279127068659, -7.489840696247861 ], [ 109.079047300576789, -7.501690875632008 ], [ 109.091193349349652, -7.504562164738605 ], [ 109.100571326795077, -7.495584717931739 ] ] ] } },
{ "type": "Feature", "properties": { "hex_id": "878d8d642ffffff", "building_count": 803, "hex_area_km2": 5.0014642952733395, "density": 161, "kategori_density": "Sedang" }, "geometry": { "type": "Polygon", "coordinates": [ [ [ 109.128704208664715, -7.468649973660289 ], [ 109.125938782812909, -7.45679780318602 ], [ 109.113794639838275, -7.453923968231964 ], [ 109.104416023622804, -7.462903749683201 ], [ 109.107182714760953, -7.474756232003473 ], [ 109.11932675695013, -7.477628621250359 ], [ 109.128704208664715, -7.468649973660289 ] ] ] } },
{ "type": "Feature", "properties": { "hex_id": "878d8d643ffffff", "building_count": 1341, "hex_area_km2": 5.0022843331484834, "density": 268, "kategori_density": "Sedang" }, "geometry": { "type": "Polygon", "coordinates": [ [ [ 109.107182714760953, -7.474756232003473 ], [ 109.104416023622804, -7.462903749683201 ], [ 109.092269770590917, -7.460029572487089 ], [ 109.082890310775426, -7.469009322229984 ], [ 109.085658266740239, -7.480862114833808 ], [ 109.097804417816093, -7.483734847635112 ], [ 109.107182714760953, -7.474756232003473 ] ] ] } },
{ "type": "Feature", "properties": { "hex_id": "878d8d644ffffff", "building_count": 895, "hex_area_km2": 4.9979936763334356, "density": 179, "kategori_density": "Sedang" }, "geometry": { "type": "Polygon", "coordinates": [ [ [ 109.136998828176843, -7.504195416472419 ], [ 109.134234231318132, -7.492348780969024 ], [ 109.122092400939948, -7.489478180897928 ], [ 109.112715267851726, -7.498455662171612 ], [ 109.115481129861379, -7.510302608688326 ], [ 109.127622859930028, -7.513171763142022 ], [ 109.136998828176843, -7.504195416472419 ] ] ] } },
{ "type": "Feature", "properties": { "hex_id": "878d8d645ffffff", "building_count": 342, "hex_area_km2": 4.9988127659765889, "density": 68, "kategori_density": "Rendah" }, "geometry": { "type": "Polygon", "coordinates": [ [ [ 109.115481129861379, -7.510302608688326 ], [ 109.112715267851726, -7.498455662171612 ], [ 109.100571326795077, -7.495584717931739 ], [ 109.091193349349652, -7.504562164738605 ], [ 109.093960476051251, -7.516409420708345 ], [ 109.106104315628372, -7.519278920642235 ], [ 109.115481129861379, -7.510302608688326 ] ] ] } },
{ "type": "Feature", "properties": { "hex_id": "878d8d646ffffff", "building_count": 696, "hex_area_km2": 4.9993187860581978, "density": 139, "kategori_density": "Sedang" }, "geometry": { "type": "Polygon", "coordinates": [ [ [ 109.143610517547316, -7.483371267487155 ], [ 109.140846139005362, -7.471522020049865 ], [ 109.128704208664715, -7.468649973660289 ], [ 109.11932675695013, -7.477628621250359 ], [ 109.122092400939948, -7.489478180897928 ], [ 109.134234231318132, -7.492348780969024 ], [ 109.143610517547316, -7.483371267487155 ] ] ] } },
{ "type": "Feature", "properties": { "hex_id": "878d8d648ffffff", "building_count": 1223, "hex_area_km2": 5.0039181855492618, "density": 244, "kategori_density": "Sedang" }, "geometry": { "type": "Polygon", "coordinates": [ [ [ 109.064130870071011, -7.486967619194919 ], [ 109.061361649740533, -7.47511451787032 ], [ 109.04921118549079, -7.472239654100818 ], [ 109.039830045992701, -7.481219333647566 ], [ 109.042600530226593, -7.493072742129851 ], [ 109.054750890178013, -7.495946164131777 ], [ 109.064130870071011, -7.486967619194919 ] ] ] } },
{ "type": "Feature", "properties": { "hex_id": "878d8d649ffffff", "building_count": 1167, "hex_area_km2": 5.0047319964945824, "density": 233, "kategori_density": "Sedang" }, "geometry": { "type": "Polygon", "coordinates": [ [ [ 109.042600530226593, -7.493072742129851 ], [ 109.039830045992701, -7.481219333647566 ], [ 109.027677480588451, -7.478344125546473 ], [ 109.018295505011338, -7.487323766604513 ], [ 109.021067252685029, -7.499177480681113 ], [ 109.033219712619228, -7.502051248329493 ], [ 109.042600530226593, -7.493072742129851 ] ] ] } },
{ "type": "Feature", "properties": { "hex_id": "878d8d64affffff", "building_count": 310, "hex_area_km2": 5.0052459144661672, "density": 62, "kategori_density": "Rendah" }, "geometry": { "type": "Polygon", "coordinates": [ [ [ 109.070741950650827, -7.466134802095447 ], [ 109.067972947684154, -7.454279088661082 ], [ 109.055822379482947, -7.451402782424863 ], [ 109.046440918322645, -7.460383632313683 ], [ 109.04921118549079, -7.472239654100818 ], [ 109.061361649740533, -7.47511451787032 ], [ 109.070741950650827, -7.466134802095447 ] ] ] } },
{ "type": "Feature", "properties": { "hex_id": "878d8d64bffffff", "building_count": 1098, "hex_area_km2": 5.0060612354643128, "density": 219, "kategori_density": "Sedang" }, "geometry": { "type": "Polygon", "coordinates": [ [ [ 109.04921118549079, -7.472239654100818 ], [ 109.046440918322645, -7.460383632313683 ], [ 109.034288247795104, -7.457506983060799 ], [ 109.024905949682093, -7.466487796970882 ], [ 109.027677480588451, -7.478344125546473 ], [ 109.039830045992701, -7.481219333647566 ], [ 109.04921118549079, -7.472239654100818 ] ] ] } },
{ "type": "Feature", "properties": { "hex_id": "878d8d64cffffff", "building_count": 2566, "hex_area_km2": 5.0017743672859316, "density": 513, "kategori_density": "Tinggi" }, "geometry": { "type": "Polygon", "coordinates": [ [ [ 109.079047300576789, -7.501690875632008 ], [ 109.076279127068659, -7.489840696247861 ], [ 109.064130870071011, -7.486967619194919 ], [ 109.054750890178013, -7.495946164131777 ], [ 109.057520327754006, -7.507796651041602 ], [ 109.069668481277773, -7.510668285712979 ], [ 109.079047300576789, -7.501690875632008 ] ] ] } },
{ "type": "Feature", "properties": { "hex_id": "878d8d64dffffff", "building_count": 1688, "hex_area_km2": 5.0025887459651521, "density": 337, "kategori_density": "Tinggi" }, "geometry": { "type": "Polygon", "coordinates": [ [ [ 109.057520327754006, -7.507796651041602 ], [ 109.054750890178013, -7.495946164131777 ], [ 109.042600530226593, -7.493072742129851 ], [ 109.033219712619228, -7.502051248329493 ], [ 109.035990413800491, -7.513902041202839 ], [ 109.0481406691068, -7.516774022137177 ], [ 109.057520327754006, -7.507796651041602 ] ] ] } },
{ "type": "Feature", "properties": { "hex_id": "878d8d64effffff", "building_count": 2684, "hex_area_km2": 5.0031022971724513, "density": 536, "kategori_density": "Tinggi" }, "geometry": { "type": "Polygon", "coordinates": [ [ [ 109.085658266740239, -7.480862114833808 ], [ 109.082890310775426, -7.469009322229984 ], [ 109.070741950650827, -7.466134802095447 ], [ 109.061361649740533, -7.47511451787032 ], [ 109.064130870071011, -7.486967619194919 ], [ 109.076279127068659, -7.489840696247861 ], [ 109.085658266740239, -7.480862114833808 ] ] ] } },
{ "type": "Feature", "properties": { "hex_id": "878d8d650ffffff", "building_count": 948, "hex_area_km2": 5.001963871509977, "density": 190, "kategori_density": "Sedang" }, "geometry": { "type": "Polygon", "coordinates": [ [ [ 109.156835504387686, -7.441711647603375 ], [ 109.154071562833636, -7.429857183217123 ], [ 109.141929433609675, -7.426982242090832 ], [ 109.13255134532929, -7.435963213292513 ], [ 109.135316552924905, -7.447817992285705 ], [ 109.147458582880844, -7.450691485693969 ], [ 109.156835504387686, -7.441711647603375 ] ] ] } },
{ "type": "Feature", "properties": { "hex_id": "878d8d651ffffff", "building_count": 470, "hex_area_km2": 5.0027874924966609, "density": 94, "kategori_density": "Rendah" }, "geometry": { "type": "Polygon", "coordinates": [ [ [ 109.135316552924905, -7.447817992285705 ], [ 109.13255134532929, -7.435963213292513 ], [ 109.120407101916371, -7.433087931931994 ], [ 109.111028166659167, -7.4420688761949 ], [ 109.113794639838275, -7.453923968231964 ], [ 109.125938782812909, -7.45679780318602 ], [ 109.135316552924905, -7.447817992285705 ] ] ] } },
{ "type": "Feature", "properties": { "hex_id": "878d8d652ffffff", "building_count": 1823, "hex_area_km2": 5.0032838418842864, "density": 364, "kategori_density": "Tinggi" }, "geometry": { "type": "Polygon", "coordinates": [ [ [ 109.163448801635582, -7.420876187335539 ], [ 109.160685078752721, -7.409019117941429 ], [ 109.148542850608095, -7.406142728398647 ], [ 109.139164444388442, -7.415124856890077 ], [ 109.141929433609675, -7.426982242090832 ], [ 109.154071562833636, -7.429857183217123 ], [ 109.163448801635582, -7.420876187335539 ] ] ] } },
{ "type": "Feature", "properties": { "hex_id": "878d8d653ffffff", "building_count": 1140, "hex_area_km2": 5.0041089745350469, "density": 228, "kategori_density": "Sedang" }, "geometry": { "type": "Polygon", "coordinates": [ [ [ 109.141929433609675, -7.426982242090832 ], [ 109.139164444388442, -7.415124856890077 ], [ 109.127020100884494, -7.412248128424682 ], [ 109.117640846814538, -7.421230232488583 ], [ 109.120407101916371, -7.433087931931994 ], [ 109.13255134532929, -7.435963213292513 ], [ 109.141929433609675, -7.426982242090832 ] ] ] } },
{ "type": "Feature", "properties": { "hex_id": "878d8d654ffffff", "building_count": 1685, "hex_area_km2": 4.9998180051524965, "density": 337, "kategori_density": "Tinggi" }, "geometry": { "type": "Polygon", "coordinates": [ [ [ 109.171738312271756, -7.456436342258109 ], [ 109.168975418366514, -7.444584800161984 ], [ 109.156835504387686, -7.441711647603375 ], [ 109.147458582880844, -7.450691485693969 ], [ 109.150222742987907, -7.462543342760078 ], [ 109.162362558521238, -7.465415046989317 ], [ 109.171738312271756, -7.456436342258109 ] ] ] } },
{ "type": "Feature", "properties": { "hex_id": "878d8d655ffffff", "building_count": 770, "hex_area_km2": 5.0006421853420342, "density": 154, "kategori_density": "Sedang" }, "geometry": { "type": "Polygon", "coordinates": [ [ [ 109.150222742987907, -7.462543342760078 ], [ 109.147458582880844, -7.450691485693969 ], [ 109.135316552924905, -7.447817992285705 ], [ 109.125938782812909, -7.45679780318602 ], [ 109.128704208664715, -7.468649973660289 ], [ 109.140846139005362, -7.471522020049865 ], [ 109.150222742987907, -7.462543342760078 ] ] ] } },
{ "type": "Feature", "properties": { "hex_id": "878d8d656ffffff", "building_count": 1703, "hex_area_km2": 5.0011381800224397, "density": 341, "kategori_density": "Tinggi" }, "geometry": { "type": "Polygon", "coordinates": [ [ [ 109.178351488768286, -7.435604937139445 ], [ 109.175588813712594, -7.423750788922886 ], [ 109.163448801635582, -7.420876187335539 ], [ 109.154071562833636, -7.429857183217123 ], [ 109.156835504387686, -7.441711647603375 ], [ 109.168975418366514, -7.444584800161984 ], [ 109.178351488768286, -7.435604937139445 ] ] ] } },
{ "type": "Feature", "properties": { "hex_id": "878d8d658ffffff", "building_count": 1109, "hex_area_km2": 5.0057530204057725, "density": 222, "kategori_density": "Sedang" }, "geometry": { "type": "Polygon", "coordinates": [ [ [ 109.098881812018334, -7.439193253904731 ], [ 109.09611429149497, -7.427335241782973 ], [ 109.08396572615743, -7.424457833388489 ], [ 109.074584783898544, -7.433439881818686 ], [ 109.077353569383078, -7.445298205054162 ], [ 109.089502032287697, -7.448174168969521 ], [ 109.098881812018334, -7.439193253904731 ] ] ] } },
{ "type": "Feature", "properties": { "hex_id": "878d8d659ffffff", "building_count": 2045, "hex_area_km2": 5.0065719300239024, "density": 408, "kategori_density": "Tinggi" }, "geometry": { "type": "Polygon", "coordinates": [ [ [ 109.077353569383078, -7.445298205054162 ], [ 109.074584783898544, -7.433439881818686 ], [ 109.062434112092845, -7.430562132417467 ], [ 109.053052329498897, -7.439544149640591 ], [ 109.055822379482947, -7.451402782424863 ], [ 109.067972947684154, -7.454279088661082 ], [ 109.077353569383078, -7.445298205054162 ] ] ] } },
{ "type": "Feature", "properties": { "hex_id": "878d8d65affffff", "building_count": 1824, "hex_area_km2": 5.0070758083884925, "density": 364, "kategori_density": "Tinggi" }, "geometry": { "type": "Polygon", "coordinates": [ [ [ 109.105494390911915, -7.418353164405996 ], [ 109.102727088286699, -7.406492545993214 ], [ 109.09057842086338, -7.40361369242213 ], [ 109.081197158273326, -7.412596902664139 ], [ 109.08396572615743, -7.424457833388489 ], [ 109.09611429149497, -7.427335241782973 ], [ 109.105494390911915, -7.418353164405996 ] ] ] } },
{ "type": "Feature", "properties": { "hex_id": "878d8d65bffffff", "building_count": 3621, "hex_area_km2": 5.0078962295388409, "density": 723, "kategori_density": "Tinggi" }, "geometry": { "type": "Polygon", "coordinates": [ [ [ 109.08396572615743, -7.424457833388489 ], [ 109.081197158273326, -7.412596902664139 ], [ 109.069046383210235, -7.409717709400513 ], [ 109.059664279411265, -7.41870089094742 ], [ 109.062434112092845, -7.430562132417467 ], [ 109.074584783898544, -7.433439881818686 ], [ 109.08396572615743, -7.424457833388489 ] ] ] } },
{ "type": "Feature", "properties": { "hex_id": "878d8d65cffffff", "building_count": 1182, "hex_area_km2": 5.0036090411882661, "density": 236, "kategori_density": "Sedang" }, "geometry": { "type": "Polygon", "coordinates": [ [ [ 109.113794639838275, -7.453923968231964 ], [ 109.111028166659167, -7.4420688761949 ], [ 109.098881812018334, -7.439193253904731 ], [ 109.089502032287697, -7.448174168969521 ], [ 109.092269770590917, -7.460029572487089 ], [ 109.104416023622804, -7.462903749683201 ], [ 109.113794639838275, -7.453923968231964 ] ] ] } },
{ "type": "Feature", "properties": { "hex_id": "878d8d65dffffff", "building_count": 1871, "hex_area_km2": 5.0044285157743618, "density": 374, "kategori_density": "Tinggi" }, "geometry": { "type": "Polygon", "coordinates": [ [ [ 109.092269770590917, -7.460029572487089 ], [ 109.089502032287697, -7.448174168969521 ], [ 109.077353569383078, -7.445298205054162 ], [ 109.067972947684154, -7.454279088661082 ], [ 109.070741950650827, -7.466134802095447 ], [ 109.082890310775426, -7.469009322229984 ], [ 109.092269770590917, -7.460029572487089 ] ] ] } },
{ "type": "Feature", "properties": { "hex_id": "878d8d65effffff", "building_count": 1013, "hex_area_km2": 5.0049320346473429, "density": 202, "kategori_density": "Sedang" }, "geometry": { "type": "Polygon", "coordinates": [ [ [ 109.120407101916371, -7.433087931931994 ], [ 109.117640846814538, -7.421230232488583 ], [ 109.105494390911915, -7.418353164405996 ], [ 109.09611429149497, -7.427335241782973 ], [ 109.098881812018334, -7.439193253904731 ], [ 109.111028166659167, -7.4420688761949 ], [ 109.120407101916371, -7.433087931931994 ] ] ] } },
{ "type": "Feature", "properties": { "hex_id": "878d8d660ffffff", "building_count": 2415, "hex_area_km2": 4.9945201952254825, "density": 484, "kategori_density": "Tinggi" }, "geometry": { "type": "Polygon", "coordinates": [ [ [ 109.145290961223452, -7.539724242410784 ], [ 109.142527193100946, -7.52788314785619 ], [ 109.130387674987361, -7.525015784410063 ], [ 109.121012024951838, -7.533990961265763 ], [ 109.123777058089686, -7.545832366000624 ], [ 109.13591647636926, -7.548698283923612 ], [ 109.145290961223452, -7.539724242410784 ] ] ] } },
{ "type": "Feature", "properties": { "hex_id": "878d8d661ffffff", "building_count": 2338, "hex_area_km2": 4.9953383362896622, "density": 468, "kategori_density": "Tinggi" }, "geometry": { "type": "Polygon", "coordinates": [ [ [ 109.123777058089686, -7.545832366000624 ], [ 109.121012024951838, -7.533990961265763 ], [ 109.108870395539682, -7.531123251727547 ], [ 109.099493900390684, -7.540098391361016 ], [ 109.102260198085517, -7.551940104718008 ], [ 109.114401726494265, -7.554806370043564 ], [ 109.123777058089686, -7.545832366000624 ] ] ] } },
{ "type": "Feature", "properties": { "hex_id": "878d8d662ffffff", "building_count": 914, "hex_area_km2": 4.9958472089214307, "density": 183, "kategori_density": "Sedang" }, "geometry": { "type": "Polygon", "coordinates": [ [ [ 109.151901995522749, -7.518907936036273 ], [ 109.149138445777453, -7.50706422614456 ], [ 109.136998828176843, -7.504195416472419 ], [ 109.127622859930028, -7.513171763142022 ], [ 109.130387674987361, -7.525015784410063 ], [ 109.142527193100946, -7.52788314785619 ], [ 109.151901995522749, -7.518907936036273 ] ] ] } },
{ "type": "Feature", "properties": { "hex_id": "878d8d663ffffff", "building_count": 1265, "hex_area_km2": 4.9966668588483714, "density": 253, "kategori_density": "Sedang" }, "geometry": { "type": "Polygon", "coordinates": [ [ [ 109.130387674987361, -7.525015784410063 ], [ 109.127622859930028, -7.513171763142022 ], [ 109.115481129861379, -7.510302608688326 ], [ 109.106104315628372, -7.519278920642235 ], [ 109.108870395539682, -7.531123251727547 ], [ 109.121012024951838, -7.533990961265763 ], [ 109.130387674987361, -7.525015784410063 ] ] ] } },
{ "type": "Feature", "properties": { "hex_id": "878d8d664ffffff", "building_count": 2529, "hex_area_km2": 4.9923727784810739, "density": 507, "kategori_density": "Tinggi" }, "geometry": { "type": "Polygon", "coordinates": [ [ [ 109.160190987622215, -7.554427980011688 ], [ 109.157428266416574, -7.542589813631398 ], [ 109.145290961223452, -7.539724242410784 ], [ 109.13591647636926, -7.548698283923612 ], [ 109.138680462750884, -7.560536760845912 ], [ 109.150817668932049, -7.563400885937503 ], [ 109.160190987622215, -7.554427980011688 ] ] ] } },
{ "type": "Feature", "properties": { "hex_id": "878d8d665ffffff", "building_count": 1529, "hex_area_km2": 4.9931914785124789, "density": 306, "kategori_density": "Tinggi" }, "geometry": { "type": "Polygon", "coordinates": [ [ [ 109.138680462750884, -7.560536760845912 ], [ 109.13591647636926, -7.548698283923612 ], [ 109.123777058089686, -7.545832366000624 ], [ 109.114401726494265, -7.554806370043564 ], [ 109.117166977594522, -7.566645155950993 ], [ 109.129306295693212, -7.56950962905455 ], [ 109.138680462750884, -7.560536760845912 ] ] ] } },
{ "type": "Feature", "properties": { "hex_id": "878d8d666ffffff", "building_count": 241, "hex_area_km2": 4.993699986688263, "density": 48, "kategori_density": "Rendah" }, "geometry": { "type": "Polygon", "coordinates": [ [ [ 109.166801902030983, -7.533615736906197 ], [ 109.164039399380883, -7.521774954089694 ], [ 109.151901995522749, -7.518907936036273 ], [ 109.142527193100946, -7.52788314785619 ], [ 109.145290961223452, -7.539724242410784 ], [ 109.157428266416574, -7.542589813631398 ], [ 109.166801902030983, -7.533615736906197 ] ] ] } },
{ "type": "Feature", "properties": { "hex_id": "878d8d668ffffff", "building_count": 1891, "hex_area_km2": 4.9982999483740507, "density": 378, "kategori_density": "Tinggi" }, "geometry": { "type": "Polygon", "coordinates": [ [ [ 109.087350162639936, -7.537230335031216 ], [ 109.084582818333942, -7.525385695688001 ], [ 109.072436872210986, -7.522515849575128 ], [ 109.06305837351313, -7.531492085321561 ], [ 109.065826981753162, -7.543337031363005 ], [ 109.077972824879453, -7.546205435183984 ], [ 109.087350162639936, -7.537230335031216 ] ] ] } },
{ "type": "Feature", "properties": { "hex_id": "878d8d669ffffff", "building_count": 2414, "hex_area_km2": 4.9991133843934872, "density": 483, "kategori_density": "Tinggi" }, "geometry": { "type": "Polygon", "coordinates": [ [ [ 109.065826981753162, -7.543337031363005 ], [ 109.06305837351313, -7.531492085321561 ], [ 109.050910323810015, -7.528621892330817 ], [ 109.041530986637042, -7.537598086584627 ], [ 109.044300858349203, -7.54944333776429 ], [ 109.056448803884962, -7.552312089776194 ], [ 109.065826981753162, -7.543337031363005 ] ] ] } },
{ "type": "Feature", "properties": { "hex_id": "878d8d66affffff", "building_count": 1025, "hex_area_km2": 4.9996297840615229, "density": 205, "kategori_density": "Sedang" }, "geometry": { "type": "Polygon", "coordinates": [ [ [ 109.093960476051251, -7.516409420708345 ], [ 109.091193349349652, -7.504562164738605 ], [ 109.079047300576789, -7.501690875632008 ], [ 109.069668481277773, -7.510668285712979 ], [ 109.072436872210986, -7.522515849575128 ], [ 109.084582818333942, -7.525385695688001 ], [ 109.093960476051251, -7.516409420708345 ] ] ] } },
{ "type": "Feature", "properties": { "hex_id": "878d8d66bffffff", "building_count": 3229, "hex_area_km2": 5.0004447287960536, "density": 646, "kategori_density": "Tinggi" }, "geometry": { "type": "Polygon", "coordinates": [ [ [ 109.072436872210986, -7.522515849575128 ], [ 109.069668481277773, -7.510668285712979 ], [ 109.057520327754006, -7.507796651041602 ], [ 109.0481406691068, -7.516774022137177 ], [ 109.050910323810015, -7.528621892330817 ], [ 109.06305837351313, -7.531492085321561 ], [ 109.072436872210986, -7.522515849575128 ] ] ] } },
{ "type": "Feature", "properties": { "hex_id": "878d8d66cffffff", "building_count": 2206, "hex_area_km2": 4.99615440809169, "density": 442, "kategori_density": "Tinggi" }, "geometry": { "type": "Polygon", "coordinates": [ [ [ 109.102260198085517, -7.551940104718008 ], [ 109.099493900390684, -7.540098391361016 ], [ 109.087350162639936, -7.537230335031216 ], [ 109.077972824879453, -7.546205435183984 ], [ 109.08074038667165, -7.558047455604679 ], [ 109.092884022249194, -7.560914069033132 ], [ 109.102260198085517, -7.551940104718008 ] ] ] } },
{ "type": "Feature", "properties": { "hex_id": "878d8d66dffffff", "building_count": 991, "hex_area_km2": 4.9969684088458717, "density": 198, "kategori_density": "Sedang" }, "geometry": { "type": "Polygon", "coordinates": [ [ [ 109.08074038667165, -7.558047455604679 ], [ 109.077972824879453, -7.546205435183984 ], [ 109.065826981753162, -7.543337031363005 ], [ 109.056448803884962, -7.552312089776194 ], [ 109.059217629313594, -7.564154415701828 ], [ 109.071363369096503, -7.567021377933621 ], [ 109.08074038667165, -7.558047455604679 ] ] ] } },
{ "type": "Feature", "properties": { "hex_id": "878d8d66effffff", "building_count": 1944, "hex_area_km2": 4.9974844392660804, "density": 389, "kategori_density": "Tinggi" }, "geometry": { "type": "Polygon", "coordinates": [ [ [ 109.108870395539682, -7.531123251727547 ], [ 109.106104315628372, -7.519278920642235 ], [ 109.093960476051251, -7.516409420708345 ], [ 109.084582818333942, -7.525385695688001 ], [ 109.087350162639936, -7.537230335031216 ], [ 109.099493900390684, -7.540098391361016 ], [ 109.108870395539682, -7.531123251727547 ] ] ] } },
{ "type": "Feature", "properties": { "hex_id": "878d8d670ffffff", "building_count": 209, "hex_area_km2": 4.9963492895555586, "density": 42, "kategori_density": "Rendah" }, "geometry": { "type": "Polygon", "coordinates": [ [ [ 109.180025336489663, -7.4919799032794 ], [ 109.177263271304739, -7.48013389448227 ], [ 109.165125671157924, -7.477263980655421 ], [ 109.155750234287879, -7.486241524087283 ], [ 109.158513565537902, -7.498087847017382 ], [ 109.170651067713962, -7.500956312606484 ], [ 109.180025336489663, -7.4919799032794 ] ] ] } },
{ "type": "Feature", "properties": { "hex_id": "878d8d671ffffff", "building_count": 1018, "hex_area_km2": 4.9971725169301129, "density": 204, "kategori_density": "Sedang" }, "geometry": { "type": "Polygon", "coordinates": [ [ [ 109.158513565537902, -7.498087847017382 ], [ 109.155750234287879, -7.486241524087283 ], [ 109.143610517547316, -7.483371267487155 ], [ 109.134234231318132, -7.492348780969024 ], [ 109.136998828176843, -7.504195416472419 ], [ 109.149138445777453, -7.50706422614456 ], [ 109.158513565537902, -7.498087847017382 ] ] ] } },
{ "type": "Feature", "properties": { "hex_id": "878d8d672ffffff", "building_count": 1564, "hex_area_km2": 4.9976713788627967, "density": 313, "kategori_density": "Tinggi" }, "geometry": { "type": "Polygon", "coordinates": [ [ [ 109.186637856317361, -7.47115632335816 ], [ 109.18387601004207, -7.459307705023846 ], [ 109.171738312271756, -7.456436342258109 ], [ 109.162362558521238, -7.465415046989317 ], [ 109.165125671157924, -7.477263980655421 ], [ 109.177263271304739, -7.48013389448227 ], [ 109.186637856317361, -7.47115632335816 ] ] ] } },
{ "type": "Feature", "properties": { "hex_id": "878d8d673ffffff", "building_count": 733, "hex_area_km2": 4.9984961165671011, "density": 147, "kategori_density": "Sedang" }, "geometry": { "type": "Polygon", "coordinates": [ [ [ 109.165125671157924, -7.477263980655421 ], [ 109.162362558521238, -7.465415046989317 ], [ 109.150222742987907, -7.462543342760078 ], [ 109.140846139005362, -7.471522020049865 ], [ 109.143610517547316, -7.483371267487155 ], [ 109.155750234287879, -7.486241524087283 ], [ 109.165125671157924, -7.477263980655421 ] ] ] } },
{ "type": "Feature", "properties": { "hex_id": "878d8d674ffffff", "building_count": 447, "hex_area_km2": 4.9942017077037137, "density": 90, "kategori_density": "Rendah" }, "geometry": { "type": "Polygon", "coordinates": [ [ [ 109.194921738040065, -7.506691107947024 ], [ 109.19216072028776, -7.494848025483875 ], [ 109.180025336489663, -7.4919799032794 ], [ 109.170651067713962, -7.500956312606484 ], [ 109.173413351690485, -7.512799709563141 ], [ 109.185548638339341, -7.515666382923063 ], [ 109.194921738040065, -7.506691107947024 ] ] ] } },
{ "type": "Feature", "properties": { "hex_id": "878d8d675ffffff", "building_count": 1272, "hex_area_km2": 4.9950254912716341, "density": 255, "kategori_density": "Sedang" }, "geometry": { "type": "Polygon", "coordinates": [ [ [ 109.173413351690485, -7.512799709563141 ], [ 109.170651067713962, -7.500956312606484 ], [ 109.158513565537902, -7.498087847017382 ], [ 109.149138445777453, -7.50706422614456 ], [ 109.151901995522749, -7.518907936036273 ], [ 109.164039399380883, -7.521774954089694 ], [ 109.173413351690485, -7.512799709563141 ] ] ] } },
{ "type": "Feature", "properties": { "hex_id": "878d8d676ffffff", "building_count": 735, "hex_area_km2": 4.9955239960227482, "density": 147, "kategori_density": "Sedang" }, "geometry": { "type": "Polygon", "coordinates": [ [ [ 109.201534135582108, -7.48587158821408 ], [ 109.198773336917412, -7.47402589510928 ], [ 109.186637856317361, -7.47115632335816 ], [ 109.177263271304739, -7.48013389448227 ], [ 109.180025336489663, -7.4919799032794 ], [ 109.19216072028776, -7.494848025483875 ], [ 109.201534135582108, -7.48587158821408 ] ] ] } },
{ "type": "Feature", "properties": { "hex_id": "878d8d688ffffff", "building_count": 60, "hex_area_km2": 5.0073473395322994, "density": 12, "kategori_density": "Rendah" }, "geometry": { "type": "Polygon", "coordinates": [ [ [ 109.261069750412872, -7.298326902424503 ], [ 109.258310928847621, -7.28645781766553 ], [ 109.246174592672148, -7.283575168545686 ], [ 109.236797171854434, -7.292563060233587 ], [ 109.239557262602162, -7.304432471514956 ], [ 109.251693505105223, -7.307313664808916 ], [ 109.261069750412872, -7.298326902424503 ] ] ] } },
{ "type": "Feature", "properties": { "hex_id": "878d8d689ffffff", "building_count": 96, "hex_area_km2": 5.0081862496473297, "density": 19, "kategori_density": "Rendah" }, "geometry": { "type": "Polygon", "coordinates": [ [ [ 109.239557262602162, -7.304432471514956 ], [ 109.236797171854434, -7.292563060233587 ], [ 109.224658705608888, -7.289680080819803 ], [ 109.215280425073502, -7.298667967427003 ], [ 109.218041784551389, -7.310537703663186 ], [ 109.230180155954912, -7.313419228560318 ], [ 109.239557262602162, -7.304432471514956 ] ] ] } },
{ "type": "Feature", "properties": { "hex_id": "878d8d68cffffff", "building_count": 1171, "hex_area_km2": 5.0052010724832066, "density": 234, "kategori_density": "Sedang" }, "geometry": { "type": "Polygon", "coordinates": [ [ [ 109.275961633445789, -7.313073932908755 ], [ 109.273203861068765, -7.301207764805899 ], [ 109.261069750412872, -7.298326902424503 ], [ 109.251693505105223, -7.307313664808916 ], [ 109.254452546820389, -7.319180159793556 ], [ 109.266586564624902, -7.322059565734927 ], [ 109.275961633445789, -7.313073932908755 ] ] ] } },
{ "type": "Feature", "properties": { "hex_id": "878d8d68dffffff", "building_count": 2230, "hex_area_km2": 5.0060405334635609, "density": 445, "kategori_density": "Tinggi" }, "geometry": { "type": "Polygon", "coordinates": [ [ [ 109.254452546820389, -7.319180159793556 ], [ 109.251693505105223, -7.307313664808916 ], [ 109.239557262602162, -7.304432471514956 ], [ 109.230180155954912, -7.313419228560318 ], [ 109.232940466556911, -7.325286048860418 ], [ 109.245076615039494, -7.328165787022678 ], [ 109.254452546820389, -7.319180159793556 ] ] ] } },
{ "type": "Feature", "properties": { "hex_id": "878d8d6a8ffffff", "building_count": 2275, "hex_area_km2": 5.0017468040306392, "density": 455, "kategori_density": "Tinggi" }, "geometry": { "type": "Polygon", "coordinates": [ [ [ 109.284233293196081, -7.348661418235669 ], [ 109.281476349480698, -7.336800760296766 ], [ 109.269344557329134, -7.333923142937424 ], [ 109.259969801391534, -7.342907640096409 ], [ 109.26272801430494, -7.354768624068273 ], [ 109.274859714077579, -7.357644785071226 ], [ 109.284233293196081, -7.348661418235669 ] ] ] } },
{ "type": "Feature", "properties": { "hex_id": "878d8d6a9ffffff", "building_count": 1464, "hex_area_km2": 5.0025852996097422, "density": 293, "kategori_density": "Sedang" }, "geometry": { "type": "Polygon", "coordinates": [ [ [ 109.26272801430494, -7.354768624068273 ], [ 109.259969801391534, -7.342907640096409 ], [ 109.247835876786482, -7.340029689900009 ], [ 109.238460258762316, -7.349014178947592 ], [ 109.241219740423077, -7.360875487388229 ], [ 109.253353571480659, -7.363751982535633 ], [ 109.26272801430494, -7.354768624068273 ] ] ] } },
{ "type": "Feature", "properties": { "hex_id": "878d8d6aaffffff", "building_count": 406, "hex_area_km2": 5.0030540402998271, "density": 81, "kategori_density": "Rendah" }, "geometry": { "type": "Polygon", "coordinates": [ [ [ 109.290850240839305, -7.327816257283077 ], [ 109.288093517628198, -7.315953007320505 ], [ 109.275961633445789, -7.313073932908755 ], [ 109.266586564624902, -7.322059565734927 ], [ 109.269344557329134, -7.333923142937424 ], [ 109.281476349480698, -7.336800760296766 ], [ 109.290850240839305, -7.327816257283077 ] ] ] } },
{ "type": "Feature", "properties": { "hex_id": "878d8d6abffffff", "building_count": 2215, "hex_area_km2": 5.0038940504570188, "density": 443, "kategori_density": "Tinggi" }, "geometry": { "type": "Polygon", "coordinates": [ [ [ 109.269344557329134, -7.333923142937424 ], [ 109.266586564624902, -7.322059565734927 ], [ 109.254452546820389, -7.319180159793556 ], [ 109.245076615039494, -7.328165787022678 ], [ 109.247835876786482, -7.340029689900009 ], [ 109.259969801391534, -7.342907640096409 ], [ 109.269344557329134, -7.333923142937424 ] ] ] } },
{ "type": "Feature", "properties": { "hex_id": "878d8d6acffffff", "building_count": 1704, "hex_area_km2": 4.9995987975741665, "density": 341, "kategori_density": "Tinggi" }, "geometry": { "type": "Polygon", "coordinates": [ [ [ 109.299118753491157, -7.36339498298482 ], [ 109.296362858742043, -7.351537245787024 ], [ 109.284233293196081, -7.348661418235669 ], [ 109.274859714077579, -7.357644785071226 ], [ 109.277616878179245, -7.369502848658862 ], [ 109.289746352166318, -7.372377219244174 ], [ 109.299118753491157, -7.36339498298482 ] ] ] } },
{ "type": "Feature", "properties": { "hex_id": "878d8d6adffffff", "building_count": 2738, "hex_area_km2": 5.0004378410111467, "density": 548, "kategori_density": "Tinggi" }, "geometry": { "type": "Polygon", "coordinates": [ [ [ 109.277616878179245, -7.369502848658862 ], [ 109.274859714077579, -7.357644785071226 ], [ 109.26272801430494, -7.354768624068273 ], [ 109.253353571480659, -7.363751982535633 ], [ 109.256112004485217, -7.375610370950173 ], [ 109.268243611530934, -7.378485076293593 ], [ 109.277616878179245, -7.369502848658862 ] ] ] } },
{ "type": "Feature", "properties": { "hex_id": "878d8d6aeffffff", "building_count": 45, "hex_area_km2": 5.0009062463806924, "density": 9, "kategori_density": "Rendah" }, "geometry": { "type": "Polygon", "coordinates": [ [ [ 109.305735571664073, -7.342553872839471 ], [ 109.302979897596074, -7.330693542497391 ], [ 109.290850240839305, -7.327816257283077 ], [ 109.281476349480698, -7.336800760296766 ], [ 109.284233293196081, -7.348661418235669 ], [ 109.296362858742043, -7.351537245787024 ], [ 109.305735571664073, -7.342553872839471 ] ] ] } },
{ "type": "Feature", "properties": { "hex_id": "878d8d6c0ffffff", "building_count": 80, "hex_area_km2": 5.0093776973101045, "density": 16, "kategori_density": "Rendah" }, "geometry": { "type": "Polygon", "coordinates": [ [ [ 109.1683863183749, -7.343601659663216 ], [ 109.16562220383328, -7.331733872818054 ], [ 109.153477463439685, -7.328851348966462 ], [ 109.144096936410207, -7.337838062073104 ], [ 109.146862318020439, -7.349706167965084 ], [ 109.159006959712968, -7.352587241926877 ], [ 109.1683863183749, -7.343601659663216 ] ] ] } },
{ "type": "Feature", "properties": { "hex_id": "878d8d6c1ffffff", "building_count": 662, "hex_area_km2": 5.0102068091218079, "density": 132, "kategori_density": "Sedang" }, "geometry": { "type": "Polygon", "coordinates": [ [ [ 109.146862318020439, -7.349706167965084 ], [ 109.144096936410207, -7.337838062073104 ], [ 109.131950078933968, -7.334955203854538 ], [ 109.122568703061887, -7.343941900328496 ], [ 109.125335351282885, -7.35581032369931 ], [ 109.137482108886942, -7.358691733340688 ], [ 109.146862318020439, -7.349706167965084 ] ] ] } },
{ "type": "Feature", "properties": { "hex_id": "878d8d6c4ffffff", "building_count": 453, "hex_area_km2": 5.0072334315293476, "density": 90, "kategori_density": "Rendah" }, "geometry": { "type": "Polygon", "coordinates": [ [ [ 109.183291907356846, -7.358347269145426 ], [ 109.180528841196463, -7.346482398637447 ], [ 109.1683863183749, -7.343601659663216 ], [ 109.159006959712968, -7.352587241926877 ], [ 109.161771293101822, -7.364452431846021 ], [ 109.173913718045341, -7.367331720313635 ], [ 109.183291907356846, -7.358347269145426 ] ] ] } },
{ "type": "Feature", "properties": { "hex_id": "878d8d6c5ffffff", "building_count": 858, "hex_area_km2": 5.008063102769106, "density": 171, "kategori_density": "Sedang" }, "geometry": { "type": "Polygon", "coordinates": [ [ [ 109.161771293101822, -7.364452431846021 ], [ 109.159006959712968, -7.352587241926877 ], [ 109.146862318020439, -7.349706167965084 ], [ 109.137482108886942, -7.358691733340688 ], [ 109.140247709047443, -7.370557241104251 ], [ 109.15239225169131, -7.373436865871166 ], [ 109.161771293101822, -7.364452431846021 ] ] ] } },
{ "type": "Feature", "properties": { "hex_id": "878d8d6c6ffffff", "building_count": 359, "hex_area_km2": 5.0085465120193078, "density": 72, "kategori_density": "Rendah" }, "geometry": { "type": "Polygon", "coordinates": [ [ [ 109.18990734688559, -7.337496801744878 ], [ 109.187144499869078, -7.325629335514184 ], [ 109.175001879517197, -7.322747145338399 ], [ 109.16562220383328, -7.331733872818054 ], [ 109.1683863183749, -7.343601659663216 ], [ 109.180528841196463, -7.346482398637447 ], [ 109.18990734688559, -7.337496801744878 ] ] ] } },
{ "type": "Feature", "properties": { "hex_id": "878d8d6c8ffffff", "building_count": 588, "hex_area_km2": 5.0131762135561004, "density": 117, "kategori_density": "Sedang" }, "geometry": { "type": "Polygon", "coordinates": [ [ [ 109.110419731465157, -7.341058707051662 ], [ 109.107652035166325, -7.329187369566528 ], [ 109.095500850546102, -7.326302393896642 ], [ 109.086117464215263, -7.335290202578599 ], [ 109.088886426503208, -7.347161855606202 ], [ 109.101037509255207, -7.350045384632764 ], [ 109.110419731465157, -7.341058707051662 ] ] ] } },
{ "type": "Feature", "properties": { "hex_id": "878d8d6c9ffffff", "building_count": 2479, "hex_area_km2": 5.0140006077285806, "density": 494, "kategori_density": "Tinggi" }, "geometry": { "type": "Polygon", "coordinates": [ [ [ 109.088886426503208, -7.347161855606202 ], [ 109.086117464215263, -7.335290202578599 ], [ 109.073964170235655, -7.332404891782616 ], [ 109.064579941707279, -7.3413926795658 ], [ 109.067350169522953, -7.353264646565994 ], [ 109.079503360461928, -7.356148512033869 ], [ 109.088886426503208, -7.347161855606202 ] ] ] } },
{ "type": "Feature", "properties": { "hex_id": "878d8d6cbffffff", "building_count": 333, "hex_area_km2": 5.0153178011378099, "density": 66, "kategori_density": "Rendah" }, "geometry": { "type": "Polygon", "coordinates": [ [ [ 109.095500850546102, -7.326302393896642 ], [ 109.092732106152567, -7.31442814379411 ], [ 109.080578709479781, -7.311541386977025 ], [ 109.07119416001629, -7.320530326506952 ], [ 109.073964170235655, -7.332404891782616 ], [ 109.086117464215263, -7.335290202578599 ], [ 109.095500850546102, -7.326302393896642 ] ] ] } },
{ "type": "Feature", "properties": { "hex_id": "878d8d6ccffffff", "building_count": 898, "hex_area_km2": 5.0110338456226398, "density": 179, "kategori_density": "Sedang" }, "geometry": { "type": "Polygon", "coordinates": [ [ [ 109.125335351282885, -7.35581032369931 ], [ 109.122568703061887, -7.343941900328496 ], [ 109.110419731465157, -7.341058707051662 ], [ 109.101037509255207, -7.350045384632764 ], [ 109.10380542362789, -7.361914123914118 ], [ 109.115954294180895, -7.36479586992724 ], [ 109.125335351282885, -7.35581032369931 ] ] ] } },
{ "type": "Feature", "properties": { "hex_id": "878d8d6cdffffff", "building_count": 2488, "hex_area_km2": 5.01185880501518, "density": 496, "kategori_density": "Tinggi" }, "geometry": { "type": "Polygon", "coordinates": [ [ [ 109.10380542362789, -7.361914123914118 ], [ 109.101037509255207, -7.350045384632764 ], [ 109.088886426503208, -7.347161855606202 ], [ 109.079503360461928, -7.356148512033869 ], [ 109.082272540525892, -7.368017565657139 ], [ 109.094423521062254, -7.370899648734313 ], [ 109.10380542362789, -7.361914123914118 ] ] ] } },
{ "type": "Feature", "properties": { "hex_id": "878d8d6ceffffff", "building_count": 10, "hex_area_km2": 5.0123497402147157, "density": 2, "kategori_density": "Rendah" }, "geometry": { "type": "Polygon", "coordinates": [ [ [ 109.131950078933968, -7.334955203854538 ], [ 109.129183649084339, -7.323084183481417 ], [ 109.117034576791426, -7.32019954224691 ], [ 109.107652035166325, -7.329187369566528 ], [ 109.110419731465157, -7.341058707051662 ], [ 109.122568703061887, -7.343941900328496 ], [ 109.131950078933968, -7.334955203854538 ] ] ] } },
{ "type": "Feature", "properties": { "hex_id": "878d8d6d4ffffff", "building_count": 13, "hex_area_km2": 5.0090230915362888, "density": 3, "kategori_density": "Rendah" }, "geometry": { "type": "Polygon", "coordinates": [ [ [ 109.218041784551389, -7.310537703663186 ], [ 109.215280425073502, -7.298667967427003 ], [ 109.203139831707304, -7.295784657029406 ], [ 109.193760693951774, -7.304772536297611 ], [ 109.196523321706223, -7.316642595920718 ], [ 109.208663819060376, -7.319524453111743 ], [ 109.218041784551389, -7.310537703663186 ] ] ] } },
{ "type": "Feature", "properties": { "hex_id": "878d8d6d5ffffff", "building_count": 2, "hex_area_km2": 5.0098578633618951, "density": 0, "kategori_density": "Rendah" }, "geometry": { "type": "Polygon", "coordinates": [ [ [ 109.196523321706223, -7.316642595920718 ], [ 109.193760693951774, -7.304772536297611 ], [ 109.181617976417414, -7.301888894226192 ], [ 109.172237983941059, -7.310876763896613 ], [ 109.175001879517197, -7.322747145338399 ], [ 109.187144499869078, -7.325629335514184 ], [ 109.196523321706223, -7.316642595920718 ] ] ] } },
{ "type": "Feature", "properties": { "hex_id": "878d8d6d9ffffff", "building_count": 69, "hex_area_km2": 5.0158058396480145, "density": 14, "kategori_density": "Rendah" }, "geometry": { "type": "Polygon", "coordinates": [ [ [ 109.123649959495864, -7.299336634855332 ], [ 109.12088269969982, -7.287460107957102 ], [ 109.108731312385899, -7.284572236922382 ], [ 109.099347286163209, -7.293562341037575 ], [ 109.102115812543929, -7.305439185882071 ], [ 109.114267098684806, -7.308325608888291 ], [ 109.123649959495864, -7.299336634855332 ] ] ] } },
{ "type": "Feature", "properties": { "hex_id": "878d8d6daffffff", "building_count": 1, "hex_area_km2": 5.0162870331016727, "density": 0, "kategori_density": "Rendah" }, "geometry": { "type": "Polygon", "coordinates": [ [ [ 109.151797482916322, -7.272367400405927 ], [ 109.149031708890789, -7.260488603027414 ], [ 109.136882336595505, -7.257599613764973 ], [ 109.127498838100493, -7.266590872138322 ], [ 109.130265879467558, -7.278469990238655 ], [ 109.142415152109834, -7.281357529466843 ], [ 109.151797482916322, -7.272367400405927 ] ] ] } },
{ "type": "Feature", "properties": { "hex_id": "878d8d6dbffffff", "building_count": 3, "hex_area_km2": 5.0171180518574632, "density": 1, "kategori_density": "Rendah" }, "geometry": { "type": "Polygon", "coordinates": [ [ [ 109.130265879467558, -7.278469990238655 ], [ 109.127498838100493, -7.266590872138322 ], [ 109.11534734996124, -7.263701552383821 ], [ 109.105963004136456, -7.272692799672527 ], [ 109.108731312385899, -7.284572236922382 ], [ 109.12088269969982, -7.287460107957102 ], [ 109.130265879467558, -7.278469990238655 ] ] ] } },
{ "type": "Feature", "properties": { "hex_id": "878d8d6dcffffff", "building_count": 29, "hex_area_km2": 5.0128338393054008, "density": 6, "kategori_density": "Rendah" }, "geometry": { "type": "Polygon", "coordinates": [ [ [ 109.160093145194139, -7.307992789461187 ], [ 109.157328201039377, -7.296119494301451 ], [ 109.145181144861752, -7.293233736847422 ], [ 109.135799132137322, -7.302222724740574 ], [ 109.138565343497262, -7.314096339784823 ], [ 109.150712300498057, -7.316980647274562 ], [ 109.160093145194139, -7.307992789461187 ] ] ] } },
{ "type": "Feature", "properties": { "hex_id": "878d8d6e0ffffff", "building_count": 2596, "hex_area_km2": 5.0037733779069455, "density": 519, "kategori_density": "Tinggi" }, "geometry": { "type": "Polygon", "coordinates": [ [ [ 109.191579447464534, -7.393930848025928 ], [ 109.188817210462261, -7.382071494511674 ], [ 109.17667700323139, -7.379193992772219 ], [ 109.167299130527013, -7.388177295195342 ], [ 109.170062634620564, -7.400036967281431 ], [ 109.182202744448261, -7.402913018596011 ], [ 109.191579447464534, -7.393930848025928 ] ] ] } },
{ "type": "Feature", "properties": { "hex_id": "878d8d6e1ffffff", "building_count": 1510, "hex_area_km2": 5.0046020937951212, "density": 302, "kategori_density": "Tinggi" }, "geometry": { "type": "Polygon", "coordinates": [ [ [ 109.170062634620564, -7.400036967281431 ], [ 109.167299130527013, -7.388177295195342 ], [ 109.155156803809163, -7.385299456538487 ], [ 109.145778079879449, -7.394282739305319 ], [ 109.148542850608095, -7.406142728398647 ], [ 109.160685078752721, -7.409019117941429 ], [ 109.170062634620564, -7.400036967281431 ] ] ] } },
{ "type": "Feature", "properties": { "hex_id": "878d8d6e2ffffff", "building_count": 2129, "hex_area_km2": 5.0050883955843908, "density": 425, "kategori_density": "Tinggi" }, "geometry": { "type": "Polygon", "coordinates": [ [ [ 109.19819422944164, -7.373088174690833 ], [ 109.195432211643237, -7.361226222006501 ], [ 109.183291907356846, -7.358347269145426 ], [ 109.173913718045341, -7.367331720313635 ], [ 109.17667700323139, -7.379193992772219 ], [ 109.188817210462261, -7.382071494511674 ], [ 109.19819422944164, -7.373088174690833 ] ] ] } },
{ "type": "Feature", "properties": { "hex_id": "878d8d6e3ffffff", "building_count": 2664, "hex_area_km2": 5.0059186245644334, "density": 532, "kategori_density": "Tinggi" }, "geometry": { "type": "Polygon", "coordinates": [ [ [ 109.17667700323139, -7.379193992772219 ], [ 109.173913718045341, -7.367331720313635 ], [ 109.161771293101822, -7.364452431846021 ], [ 109.15239225169131, -7.373436865871166 ], [ 109.155156803809163, -7.385299456538487 ], [ 109.167299130527013, -7.388177295195342 ], [ 109.17667700323139, -7.379193992772219 ] ] ] } },
{ "type": "Feature", "properties": { "hex_id": "878d8d6e4ffffff", "building_count": 4759, "hex_area_km2": 5.001627366193242, "density": 951, "kategori_density": "Tinggi" }, "geometry": { "type": "Polygon", "coordinates": [ [ [ 109.206478624858875, -7.408662994896795 ], [ 109.20371743602081, -7.396806561806632 ], [ 109.191579447464534, -7.393930848025928 ], [ 109.182202744448261, -7.402913018596011 ], [ 109.184965200536311, -7.414769770619823 ], [ 109.197103092511441, -7.417644033363363 ], [ 109.206478624858875, -7.408662994896795 ] ] ] } },
{ "type": "Feature", "properties": { "hex_id": "878d8d6e5ffffff", "building_count": 3058, "hex_area_km2": 5.0024566384966178, "density": 611, "kategori_density": "Tinggi" }, "geometry": { "type": "Polygon", "coordinates": [ [ [ 109.184965200536311, -7.414769770619823 ], [ 109.182202744448261, -7.402913018596011 ], [ 109.170062634620564, -7.400036967281431 ], [ 109.160685078752721, -7.409019117941429 ], [ 109.163448801635582, -7.420876187335539 ], [ 109.175588813712594, -7.423750788922886 ], [ 109.184965200536311, -7.414769770619823 ] ] ] } },
{ "type": "Feature", "properties": { "hex_id": "878d8d6e6ffffff", "building_count": 2653, "hex_area_km2": 5.0029425928628806, "density": 530, "kategori_density": "Tinggi" }, "geometry": { "type": "Polygon", "coordinates": [ [ [ 109.213093283687584, -7.387824373584521 ], [ 109.210332314231408, -7.375965340206341 ], [ 109.19819422944164, -7.373088174690833 ], [ 109.188817210462261, -7.382071494511674 ], [ 109.191579447464534, -7.393930848025928 ], [ 109.20371743602081, -7.396806561806632 ], [ 109.213093283687584, -7.387824373584521 ] ] ] } },
{ "type": "Feature", "properties": { "hex_id": "878d8d6e8ffffff", "building_count": 1981, "hex_area_km2": 5.007572867107112, "density": 396, "kategori_density": "Tinggi" }, "geometry": { "type": "Polygon", "coordinates": [ [ [ 109.133633636631814, -7.391404563037504 ], [ 109.130867818039277, -7.37954165572723 ], [ 109.118721160654943, -7.376661693968169 ], [ 109.109340422552236, -7.385646086929447 ], [ 109.112107507161028, -7.397509309316488 ], [ 109.124254063978171, -7.400387823889004 ], [ 109.133633636631814, -7.391404563037504 ] ] ] } },
{ "type": "Feature", "properties": { "hex_id": "878d8d6e9ffffff", "building_count": 1134, "hex_area_km2": 5.008396877034075, "density": 226, "kategori_density": "Sedang" }, "geometry": { "type": "Polygon", "coordinates": [ [ [ 109.112107507161028, -7.397509309316488 ], [ 109.109340422552236, -7.385646086929447 ], [ 109.097191653390396, -7.382765787485203 ], [ 109.087810070698083, -7.391750156524785 ], [ 109.09057842086338, -7.40361369242213 ], [ 109.102727088286699, -7.406492545993214 ], [ 109.112107507161028, -7.397509309316488 ] ] ] } },
{ "type": "Feature", "properties": { "hex_id": "878d8d6eaffffff", "building_count": 1601, "hex_area_km2": 5.0088907007557628, "density": 320, "kategori_density": "Tinggi" }, "geometry": { "type": "Polygon", "coordinates": [ [ [ 109.140247709047443, -7.370557241104251 ], [ 109.137482108886942, -7.358691733340688 ], [ 109.125335351282885, -7.35581032369931 ], [ 109.115954294180895, -7.36479586992724 ], [ 109.118721160654943, -7.376661693968169 ], [ 109.130867818039277, -7.37954165572723 ], [ 109.140247709047443, -7.370557241104251 ] ] ] } },
{ "type": "Feature", "properties": { "hex_id": "878d8d6ebffffff", "building_count": 1223, "hex_area_km2": 5.0097162236717585, "density": 244, "kategori_density": "Sedang" }, "geometry": { "type": "Polygon", "coordinates": [ [ [ 109.118721160654943, -7.376661693968169 ], [ 109.115954294180895, -7.36479586992724 ], [ 109.10380542362789, -7.361914123914118 ], [ 109.094423521062254, -7.370899648734313 ], [ 109.097191653390396, -7.382765787485203 ], [ 109.109340422552236, -7.385646086929447 ], [ 109.118721160654943, -7.376661693968169 ] ] ] } },
{ "type": "Feature", "properties": { "hex_id": "878d8d6ecffffff", "building_count": 2234, "hex_area_km2": 5.005428738708372, "density": 446, "kategori_density": "Tinggi" }, "geometry": { "type": "Polygon", "coordinates": [ [ [ 109.148542850608095, -7.406142728398647 ], [ 109.145778079879449, -7.394282739305319 ], [ 109.133633636631814, -7.391404563037504 ], [ 109.124254063978171, -7.400387823889004 ], [ 109.127020100884494, -7.412248128424682 ], [ 109.139164444388442, -7.415124856890077 ], [ 109.148542850608095, -7.406142728398647 ] ] ] } },
{ "type": "Feature", "properties": { "hex_id": "878d8d6edffffff", "building_count": 1254, "hex_area_km2": 5.0062533108437481, "density": 250, "kategori_density": "Sedang" }, "geometry": { "type": "Polygon", "coordinates": [ [ [ 109.127020100884494, -7.412248128424682 ], [ 109.124254063978171, -7.400387823889004 ], [ 109.112107507161028, -7.397509309316488 ], [ 109.102727088286699, -7.406492545993214 ], [ 109.105494390911915, -7.418353164405996 ], [ 109.117640846814538, -7.421230232488583 ], [ 109.127020100884494, -7.412248128424682 ] ] ] } },
{ "type": "Feature", "properties": { "hex_id": "878d8d6eeffffff", "building_count": 1274, "hex_area_km2": 5.0067467823453171, "density": 254, "kategori_density": "Sedang" }, "geometry": { "type": "Polygon", "coordinates": [ [ [ 109.155156803809163, -7.385299456538487 ], [ 109.15239225169131, -7.373436865871166 ], [ 109.140247709047443, -7.370557241104251 ], [ 109.130867818039277, -7.37954165572723 ], [ 109.133633636631814, -7.391404563037504 ], [ 109.145778079879449, -7.394282739305319 ], [ 109.155156803809163, -7.385299456538487 ] ] ] } },
{ "type": "Feature", "properties": { "hex_id": "878d8d6f0ffffff", "building_count": 2044, "hex_area_km2": 5.0055678765675244, "density": 408, "kategori_density": "Tinggi" }, "geometry": { "type": "Polygon", "coordinates": [ [ [ 109.226324204648236, -7.346135895221988 ], [ 109.223563674310086, -7.334271668235247 ], [ 109.211425398096594, -7.331391597160628 ], [ 109.202047747879774, -7.340377206423423 ], [ 109.204809546356145, -7.352241755953835 ], [ 109.21694772703168, -7.355120373900943 ], [ 109.226324204648236, -7.346135895221988 ] ] ] } },
{ "type": "Feature", "properties": { "hex_id": "878d8d6f1ffffff", "building_count": 1280, "hex_area_km2": 5.006401688857359, "density": 256, "kategori_density": "Sedang" }, "geometry": { "type": "Polygon", "coordinates": [ [ [ 109.204809546356145, -7.352241755953835 ], [ 109.202047747879774, -7.340377206423423 ], [ 109.18990734688559, -7.337496801744878 ], [ 109.180528841196463, -7.346482398637447 ], [ 109.183291907356846, -7.358347269145426 ], [ 109.195432211643237, -7.361226222006501 ], [ 109.204809546356145, -7.352241755953835 ] ] ] } },
{ "type": "Feature", "properties": { "hex_id": "878d8d6f2ffffff", "building_count": 2053, "hex_area_km2": 5.0068779282690867, "density": 410, "kategori_density": "Tinggi" }, "geometry": { "type": "Polygon", "coordinates": [ [ [ 109.232940466556911, -7.325286048860418 ], [ 109.230180155954912, -7.313419228560318 ], [ 109.218041784551389, -7.310537703663186 ], [ 109.208663819060376, -7.319524453111743 ], [ 109.211425398096594, -7.331391597160628 ], [ 109.223563674310086, -7.334271668235247 ], [ 109.232940466556911, -7.325286048860418 ] ] ] } },
{ "type": "Feature", "properties": { "hex_id": "878d8d6f3ffffff", "building_count": 321, "hex_area_km2": 5.0077132550596479, "density": 64, "kategori_density": "Rendah" }, "geometry": { "type": "Polygon", "coordinates": [ [ [ 109.211425398096594, -7.331391597160628 ], [ 109.208663819060376, -7.319524453111743 ], [ 109.196523321706223, -7.316642595920718 ], [ 109.187144499869078, -7.325629335514184 ], [ 109.18990734688559, -7.337496801744878 ], [ 109.202047747879774, -7.340377206423423 ], [ 109.211425398096594, -7.331391597160628 ] ] ] } },
{ "type": "Feature", "properties": { "hex_id": "878d8d6f4ffffff", "building_count": 3193, "hex_area_km2": 5.0034217312800466, "density": 638, "kategori_density": "Tinggi" }, "geometry": { "type": "Polygon", "coordinates": [ [ [ 109.241219740423077, -7.360875487388229 ], [ 109.238460258762316, -7.349014178947592 ], [ 109.226324204648236, -7.346135895221988 ], [ 109.21694772703168, -7.355120373900943 ], [ 109.219708476987904, -7.366982005245853 ], [ 109.231844436385543, -7.369858835230731 ], [ 109.241219740423077, -7.360875487388229 ] ] ] } },
{ "type": "Feature", "properties": { "hex_id": "878d8d6f5ffffff", "building_count": 2103, "hex_area_km2": 5.0042560972125276, "density": 420, "kategori_density": "Tinggi" }, "geometry": { "type": "Polygon", "coordinates": [ [ [ 109.219708476987904, -7.366982005245853 ], [ 109.21694772703168, -7.355120373900943 ], [ 109.204809546356145, -7.352241755953835 ], [ 109.195432211643237, -7.361226222006501 ], [ 109.19819422944164, -7.373088174690833 ], [ 109.210332314231408, -7.375965340206341 ], [ 109.219708476987904, -7.366982005245853 ] ] ] } },
{ "type": "Feature", "properties": { "hex_id": "878d8d6f6ffffff", "building_count": 4251, "hex_area_km2": 5.0047319964934776, "density": 849, "kategori_density": "Tinggi" }, "geometry": { "type": "Polygon", "coordinates": [ [ [ 109.247835876786482, -7.340029689900009 ], [ 109.245076615039494, -7.328165787022678 ], [ 109.232940466556911, -7.325286048860418 ], [ 109.223563674310086, -7.334271668235247 ], [ 109.226324204648236, -7.346135895221988 ], [ 109.238460258762316, -7.349014178947592 ], [ 109.247835876786482, -7.340029689900009 ] ] ] } },
{ "type": "Feature", "properties": { "hex_id": "878d8d700ffffff", "building_count": 687, "hex_area_km2": 4.9792891249771634, "density": 138, "kategori_density": "Sedang" }, "geometry": { "type": "Polygon", "coordinates": [ [ [ 109.376766935885868, -7.549611153311521 ], [ 109.374017496751378, -7.537784329014707 ], [ 109.361903889396004, -7.534926904664667 ], [ 109.352539808517164, -7.543897763196155 ], [ 109.355290516894129, -7.555724911526797 ], [ 109.367404037025523, -7.558580877515744 ], [ 109.376766935885868, -7.549611153311521 ] ] ] } },
{ "type": "Feature", "properties": { "hex_id": "878d8d701ffffff", "building_count": 660, "hex_area_km2": 4.9801259157062372, "density": 133, "kategori_density": "Sedang" }, "geometry": { "type": "Polygon", "coordinates": [ [ [ 109.355290516894129, -7.555724911526797 ], [ 109.352539808517164, -7.543897763196155 ], [ 109.340424059241428, -7.541039995936528 ], [ 109.33105910684921, -7.550010834292163 ], [ 109.333811084024575, -7.561838305106012 ], [ 109.345926744912148, -7.564694615304719 ], [ 109.355290516894129, -7.555724911526797 ] ] ] } },
{ "type": "Feature", "properties": { "hex_id": "878d8d702ffffff", "building_count": 524, "hex_area_km2": 4.98060483872663, "density": 105, "kategori_density": "Sedang" }, "geometry": { "type": "Polygon", "coordinates": [ [ [ 109.383380703637698, -7.528813452559657 ], [ 109.380631485945898, -7.516984018147439 ], [ 109.368517791714254, -7.514125134729472 ], [ 109.359153402168658, -7.523097145015182 ], [ 109.361903889396004, -7.534926904664667 ], [ 109.374017496751378, -7.537784329014707 ], [ 109.383380703637698, -7.528813452559657 ] ] ] } },
{ "type": "Feature", "properties": { "hex_id": "878d8d703ffffff", "building_count": 912, "hex_area_km2": 4.9814431387364131, "density": 183, "kategori_density": "Sedang" }, "geometry": { "type": "Polygon", "coordinates": [ [ [ 109.361903889396004, -7.534926904664667 ], [ 109.359153402168658, -7.523097145015182 ], [ 109.347037564852386, -7.520237919987849 ], [ 109.337672302922286, -7.529209912601309 ], [ 109.340424059241428, -7.541039995936528 ], [ 109.352539808517164, -7.543897763196155 ], [ 109.361903889396004, -7.534926904664667 ] ] ] } },
{ "type": "Feature", "properties": { "hex_id": "878d8d704ffffff", "building_count": 216, "hex_area_km2": 4.9771343850028824, "density": 43, "kategori_density": "Rendah" }, "geometry": { "type": "Polygon", "coordinates": [ [ [ 109.391626703406388, -7.564290663301737 ], [ 109.388878312339173, -7.552466775792689 ], [ 109.376766935885868, -7.549611153311521 ], [ 109.367404037025523, -7.558580877515744 ], [ 109.370153697485193, -7.570405089405488 ], [ 109.382264987530561, -7.573259252933948 ], [ 109.391626703406388, -7.564290663301737 ] ] ] } },
{ "type": "Feature", "properties": { "hex_id": "878d8d705ffffff", "building_count": 704, "hex_area_km2": 4.9779717116482747, "density": 141, "kategori_density": "Sedang" }, "geometry": { "type": "Polygon", "coordinates": [ [ [ 109.370153697485193, -7.570405089405488 ], [ 109.367404037025523, -7.558580877515744 ], [ 109.355290516894129, -7.555724911526797 ], [ 109.345926744912148, -7.564694615304719 ], [ 109.348677674321166, -7.576519150025764 ], [ 109.360791106880953, -7.579373658361309 ], [ 109.370153697485193, -7.570405089405488 ] ] ] } },
{ "type": "Feature", "properties": { "hex_id": "878d8d706ffffff", "building_count": 109, "hex_area_km2": 4.9784502894285074, "density": 22, "kategori_density": "Rendah" }, "geometry": { "type": "Polygon", "coordinates": [ [ [ 109.398240335600448, -7.543497033413934 ], [ 109.395492166151215, -7.531670534701262 ], [ 109.383380703637698, -7.528813452559657 ], [ 109.374017496751378, -7.537784329014707 ], [ 109.376766935885868, -7.549611153311521 ], [ 109.388878312339173, -7.552466775792689 ], [ 109.398240335600448, -7.543497033413934 ] ] ] } },
{ "type": "Feature", "properties": { "hex_id": "878d8d708ffffff", "building_count": 1281, "hex_area_km2": 4.9831135963479163, "density": 257, "kategori_density": "Sedang" }, "geometry": { "type": "Polygon", "coordinates": [ [ [ 109.318941218577706, -7.547152723421668 ], [ 109.316188193611836, -7.535322317952604 ], [ 109.304068078901935, -7.53246240760513 ], [ 109.294701079647197, -7.541434358115182 ], [ 109.297455372813488, -7.553265084165927 ], [ 109.30957539715304, -7.556123539348687 ], [ 109.318941218577706, -7.547152723421668 ] ] ] } },
{ "type": "Feature", "properties": { "hex_id": "878d8d709ffffff", "building_count": 2048, "hex_area_km2": 4.9839457503099869, "density": 411, "kategori_density": "Tinggi" }, "geometry": { "type": "Polygon", "coordinates": [ [ [ 109.297455372813488, -7.553265084165927 ], [ 109.294701079647197, -7.541434358115182 ], [ 109.282578830634534, -7.538574104056645 ], [ 109.27321096644323, -7.547546030134597 ], [ 109.275966527362257, -7.559377075214494 ], [ 109.28808868483911, -7.562235875411099 ], [ 109.297455372813488, -7.553265084165927 ] ] ] } },
{ "type": "Feature", "properties": { "hex_id": "878d8d70affffff", "building_count": 2313, "hex_area_km2": 4.9844321368032833, "density": 464, "kategori_density": "Tinggi" }, "geometry": { "type": "Polygon", "coordinates": [ [ [ 109.325554325445566, -7.526350345264201 ], [ 109.322801521159846, -7.5145173283647 ], [ 109.310681316427178, -7.511655962146685 ], [ 109.301314006121856, -7.520629068922363 ], [ 109.304068078901935, -7.53246240760513 ], [ 109.316188193611836, -7.535322317952604 ], [ 109.325554325445566, -7.526350345264201 ] ] ] } },
{ "type": "Feature", "properties": { "hex_id": "878d8d70bffffff", "building_count": 2438, "hex_area_km2": 4.9852657999617271, "density": 489, "kategori_density": "Tinggi" }, "geometry": { "type": "Polygon", "coordinates": [ [ [ 109.304068078901935, -7.53246240760513 ], [ 109.301314006121856, -7.520629068922363 ], [ 109.289191665920796, -7.517767360296081 ], [ 109.279823489807384, -7.52674044514403 ], [ 109.282578830634534, -7.538574104056645 ], [ 109.294701079647197, -7.541434358115182 ], [ 109.304068078901935, -7.53246240760513 ] ] ] } },
{ "type": "Feature", "properties": { "hex_id": "878d8d70cffffff", "building_count": 1057, "hex_area_km2": 4.9809606598045466, "density": 212, "kategori_density": "Sedang" }, "geometry": { "type": "Polygon", "coordinates": [ [ [ 109.333811084024575, -7.561838305106012 ], [ 109.33105910684921, -7.550010834292163 ], [ 109.318941218577706, -7.547152723421668 ], [ 109.30957539715304, -7.556123539348687 ], [ 109.312328642681464, -7.567951331094797 ], [ 109.324446441400198, -7.570807986205403 ], [ 109.333811084024575, -7.561838305106012 ] ] ] } },
{ "type": "Feature", "properties": { "hex_id": "878d8d70dffffff", "building_count": 810, "hex_area_km2": 4.9817933554428855, "density": 163, "kategori_density": "Sedang" }, "geometry": { "type": "Polygon", "coordinates": [ [ [ 109.312328642681464, -7.567951331094797 ], [ 109.30957539715304, -7.556123539348687 ], [ 109.297455372813488, -7.553265084165927 ], [ 109.28808868483911, -7.562235875411099 ], [ 109.29084319827389, -7.574063986538176 ], [ 109.302963131895694, -7.576920987262953 ], [ 109.312328642681464, -7.567951331094797 ] ] ] } },
{ "type": "Feature", "properties": { "hex_id": "878d8d70effffff", "building_count": 1093, "hex_area_km2": 4.9822793918820514, "density": 219, "kategori_density": "Sedang" }, "geometry": { "type": "Polygon", "coordinates": [ [ [ 109.340424059241428, -7.541039995936528 ], [ 109.337672302922286, -7.529209912601309 ], [ 109.325554325445566, -7.526350345264201 ], [ 109.316188193611836, -7.535322317952604 ], [ 109.318941218577706, -7.547152723421668 ], [ 109.33105910684921, -7.550010834292163 ], [ 109.340424059241428, -7.541039995936528 ] ] ] } },
{ "type": "Feature", "properties": { "hex_id": "878d8d715ffffff", "building_count": 59, "hex_area_km2": 4.9797644936853418, "density": 12, "kategori_density": "Rendah" }, "geometry": { "type": "Polygon", "coordinates": [ [ [ 109.40485449656768, -7.522699642574467 ], [ 109.40210654885388, -7.510870534950723 ], [ 109.389995000627948, -7.508011992441847 ], [ 109.380631485945898, -7.516984018147439 ], [ 109.383380703637698, -7.528813452559657 ], [ 109.395492166151215, -7.531670534701262 ], [ 109.40485449656768, -7.522699642574467 ] ] ] } },
{ "type": "Feature", "properties": { "hex_id": "878d8d718ffffff", "building_count": 1319, "hex_area_km2": 4.984911750235427, "density": 265, "kategori_density": "Sedang" }, "geometry": { "type": "Polygon", "coordinates": [ [ [ 109.353651600744982, -7.499432082554583 ], [ 109.350900286491111, -7.487596781060595 ], [ 109.338782131646894, -7.484734298673478 ], [ 109.329415379684875, -7.493708575881328 ], [ 109.332167963172736, -7.505544201915114 ], [ 109.344286029507074, -7.508405226424726 ], [ 109.353651600744982, -7.499432082554583 ] ] ] } },
{ "type": "Feature", "properties": { "hex_id": "878d8d719ffffff", "building_count": 1349, "hex_area_km2": 4.9857489741444656, "density": 271, "kategori_density": "Sedang" }, "geometry": { "type": "Polygon", "coordinates": [ [ [ 109.332167963172736, -7.505544201915114 ], [ 109.329415379684875, -7.493708575881328 ], [ 109.31729508527701, -7.490845753087801 ], [ 109.307927464150993, -7.499820013127124 ], [ 109.310681316427178, -7.511655962146685 ], [ 109.322801521159846, -7.5145173283647 ], [ 109.332167963172736, -7.505544201915114 ] ] ] } },
{ "type": "Feature", "properties": { "hex_id": "878d8d71affffff", "building_count": 175, "hex_area_km2": 4.9862253711904625, "density": 35, "kategori_density": "Rendah" }, "geometry": { "type": "Polygon", "coordinates": [ [ [ 109.360266166806682, -7.478622488937616 ], [ 109.357515073761931, -7.466784581813414 ], [ 109.345396830755632, -7.463920640844679 ], [ 109.336029769074543, -7.472896065805154 ], [ 109.338782131646894, -7.484734298673478 ], [ 109.350900286491111, -7.487596781060595 ], [ 109.360266166806682, -7.478622488937616 ] ] ] } },
{ "type": "Feature", "properties": { "hex_id": "878d8d71bffffff", "building_count": 647, "hex_area_km2": 4.9870641057097913, "density": 130, "kategori_density": "Sedang" }, "geometry": { "type": "Polygon", "coordinates": [ [ [ 109.338782131646894, -7.484734298673478 ], [ 109.336029769074543, -7.472896065805154 ], [ 109.323909385339249, -7.470031785732024 ], [ 109.314541453622482, -7.479007196030281 ], [ 109.31729508527701, -7.490845753087801 ], [ 109.329415379684875, -7.493708575881328 ], [ 109.338782131646894, -7.484734298673478 ] ] ] } },
{ "type": "Feature", "properties": { "hex_id": "878d8d71cffffff", "building_count": 1636, "hex_area_km2": 4.9827586601173079, "density": 328, "kategori_density": "Tinggi" }, "geometry": { "type": "Polygon", "coordinates": [ [ [ 109.368517791714254, -7.514125134729472 ], [ 109.36576752575408, -7.50229276605551 ], [ 109.353651600744982, -7.499432082554583 ], [ 109.344286029507074, -7.508405226424726 ], [ 109.347037564852386, -7.520237919987849 ], [ 109.359153402168658, -7.523097145015182 ], [ 109.368517791714254, -7.514125134729472 ] ] ] } },
{ "type": "Feature", "properties": { "hex_id": "878d8d71dffffff", "building_count": 1312, "hex_area_km2": 4.9835964229132381, "density": 263, "kategori_density": "Sedang" }, "geometry": { "type": "Polygon", "coordinates": [ [ [ 109.347037564852386, -7.520237919987849 ], [ 109.344286029507074, -7.508405226424726 ], [ 109.332167963172736, -7.505544201915114 ], [ 109.322801521159846, -7.5145173283647 ], [ 109.325554325445566, -7.526350345264201 ], [ 109.337672302922286, -7.529209912601309 ], [ 109.347037564852386, -7.520237919987849 ] ] ] } },
{ "type": "Feature", "properties": { "hex_id": "878d8d71effffff", "building_count": 574, "hex_area_km2": 4.9840724771975111, "density": 115, "kategori_density": "Sedang" }, "geometry": { "type": "Polygon", "coordinates": [ [ [ 109.37513222373623, -7.493319607017667 ], [ 109.372382179160823, -7.481484631617174 ], [ 109.360266166806682, -7.478622488937616 ], [ 109.350900286491111, -7.487596781060595 ], [ 109.353651600744982, -7.499432082554583 ], [ 109.36576752575408, -7.50229276605551 ], [ 109.37513222373623, -7.493319607017667 ] ] ] } },
{ "type": "Feature", "properties": { "hex_id": "878d8d720ffffff", "building_count": 1321, "hex_area_km2": 4.973661133302012, "density": 266, "kategori_density": "Sedang" }, "geometry": { "type": "Polygon", "coordinates": [ [ [ 109.399870223819249, -7.599751221546597 ], [ 109.397122659117656, -7.587932886831955 ], [ 109.385013600098276, -7.585080526950374 ], [ 109.3756521918381, -7.594047960840251 ], [ 109.378401025788875, -7.605866619078681 ], [ 109.390509998868282, -7.608717520127239 ], [ 109.399870223819249, -7.599751221546597 ] ] ] } },
{ "type": "Feature", "properties": { "hex_id": "878d8d721ffffff", "building_count": 2200, "hex_area_km2": 4.974497486244208, "density": 442, "kategori_density": "Tinggi" }, "geometry": { "type": "Polygon", "coordinates": [ [ [ 109.378401025788875, -7.605866619078681 ], [ 109.3756521918381, -7.594047960840251 ], [ 109.36354098854828, -7.591195255555903 ], [ 109.354178706430218, -7.600162666268465 ], [ 109.356928809187707, -7.611981646483434 ], [ 109.36903992537448, -7.614832894233144 ], [ 109.378401025788875, -7.605866619078681 ] ] ] } },
{ "type": "Feature", "properties": { "hex_id": "878d8d722ffffff", "building_count": 445, "hex_area_km2": 4.974978922175219, "density": 89, "kategori_density": "Rendah" }, "geometry": { "type": "Polygon", "coordinates": [ [ [ 109.406483191044117, -7.578965432015947 ], [ 109.40373584801813, -7.567144482725839 ], [ 109.391626703406388, -7.564290663301737 ], [ 109.382264987530561, -7.573259252933948 ], [ 109.385013600098276, -7.585080526950374 ], [ 109.397122659117656, -7.587932886831955 ], [ 109.406483191044117, -7.578965432015947 ] ] ] } },
{ "type": "Feature", "properties": { "hex_id": "878d8d723ffffff", "building_count": 836, "hex_area_km2": 4.9758167830534514, "density": 168, "kategori_density": "Sedang" }, "geometry": { "type": "Polygon", "coordinates": [ [ [ 109.385013600098276, -7.585080526950374 ], [ 109.382264987530561, -7.573259252933948 ], [ 109.370153697485193, -7.570405089405488 ], [ 109.360791106880953, -7.579373658361309 ], [ 109.36354098854828, -7.591195255555903 ], [ 109.3756521918381, -7.594047960840251 ], [ 109.385013600098276, -7.585080526950374 ] ] ] } },
{ "type": "Feature", "properties": { "hex_id": "878d8d724ffffff", "building_count": 1883, "hex_area_km2": 4.971504765737226, "density": 379, "kategori_density": "Tinggi" }, "geometry": { "type": "Polygon", "coordinates": [ [ [ 109.414723567736146, -7.614417170586612 ], [ 109.411977050874341, -7.602601776598271 ], [ 109.399870223819249, -7.599751221546597 ], [ 109.390509998868282, -7.608717520127239 ], [ 109.393257785128085, -7.620533237983727 ], [ 109.405364527058268, -7.623382333615245 ], [ 109.414723567736146, -7.614417170586612 ] ] ] } },
{ "type": "Feature", "properties": { "hex_id": "878d8d725ffffff", "building_count": 1207, "hex_area_km2": 4.9723416516240961, "density": 243, "kategori_density": "Sedang" }, "geometry": { "type": "Polygon", "coordinates": [ [ [ 109.393257785128085, -7.620533237983727 ], [ 109.390509998868282, -7.608717520127239 ], [ 109.378401025788875, -7.605866619078681 ], [ 109.36903992537448, -7.614832894233144 ], [ 109.371788980590821, -7.626648934411792 ], [ 109.383897867382743, -7.629498377337694 ], [ 109.393257785128085, -7.620533237983727 ] ] ] } },
{ "type": "Feature", "properties": { "hex_id": "878d8d726ffffff", "building_count": 1495, "hex_area_km2": 4.9728227398530338, "density": 301, "kategori_density": "Tinggi" }, "geometry": { "type": "Polygon", "coordinates": [ [ [ 109.421336397887799, -7.593635456842122 ], [ 109.418590102876493, -7.581817447198162 ], [ 109.406483191044117, -7.578965432015947 ], [ 109.397122659117656, -7.587932886831955 ], [ 109.399870223819249, -7.599751221546597 ], [ 109.411977050874341, -7.602601776598271 ], [ 109.421336397887799, -7.593635456842122 ] ] ] } },
{ "type": "Feature", "properties": { "hex_id": "878d8d728ffffff", "building_count": 1369, "hex_area_km2": 4.9774863753552481, "density": 275, "kategori_density": "Sedang" }, "geometry": { "type": "Polygon", "coordinates": [ [ [ 109.342065361789579, -7.597309614877767 ], [ 109.339314211466032, -7.585487696053494 ], [ 109.327198639314176, -7.582632842208032 ], [ 109.317834306687502, -7.591601363055491 ], [ 109.320586725222512, -7.603423601960655 ], [ 109.332702208291252, -7.606277000161374 ], [ 109.342065361789579, -7.597309614877767 ] ] ] } },
{ "type": "Feature", "properties": { "hex_id": "878d8d729ffffff", "building_count": 1467, "hex_area_km2": 4.9783181031381174, "density": 295, "kategori_density": "Sedang" }, "geometry": { "type": "Polygon", "coordinates": [ [ [ 109.320586725222512, -7.603423601960655 ], [ 109.317834306687502, -7.591601363055491 ], [ 109.30571659786898, -7.588746162997148 ], [ 109.296351397951867, -7.59771465641169 ], [ 109.299105084252389, -7.609537213848621 ], [ 109.311222702823358, -7.612390959563206 ], [ 109.320586725222512, -7.603423601960655 ] ] ] } },
{ "type": "Feature", "properties": { "hex_id": "878d8d72affffff", "building_count": 1374, "hex_area_km2": 4.9788069936946178, "density": 276, "kategori_density": "Sedang" }, "geometry": { "type": "Polygon", "coordinates": [ [ [ 109.348677674321166, -7.576519150025764 ], [ 109.345926744912148, -7.564694615304719 ], [ 109.333811084024575, -7.561838305106012 ], [ 109.324446441400198, -7.570807986205403 ], [ 109.327198639314176, -7.582632842208032 ], [ 109.339314211466032, -7.585487696053494 ], [ 109.348677674321166, -7.576519150025764 ] ] ] } },
{ "type": "Feature", "properties": { "hex_id": "878d8d72bffffff", "building_count": 1681, "hex_area_km2": 4.979640229335736, "density": 338, "kategori_density": "Tinggi" }, "geometry": { "type": "Polygon", "coordinates": [ [ [ 109.327198639314176, -7.582632842208032 ], [ 109.324446441400198, -7.570807986205403 ], [ 109.312328642681464, -7.567951331094797 ], [ 109.302963131895694, -7.576920987262953 ], [ 109.30571659786898, -7.588746162997148 ], [ 109.317834306687502, -7.591601363055491 ], [ 109.327198639314176, -7.582632842208032 ] ] ] } },
{ "type": "Feature", "properties": { "hex_id": "878d8d72cffffff", "building_count": 1749, "hex_area_km2": 4.9753317968720632, "density": 352, "kategori_density": "Tinggi" }, "geometry": { "type": "Polygon", "coordinates": [ [ [ 109.356928809187707, -7.611981646483434 ], [ 109.354178706430218, -7.600162666268465 ], [ 109.342065361789579, -7.597309614877767 ], [ 109.332702208291252, -7.606277000161374 ], [ 109.335453579411706, -7.618096300805328 ], [ 109.347566835785813, -7.620947895960607 ], [ 109.356928809187707, -7.611981646483434 ] ] ] } },
{ "type": "Feature", "properties": { "hex_id": "878d8d72dffffff", "building_count": 1608, "hex_area_km2": 4.9761640633514608, "density": 323, "kategori_density": "Tinggi" }, "geometry": { "type": "Polygon", "coordinates": [ [ [ 109.335453579411706, -7.618096300805328 ], [ 109.332702208291252, -7.606277000161374 ], [ 109.320586725222512, -7.603423601960655 ], [ 109.311222702823358, -7.612390959563206 ], [ 109.313975341861806, -7.624210579088246 ], [ 109.32609073550006, -7.627062522353643 ], [ 109.335453579411706, -7.618096300805328 ] ] ] } },
{ "type": "Feature", "properties": { "hex_id": "878d8d72effffff", "building_count": 1234, "hex_area_km2": 4.9766526013927672, "density": 248, "kategori_density": "Sedang" }, "geometry": { "type": "Polygon", "coordinates": [ [ [ 109.36354098854828, -7.591195255555903 ], [ 109.360791106880953, -7.579373658361309 ], [ 109.348677674321166, -7.576519150025764 ], [ 109.339314211466032, -7.585487696053494 ], [ 109.342065361789579, -7.597309614877767 ], [ 109.354178706430218, -7.600162666268465 ], [ 109.36354098854828, -7.591195255555903 ] ] ] } },
{ "type": "Feature", "properties": { "hex_id": "878d8d730ffffff", "building_count": 133, "hex_area_km2": 4.9754536052405554, "density": 27, "kategori_density": "Rendah" }, "geometry": { "type": "Polygon", "coordinates": [ [ [ 109.434563641945445, -7.552060726459022 ], [ 109.431817790987239, -7.540237492358226 ], [ 109.419710710643457, -7.53738255478719 ], [ 109.410349565456855, -7.54635231308919 ], [ 109.413096686689812, -7.558175874668467 ], [ 109.425203682951789, -7.561029350690774 ], [ 109.434563641945445, -7.552060726459022 ] ] ] } },
{ "type": "Feature", "properties": { "hex_id": "878d8d731ffffff", "building_count": 209, "hex_area_km2": 4.976295015590444, "density": 42, "kategori_density": "Rendah" }, "geometry": { "type": "Polygon", "coordinates": [ [ [ 109.413096686689812, -7.558175874668467 ], [ 109.410349565456855, -7.54635231308919 ], [ 109.398240335600448, -7.543497033413934 ], [ 109.388878312339173, -7.552466775792689 ], [ 109.391626703406388, -7.564290663301737 ], [ 109.40373584801813, -7.567144482725839 ], [ 109.413096686689812, -7.558175874668467 ] ] ] } },
{ "type": "Feature", "properties": { "hex_id": "878d8d732ffffff", "building_count": 33, "hex_area_km2": 4.976766491210542, "density": 7, "kategori_density": "Rendah" }, "geometry": { "type": "Polygon", "coordinates": [ [ [ 109.441178055625358, -7.531267720383805 ], [ 109.438432426869753, -7.519441877488985 ], [ 109.426325262792048, -7.516585477661425 ], [ 109.41696381132094, -7.525556383208622 ], [ 109.419710710643457, -7.53738255478719 ], [ 109.431817790987239, -7.540237492358226 ], [ 109.441178055625358, -7.531267720383805 ] ] ] } },
{ "type": "Feature", "properties": { "hex_id": "878d8d733ffffff", "building_count": 5, "hex_area_km2": 4.9776094108977569, "density": 1, "kategori_density": "Rendah" }, "geometry": { "type": "Polygon", "coordinates": [ [ [ 109.419710710643457, -7.53738255478719 ], [ 109.41696381132094, -7.525556383208622 ], [ 109.40485449656768, -7.522699642574467 ], [ 109.395492166151215, -7.531670534701262 ], [ 109.398240335600448, -7.543497033413934 ], [ 109.410349565456855, -7.54635231308919 ], [ 109.419710710643457, -7.53738255478719 ] ] ] } },
{ "type": "Feature", "properties": { "hex_id": "878d8d735ffffff", "building_count": 433, "hex_area_km2": 4.9741390205698917, "density": 87, "kategori_density": "Rendah" }, "geometry": { "type": "Polygon", "coordinates": [ [ [ 109.427949755995229, -7.572849973706743 ], [ 109.425203682951789, -7.561029350690774 ], [ 109.413096686689812, -7.558175874668467 ], [ 109.40373584801813, -7.567144482725839 ], [ 109.406483191044117, -7.578965432015947 ], [ 109.418590102876493, -7.581817447198162 ], [ 109.427949755995229, -7.572849973706743 ] ] ] } },
{ "type": "Feature", "properties": { "hex_id": "878d8d742ffffff", "building_count": 1733, "hex_area_km2": 4.9864298910380249, "density": 348, "kategori_density": "Tinggi" }, "geometry": { "type": "Polygon", "coordinates": [ [ [ 109.232979859077432, -7.571599936402465 ], [ 109.230221764000959, -7.559768257923097 ], [ 109.218093129693116, -7.556906968525722 ], [ 109.208722685616721, -7.565878807780297 ], [ 109.211482047095288, -7.577710800629336 ], [ 109.223610586368338, -7.580570640078175 ], [ 109.232979859077432, -7.571599936402465 ] ] ] } },
{ "type": "Feature", "properties": { "hex_id": "878d8d746ffffff", "building_count": 342, "hex_area_km2": 4.9842791334612428, "density": 69, "kategori_density": "Rendah" }, "geometry": { "type": "Polygon", "coordinates": [ [ [ 109.247863321926488, -7.586288173965883 ], [ 109.24510627402411, -7.574459428731974 ], [ 109.232979859077432, -7.571599936402465 ], [ 109.223610586368338, -7.580570640078175 ], [ 109.226368900829371, -7.592399700037304 ], [ 109.238495221560797, -7.595257741819557 ], [ 109.247863321926488, -7.586288173965883 ] ] ] } },
{ "type": "Feature", "properties": { "hex_id": "878d8d74affffff", "building_count": 1362, "hex_area_km2": 4.990224611990647, "density": 273, "kategori_density": "Sedang" }, "geometry": { "type": "Polygon", "coordinates": [ [ [ 109.175087753238458, -7.569126994541294 ], [ 109.172326078931192, -7.557291757792214 ], [ 109.160190987622215, -7.554427980011688 ], [ 109.150817668932049, -7.563400885937503 ], [ 109.153580608575226, -7.575236433589105 ], [ 109.165715601693719, -7.578098764636519 ], [ 109.175087753238458, -7.569126994541294 ] ] ] } },
{ "type": "Feature", "properties": { "hex_id": "878d8d74bffffff", "building_count": 731, "hex_area_km2": 4.9910438693238284, "density": 146, "kategori_density": "Sedang" }, "geometry": { "type": "Polygon", "coordinates": [ [ [ 109.153580608575226, -7.575236433589105 ], [ 109.150817668932049, -7.563400885937503 ], [ 109.138680462750884, -7.560536760845912 ], [ 109.129306295693212, -7.56950962905455 ], [ 109.132070500215931, -7.58134548605303 ], [ 109.144207607038183, -7.584208165720224 ], [ 109.153580608575226, -7.575236433589105 ] ] ] } },
{ "type": "Feature", "properties": { "hex_id": "878d8d750ffffff", "building_count": 1115, "hex_area_km2": 4.9869269668238756, "density": 224, "kategori_density": "Sedang" }, "geometry": { "type": "Polygon", "coordinates": [ [ [ 109.261086586061239, -7.544685431664147 ], [ 109.258329977635654, -7.532851454075445 ], [ 109.246203375300112, -7.529989058532521 ], [ 109.236833475030778, -7.538962092761731 ], [ 109.239591350604869, -7.550796387472435 ], [ 109.251717859419614, -7.553657331055784 ], [ 109.261086586061239, -7.544685431664147 ] ] ] } },
{ "type": "Feature", "properties": { "hex_id": "878d8d751ffffff", "building_count": 2457, "hex_area_km2": 4.9877544668923344, "density": 493, "kategori_density": "Tinggi" }, "geometry": { "type": "Polygon", "coordinates": [ [ [ 109.239591350604869, -7.550796387472435 ], [ 109.236833475030778, -7.538962092761731 ], [ 109.224704746035314, -7.536099352710145 ], [ 109.215333987421687, -7.545072358247416 ], [ 109.218093129693116, -7.556906968525722 ], [ 109.230221764000959, -7.559768257923097 ], [ 109.239591350604869, -7.550796387472435 ] ] ] } },
{ "type": "Feature", "properties": { "hex_id": "878d8d752ffffff", "building_count": 1211, "hex_area_km2": 4.9882483328644298, "density": 243, "kategori_density": "Sedang" }, "geometry": { "type": "Polygon", "coordinates": [ [ [ 109.26769901707101, -7.523878393409492 ], [ 109.264942628560519, -7.51204180308174 ], [ 109.252815933051551, -7.509177954874378 ], [ 109.243445719346226, -7.518152149882991 ], [ 109.246203375300112, -7.529989058532521 ], [ 109.258329977635654, -7.532851454075445 ], [ 109.26769901707101, -7.523878393409492 ] ] ] } },
{ "type": "Feature", "properties": { "hex_id": "878d8d753ffffff", "building_count": 597, "hex_area_km2": 4.9890773420387724, "density": 120, "kategori_density": "Sedang" }, "geometry": { "type": "Polygon", "coordinates": [ [ [ 109.246203375300112, -7.529989058532521 ], [ 109.243445719346226, -7.518152149882991 ], [ 109.231316896010426, -7.515287958472368 ], [ 109.221945823088902, -7.52426212729415 ], [ 109.224704746035314, -7.536099352710145 ], [ 109.236833475030778, -7.538962092761731 ], [ 109.246203375300112, -7.529989058532521 ] ] ] } },
{ "type": "Feature", "properties": { "hex_id": "878d8d754ffffff", "building_count": 833, "hex_area_km2": 4.9847758519496921, "density": 167, "kategori_density": "Sedang" }, "geometry": { "type": "Polygon", "coordinates": [ [ [ 109.275966527362257, -7.559377075214494 ], [ 109.27321096644323, -7.547546030134597 ], [ 109.261086586061239, -7.544685431664147 ], [ 109.251717859419614, -7.553657331055784 ], [ 109.254474687642485, -7.565488693611989 ], [ 109.266598975322722, -7.568347839524133 ], [ 109.275966527362257, -7.559377075214494 ] ] ] } },
{ "type": "Feature", "properties": { "hex_id": "878d8d755ffffff", "building_count": 1740, "hex_area_km2": 4.9856038994671685, "density": 349, "kategori_density": "Tinggi" }, "geometry": { "type": "Polygon", "coordinates": [ [ [ 109.254474687642485, -7.565488693611989 ], [ 109.251717859419614, -7.553657331055784 ], [ 109.239591350604869, -7.550796387472435 ], [ 109.230221764000959, -7.559768257923097 ], [ 109.232979859077432, -7.571599936402465 ], [ 109.24510627402411, -7.574459428731974 ], [ 109.254474687642485, -7.565488693611989 ] ] ] } },
{ "type": "Feature", "properties": { "hex_id": "878d8d756ffffff", "building_count": 1884, "hex_area_km2": 4.9860974105787577, "density": 378, "kategori_density": "Tinggi" }, "geometry": { "type": "Polygon", "coordinates": [ [ [ 109.282578830634534, -7.538574104056645 ], [ 109.279823489807384, -7.52674044514403 ], [ 109.26769901707101, -7.523878393409492 ], [ 109.258329977635654, -7.532851454075445 ], [ 109.261086586061239, -7.544685431664147 ], [ 109.27321096644323, -7.547546030134597 ], [ 109.282578830634534, -7.538574104056645 ] ] ] } },
{ "type": "Feature", "properties": { "hex_id": "878d8d758ffffff", "building_count": 3743, "hex_area_km2": 4.9907291839211814, "density": 750, "kategori_density": "Tinggi" }, "geometry": { "type": "Polygon", "coordinates": [ [ [ 109.203203134708644, -7.542209272986757 ], [ 109.200442945221909, -7.530371732359944 ], [ 109.188309875061279, -7.527506852443971 ], [ 109.178937091183428, -7.536480962124512 ], [ 109.181698546757019, -7.548318816406192 ], [ 109.19383152024227, -7.55118224757645 ], [ 109.203203134708644, -7.542209272986757 ] ] ] } },
{ "type": "Feature", "properties": { "hex_id": "878d8d759ffffff", "building_count": 3913, "hex_area_km2": 4.9915520130154372, "density": 784, "kategori_density": "Tinggi" }, "geometry": { "type": "Polygon", "coordinates": [ [ [ 109.181698546757019, -7.548318816406192 ], [ 109.178937091183428, -7.536480962124512 ], [ 109.166801902030983, -7.533615736906197 ], [ 109.157428266416574, -7.542589813631398 ], [ 109.160190987622215, -7.554427980011688 ], [ 109.172326078931192, -7.557291757792214 ], [ 109.181698546757019, -7.548318816406192 ] ] ] } },
{ "type": "Feature", "properties": { "hex_id": "878d8d75affffff", "building_count": 1360, "hex_area_km2": 4.9920533743919986, "density": 272, "kategori_density": "Sedang" }, "geometry": { "type": "Polygon", "coordinates": [ [ [ 109.209814874868201, -7.521397591980696 ], [ 109.207054904528889, -7.509557437312569 ], [ 109.194921738040065, -7.506691107947024 ], [ 109.185548638339341, -7.515666382923063 ], [ 109.188309875061279, -7.527506852443971 ], [ 109.200442945221909, -7.530371732359944 ], [ 109.209814874868201, -7.521397591980696 ] ] ] } },
{ "type": "Feature", "properties": { "hex_id": "878d8d75bffffff", "building_count": 2452, "hex_area_km2": 4.9928777124784691, "density": 491, "kategori_density": "Tinggi" }, "geometry": { "type": "Polygon", "coordinates": [ [ [ 109.188309875061279, -7.527506852443971 ], [ 109.185548638339341, -7.515666382923063 ], [ 109.173413351690485, -7.512799709563141 ], [ 109.164039399380883, -7.521774954089694 ], [ 109.166801902030983, -7.533615736906197 ], [ 109.178937091183428, -7.536480962124512 ], [ 109.188309875061279, -7.527506852443971 ] ] ] } },
{ "type": "Feature", "properties": { "hex_id": "878d8d75cffffff", "building_count": 1292, "hex_area_km2": 4.9885799089803378, "density": 259, "kategori_density": "Sedang" }, "geometry": { "type": "Polygon", "coordinates": [ [ [ 109.218093129693116, -7.556906968525722 ], [ 109.215333987421687, -7.545072358247416 ], [ 109.203203134708644, -7.542209272986757 ], [ 109.19383152024227, -7.55118224757645 ], [ 109.196591928758494, -7.563017171867664 ], [ 109.208722685616721, -7.565878807780297 ], [ 109.218093129693116, -7.556906968525722 ] ] ] } },
{ "type": "Feature", "properties": { "hex_id": "878d8d75dffffff", "building_count": 706, "hex_area_km2": 4.9894032912816622, "density": 141, "kategori_density": "Sedang" }, "geometry": { "type": "Polygon", "coordinates": [ [ [ 109.196591928758494, -7.563017171867664 ], [ 109.19383152024227, -7.55118224757645 ], [ 109.181698546757019, -7.548318816406192 ], [ 109.172326078931192, -7.557291757792214 ], [ 109.175087753238458, -7.569126994541294 ], [ 109.187220629701258, -7.571988977670568 ], [ 109.196591928758494, -7.563017171867664 ] ] ] } },
{ "type": "Feature", "properties": { "hex_id": "878d8d75effffff", "building_count": 2105, "hex_area_km2": 4.9899042929929474, "density": 422, "kategori_density": "Tinggi" }, "geometry": { "type": "Polygon", "coordinates": [ [ [ 109.224704746035314, -7.536099352710145 ], [ 109.221945823088902, -7.52426212729415 ], [ 109.209814874868201, -7.521397591980696 ], [ 109.200442945221909, -7.530371732359944 ], [ 109.203203134708644, -7.542209272986757 ], [ 109.215333987421687, -7.545072358247416 ], [ 109.224704746035314, -7.536099352710145 ] ] ] } },
{ "type": "Feature", "properties": { "hex_id": "878d8d770ffffff", "building_count": 2481, "hex_area_km2": 4.9813005541118462, "density": 498, "kategori_density": "Tinggi" }, "geometry": { "type": "Polygon", "coordinates": [ [ [ 109.284231555395195, -7.594859109437318 ], [ 109.281476821809591, -7.583033615521938 ], [ 109.269354756215932, -7.580176268480587 ], [ 109.259987516557729, -7.589145868026343 ], [ 109.262743517307371, -7.600971678572237 ], [ 109.274865490670578, -7.603827573165875 ], [ 109.284231555395195, -7.594859109437318 ] ] ] } },
{ "type": "Feature", "properties": { "hex_id": "878d8d771ffffff", "building_count": 206, "hex_area_km2": 4.9821276396271603, "density": 41, "kategori_density": "Rendah" }, "geometry": { "type": "Polygon", "coordinates": [ [ [ 109.262743517307371, -7.600971678572237 ], [ 109.259987516557729, -7.589145868026343 ], [ 109.247863321926488, -7.586288173965883 ], [ 109.238495221560797, -7.595257741819557 ], [ 109.24125248902493, -7.607083867444962 ], [ 109.25337659025999, -7.60994011036126 ], [ 109.262743517307371, -7.600971678572237 ] ] ] } },
{ "type": "Feature", "properties": { "hex_id": "878d8d772ffffff", "building_count": 1286, "hex_area_km2": 4.9826240008043694, "density": 258, "kategori_density": "Sedang" }, "geometry": { "type": "Polygon", "coordinates": [ [ [ 109.29084319827389, -7.574063986538176 ], [ 109.28808868483911, -7.562235875411099 ], [ 109.275966527362257, -7.559377075214494 ], [ 109.266598975322722, -7.568347839524133 ], [ 109.269354756215932, -7.580176268480587 ], [ 109.281476821809591, -7.583033615521938 ], [ 109.29084319827389, -7.574063986538176 ] ] ] } },
{ "type": "Feature", "properties": { "hex_id": "878d8d773ffffff", "building_count": 3311, "hex_area_km2": 4.9834525940805747, "density": 664, "kategori_density": "Tinggi" }, "geometry": { "type": "Polygon", "coordinates": [ [ [ 109.269354756215932, -7.580176268480587 ], [ 109.266598975322722, -7.568347839524133 ], [ 109.254474687642485, -7.565488693611989 ], [ 109.24510627402411, -7.574459428731974 ], [ 109.247863321926488, -7.586288173965883 ], [ 109.259987516557729, -7.589145868026343 ], [ 109.269354756215932, -7.580176268480587 ] ] ] } },
{ "type": "Feature", "properties": { "hex_id": "878d8d774ffffff", "building_count": 883, "hex_area_km2": 4.9791477829245236, "density": 177, "kategori_density": "Sedang" }, "geometry": { "type": "Polygon", "coordinates": [ [ [ 109.299105084252389, -7.609537213848621 ], [ 109.296351397951867, -7.59771465641169 ], [ 109.284231555395195, -7.594859109437318 ], [ 109.274865490670578, -7.603827573165875 ], [ 109.277620444289298, -7.615650447585126 ], [ 109.289740195433595, -7.618504541517546 ], [ 109.299105084252389, -7.609537213848621 ] ] ] } },
{ "type": "Feature", "properties": { "hex_id": "878d8d775ffffff", "building_count": 1123, "hex_area_km2": 4.9799754128980336, "density": 226, "kategori_density": "Sedang" }, "geometry": { "type": "Polygon", "coordinates": [ [ [ 109.277620444289298, -7.615650447585126 ], [ 109.274865490670578, -7.603827573165875 ], [ 109.262743517307371, -7.600971678572237 ], [ 109.25337659025999, -7.60994011036126 ], [ 109.256132810748326, -7.621763300213075 ], [ 109.268254691533926, -7.624617743067415 ], [ 109.277620444289298, -7.615650447585126 ] ] ] } },
{ "type": "Feature", "properties": { "hex_id": "878d8d776ffffff", "building_count": 2337, "hex_area_km2": 4.9804714167458695, "density": 469, "kategori_density": "Tinggi" }, "geometry": { "type": "Polygon", "coordinates": [ [ [ 109.30571659786898, -7.588746162997148 ], [ 109.302963131895694, -7.576920987262953 ], [ 109.29084319827389, -7.574063986538176 ], [ 109.281476821809591, -7.583033615521938 ], [ 109.284231555395195, -7.594859109437318 ], [ 109.296351397951867, -7.59771465641169 ], [ 109.30571659786898, -7.588746162997148 ] ] ] } }
]
}
