{
"type": "FeatureCollection",
"name": "fasilitas_pendidikan_banyumas",
"crs": { "type": "name", "properties": { "name": "urn:ogc:def:crs:OGC:1.3:CRS84" } },
"features": [
{ "type": "Feature", "properties": { "element": "node", "id": 1884675785, "addr:street": "Jalan Kertadirjan", "amenity": "kindergarten", "name": "Play Groups Top Kids, TKIT Salahudin al Ayubi, SDIT Top Kids", "int_name": null, "source": null, "education": null, "check_date": null, "addr:city": null, "addr:district": null, "addr:housename": null, "addr:neighbourhood": null, "addr:postcode": null, "addr:province": null, "addr:subdistrict": null, "government": null, "grades": null, "internet_access": null, "internet_access:fee": null, "operator": null, "operator:type": null, "religion": null, "start_date": null, "website": null, "addr:housenumber": null, "designation": null, "building": null, "name:id": null, "note": null, "phone": null, "wikidata": null, "wikimedia_commons": null, "wikipedia": null, "school:type_idn": null, "layer": null, "type:id": null, "access:roof": null, "addr:full": null, "building:levels": null, "building:roof": null, "building:structure": null, "building:walls": null, "capacity:persons": null, "description": null, "landuse": null, "type": null }, "geometry": { "type": "Point", "coordinates": [ 109.2912628, -7.456043 ] } },
{ "type": "Feature", "properties": { "element": "node", "id": 1999787408, "addr:street": null, "amenity": "school", "name": "SMA Negeri 2 Purwokerto", "int_name": "Purwokerto State High School 2", "source": "www.sma2-purwokerto.sch.id/", "education": null, "check_date": null, "addr:city": null, "addr:district": null, "addr:housename": null, "addr:neighbourhood": null, "addr:postcode": null, "addr:province": null, "addr:subdistrict": null, "government": null, "grades": null, "internet_access": null, "internet_access:fee": null, "operator": null, "operator:type": null, "religion": null, "start_date": null, "website": null, "addr:housenumber": null, "designation": null, "building": null, "name:id": null, "note": null, "phone": null, "wikidata": null, "wikimedia_commons": null, "wikipedia": null, "school:type_idn": null, "layer": null, "type:id": null, "access:roof": null, "addr:full": null, "building:levels": null, "building:roof": null, "building:structure": null, "building:walls": null, "capacity:persons": null, "description": null, "landuse": null, "type": null }, "geometry": { "type": "Point", "coordinates": [ 109.2358554, -7.4199902 ] } },
{ "type": "Feature", "properties": { "element": "node", "id": 1999787409, "addr:street": null, "amenity": "school", "name": "SMA Negeri 3 Purwokerto", "int_name": null, "source": null, "education": "school", "check_date": null, "addr:city": null, "addr:district": null, "addr:housename": null, "addr:neighbourhood": null, "addr:postcode": null, "addr:province": null, "addr:subdistrict": null, "government": null, "grades": null, "internet_access": null, "internet_access:fee": null, "operator": null, "operator:type": null, "religion": null, "start_date": null, "website": null, "addr:housenumber": null, "designation": null, "building": null, "name:id": null, "note": null, "phone": null, "wikidata": null, "wikimedia_commons": null, "wikipedia": null, "school:type_idn": null, "layer": null, "type:id": null, "access:roof": null, "addr:full": null, "building:levels": null, "building:roof": null, "building:structure": null, "building:walls": null, "capacity:persons": null, "description": null, "landuse": null, "type": null }, "geometry": { "type": "Point", "coordinates": [ 109.2114836, -7.4096687 ] } },
{ "type": "Feature", "properties": { "element": "node", "id": 1999787412, "addr:street": null, "amenity": "school", "name": "SMA Bruderan Purwokerto", "int_name": null, "source": null, "education": null, "check_date": null, "addr:city": null, "addr:district": null, "addr:housename": null, "addr:neighbourhood": null, "addr:postcode": null, "addr:province": null, "addr:subdistrict": null, "government": null, "grades": null, "internet_access": null, "internet_access:fee": null, "operator": null, "operator:type": null, "religion": null, "start_date": null, "website": null, "addr:housenumber": null, "designation": null, "building": null, "name:id": null, "note": null, "phone": null, "wikidata": null, "wikimedia_commons": null, "wikipedia": null, "school:type_idn": null, "layer": null, "type:id": null, "access:roof": null, "addr:full": null, "building:levels": null, "building:roof": null, "building:structure": null, "building:walls": null, "capacity:persons": null, "description": null, "landuse": null, "type": null }, "geometry": { "type": "Point", "coordinates": [ 109.232153, -7.4193414 ] } },
{ "type": "Feature", "properties": { "element": "node", "id": 1999787414, "addr:street": null, "amenity": "school", "name": "SMA Negeri 5 Purwokerto", "int_name": null, "source": null, "education": null, "check_date": null, "addr:city": null, "addr:district": null, "addr:housename": null, "addr:neighbourhood": null, "addr:postcode": null, "addr:province": null, "addr:subdistrict": null, "government": null, "grades": null, "internet_access": null, "internet_access:fee": null, "operator": null, "operator:type": null, "religion": null, "start_date": null, "website": null, "addr:housenumber": null, "designation": null, "building": null, "name:id": null, "note": null, "phone": null, "wikidata": null, "wikimedia_commons": null, "wikipedia": null, "school:type_idn": null, "layer": null, "type:id": null, "access:roof": null, "addr:full": null, "building:levels": null, "building:roof": null, "building:structure": null, "building:walls": null, "capacity:persons": null, "description": null, "landuse": null, "type": null }, "geometry": { "type": "Point", "coordinates": [ 109.2344597, -7.4187882 ] } },
{ "type": "Feature", "properties": { "element": "node", "id": 1999787416, "addr:street": null, "amenity": "school", "name": "MAN 2 Purwokerto", "int_name": null, "source": null, "education": null, "check_date": null, "addr:city": null, "addr:district": null, "addr:housename": null, "addr:neighbourhood": null, "addr:postcode": null, "addr:province": null, "addr:subdistrict": null, "government": null, "grades": null, "internet_access": null, "internet_access:fee": null, "operator": null, "operator:type": null, "religion": null, "start_date": null, "website": null, "addr:housenumber": null, "designation": null, "building": null, "name:id": null, "note": null, "phone": null, "wikidata": null, "wikimedia_commons": null, "wikipedia": null, "school:type_idn": null, "layer": null, "type:id": null, "access:roof": null, "addr:full": null, "building:levels": null, "building:roof": null, "building:structure": null, "building:walls": null, "capacity:persons": null, "description": null, "landuse": null, "type": null }, "geometry": { "type": "Point", "coordinates": [ 109.2565938, -7.4302994 ] } },
{ "type": "Feature", "properties": { "element": "node", "id": 1999787417, "addr:street": null, "amenity": "school", "name": "SMK Negeri 2 Purwokerto", "int_name": null, "source": null, "education": null, "check_date": null, "addr:city": null, "addr:district": null, "addr:housename": null, "addr:neighbourhood": null, "addr:postcode": null, "addr:province": null, "addr:subdistrict": null, "government": null, "grades": null, "internet_access": null, "internet_access:fee": null, "operator": null, "operator:type": null, "religion": null, "start_date": null, "website": null, "addr:housenumber": null, "designation": null, "building": null, "name:id": null, "note": null, "phone": null, "wikidata": null, "wikimedia_commons": null, "wikipedia": null, "school:type_idn": null, "layer": null, "type:id": null, "access:roof": null, "addr:full": null, "building:levels": null, "building:roof": null, "building:structure": null, "building:walls": null, "capacity:persons": null, "description": null, "landuse": null, "type": null }, "geometry": { "type": "Point", "coordinates": [ 109.2404571, -7.4219054 ] } },
{ "type": "Feature", "properties": { "element": "node", "id": 1999787420, "addr:street": null, "amenity": "school", "name": "SMK Negeri 1 Purwokerto", "int_name": null, "source": null, "education": null, "check_date": null, "addr:city": null, "addr:district": null, "addr:housename": null, "addr:neighbourhood": null, "addr:postcode": null, "addr:province": null, "addr:subdistrict": null, "government": null, "grades": null, "internet_access": null, "internet_access:fee": null, "operator": null, "operator:type": null, "religion": null, "start_date": null, "website": null, "addr:housenumber": null, "designation": null, "building": null, "name:id": null, "note": null, "phone": null, "wikidata": null, "wikimedia_commons": null, "wikipedia": null, "school:type_idn": null, "layer": null, "type:id": null, "access:roof": null, "addr:full": null, "building:levels": null, "building:roof": null, "building:structure": null, "building:walls": null, "capacity:persons": null, "description": null, "landuse": null, "type": null }, "geometry": { "type": "Point", "coordinates": [ 109.2543831, -7.4214266 ] } },
{ "type": "Feature", "properties": { "element": "node", "id": 1999787426, "addr:street": null, "amenity": "school", "name": "MAN 1 Purwokerto", "int_name": null, "source": null, "education": null, "check_date": null, "addr:city": null, "addr:district": null, "addr:housename": null, "addr:neighbourhood": null, "addr:postcode": null, "addr:province": null, "addr:subdistrict": null, "government": null, "grades": null, "internet_access": null, "internet_access:fee": null, "operator": null, "operator:type": null, "religion": null, "start_date": null, "website": null, "addr:housenumber": null, "designation": null, "building": null, "name:id": null, "note": null, "phone": null, "wikidata": null, "wikimedia_commons": null, "wikipedia": null, "school:type_idn": null, "layer": null, "type:id": null, "access:roof": null, "addr:full": null, "building:levels": null, "building:roof": null, "building:structure": null, "building:walls": null, "capacity:persons": null, "description": null, "landuse": null, "type": null }, "geometry": { "type": "Point", "coordinates": [ 109.2614749, -7.4194584 ] } },
{ "type": "Feature", "properties": { "element": "node", "id": 2046027702, "addr:street": null, "amenity": "school", "name": "SMP N 1 Gumelar", "int_name": null, "source": null, "education": null, "check_date": null, "addr:city": null, "addr:district": null, "addr:housename": null, "addr:neighbourhood": null, "addr:postcode": null, "addr:province": null, "addr:subdistrict": null, "government": null, "grades": null, "internet_access": null, "internet_access:fee": null, "operator": null, "operator:type": null, "religion": null, "start_date": null, "website": null, "addr:housenumber": null, "designation": null, "building": null, "name:id": null, "note": null, "phone": null, "wikidata": null, "wikimedia_commons": null, "wikipedia": null, "school:type_idn": null, "layer": null, "type:id": null, "access:roof": null, "addr:full": null, "building:levels": null, "building:roof": null, "building:structure": null, "building:walls": null, "capacity:persons": null, "description": null, "landuse": null, "type": null }, "geometry": { "type": "Point", "coordinates": [ 108.9845731, -7.3709821 ] } },
{ "type": "Feature", "properties": { "element": "node", "id": 2057035143, "addr:street": "Jalan Stadion Mini", "amenity": "school", "name": "Putra Harapan School", "int_name": null, "source": null, "education": null, "check_date": null, "addr:city": null, "addr:district": null, "addr:housename": null, "addr:neighbourhood": null, "addr:postcode": null, "addr:province": null, "addr:subdistrict": null, "government": null, "grades": null, "internet_access": null, "internet_access:fee": null, "operator": null, "operator:type": null, "religion": null, "start_date": null, "website": null, "addr:housenumber": null, "designation": null, "building": null, "name:id": null, "note": null, "phone": null, "wikidata": null, "wikimedia_commons": null, "wikipedia": null, "school:type_idn": null, "layer": null, "type:id": null, "access:roof": null, "addr:full": null, "building:levels": null, "building:roof": null, "building:structure": null, "building:walls": null, "capacity:persons": null, "description": null, "landuse": null, "type": null }, "geometry": { "type": "Point", "coordinates": [ 109.2431279, -7.4330519 ] } },
{ "type": "Feature", "properties": { "element": "node", "id": 2073124197, "addr:street": null, "amenity": "school", "name": null, "int_name": null, "source": null, "education": null, "check_date": null, "addr:city": null, "addr:district": null, "addr:housename": null, "addr:neighbourhood": null, "addr:postcode": null, "addr:province": null, "addr:subdistrict": null, "government": null, "grades": null, "internet_access": null, "internet_access:fee": null, "operator": null, "operator:type": null, "religion": null, "start_date": null, "website": null, "addr:housenumber": null, "designation": null, "building": null, "name:id": null, "note": null, "phone": null, "wikidata": null, "wikimedia_commons": null, "wikipedia": null, "school:type_idn": null, "layer": null, "type:id": null, "access:roof": null, "addr:full": null, "building:levels": null, "building:roof": null, "building:structure": null, "building:walls": null, "capacity:persons": null, "description": null, "landuse": null, "type": null }, "geometry": { "type": "Point", "coordinates": [ 109.077292, -7.4008322 ] } },
{ "type": "Feature", "properties": { "element": "node", "id": 2073124337, "addr:street": null, "amenity": "kindergarten", "name": "Fatmaba", "int_name": null, "source": null, "education": null, "check_date": null, "addr:city": null, "addr:district": null, "addr:housename": null, "addr:neighbourhood": null, "addr:postcode": null, "addr:province": null, "addr:subdistrict": null, "government": null, "grades": null, "internet_access": null, "internet_access:fee": null, "operator": null, "operator:type": null, "religion": null, "start_date": null, "website": null, "addr:housenumber": null, "designation": null, "building": null, "name:id": null, "note": null, "phone": null, "wikidata": null, "wikimedia_commons": null, "wikipedia": null, "school:type_idn": null, "layer": null, "type:id": null, "access:roof": null, "addr:full": null, "building:levels": null, "building:roof": null, "building:structure": null, "building:walls": null, "capacity:persons": null, "description": null, "landuse": null, "type": null }, "geometry": { "type": "Point", "coordinates": [ 109.0781664, -7.3990607 ] } },
{ "type": "Feature", "properties": { "element": "node", "id": 2334376600, "addr:street": null, "amenity": "school", "name": "SMP N 5 Purwokerto", "int_name": null, "source": null, "education": null, "check_date": null, "addr:city": null, "addr:district": null, "addr:housename": null, "addr:neighbourhood": null, "addr:postcode": null, "addr:province": null, "addr:subdistrict": null, "government": null, "grades": null, "internet_access": null, "internet_access:fee": null, "operator": null, "operator:type": null, "religion": null, "start_date": null, "website": null, "addr:housenumber": null, "designation": null, "building": null, "name:id": null, "note": null, "phone": null, "wikidata": null, "wikimedia_commons": null, "wikipedia": null, "school:type_idn": null, "layer": null, "type:id": null, "access:roof": null, "addr:full": null, "building:levels": null, "building:roof": null, "building:structure": null, "building:walls": null, "capacity:persons": null, "description": null, "landuse": null, "type": null }, "geometry": { "type": "Point", "coordinates": [ 109.2382009, -7.4478364 ] } },
{ "type": "Feature", "properties": { "element": "node", "id": 2387721965, "addr:street": null, "amenity": "school", "name": "SDN Karang Rau", "int_name": null, "source": null, "education": null, "check_date": null, "addr:city": null, "addr:district": null, "addr:housename": null, "addr:neighbourhood": null, "addr:postcode": null, "addr:province": null, "addr:subdistrict": null, "government": null, "grades": null, "internet_access": null, "internet_access:fee": null, "operator": null, "operator:type": null, "religion": null, "start_date": null, "website": null, "addr:housenumber": null, "designation": null, "building": null, "name:id": null, "note": null, "phone": null, "wikidata": null, "wikimedia_commons": null, "wikipedia": null, "school:type_idn": null, "layer": null, "type:id": null, "access:roof": null, "addr:full": null, "building:levels": null, "building:roof": null, "building:structure": null, "building:walls": null, "capacity:persons": null, "description": null, "landuse": null, "type": null }, "geometry": { "type": "Point", "coordinates": [ 109.2617269, -7.4550906 ] } },
{ "type": "Feature", "properties": { "element": "node", "id": 4484352291, "addr:street": null, "amenity": "school", "name": "SDN 1 Bancarkembar", "int_name": null, "source": null, "education": null, "check_date": null, "addr:city": null, "addr:district": null, "addr:housename": null, "addr:neighbourhood": null, "addr:postcode": null, "addr:province": null, "addr:subdistrict": null, "government": null, "grades": null, "internet_access": null, "internet_access:fee": null, "operator": null, "operator:type": null, "religion": null, "start_date": null, "website": null, "addr:housenumber": null, "designation": null, "building": null, "name:id": null, "note": null, "phone": null, "wikidata": null, "wikimedia_commons": null, "wikipedia": null, "school:type_idn": null, "layer": null, "type:id": null, "access:roof": null, "addr:full": null, "building:levels": null, "building:roof": null, "building:structure": null, "building:walls": null, "capacity:persons": null, "description": null, "landuse": null, "type": null }, "geometry": { "type": "Point", "coordinates": [ 109.246052, -7.4108655 ] } },
{ "type": "Feature", "properties": { "element": "node", "id": 6884198569, "addr:street": null, "amenity": "school", "name": "Institut Teknologi Telkom Purwokerto", "int_name": null, "source": null, "education": null, "check_date": "2026-04-13", "addr:city": null, "addr:district": null, "addr:housename": null, "addr:neighbourhood": null, "addr:postcode": null, "addr:province": null, "addr:subdistrict": null, "government": null, "grades": null, "internet_access": null, "internet_access:fee": null, "operator": null, "operator:type": null, "religion": null, "start_date": null, "website": null, "addr:housenumber": null, "designation": null, "building": null, "name:id": null, "note": null, "phone": null, "wikidata": null, "wikimedia_commons": null, "wikipedia": null, "school:type_idn": null, "layer": null, "type:id": null, "access:roof": null, "addr:full": null, "building:levels": null, "building:roof": null, "building:structure": null, "building:walls": null, "capacity:persons": null, "description": null, "landuse": null, "type": null }, "geometry": { "type": "Point", "coordinates": [ 109.2507782, -7.4350118 ] } },
{ "type": "Feature", "properties": { "element": "node", "id": 6884198570, "addr:street": null, "amenity": "school", "name": "SMK Telkom Purwokerto", "int_name": null, "source": null, "education": null, "check_date": "2026-04-13", "addr:city": null, "addr:district": null, "addr:housename": null, "addr:neighbourhood": null, "addr:postcode": null, "addr:province": null, "addr:subdistrict": null, "government": null, "grades": null, "internet_access": null, "internet_access:fee": null, "operator": null, "operator:type": null, "religion": null, "start_date": null, "website": null, "addr:housenumber": null, "designation": null, "building": null, "name:id": null, "note": null, "phone": null, "wikidata": null, "wikimedia_commons": null, "wikipedia": null, "school:type_idn": null, "layer": null, "type:id": null, "access:roof": null, "addr:full": null, "building:levels": null, "building:roof": null, "building:structure": null, "building:walls": null, "capacity:persons": null, "description": null, "landuse": null, "type": null }, "geometry": { "type": "Point", "coordinates": [ 109.2501157, -7.4352299 ] } },
{ "type": "Feature", "properties": { "element": "node", "id": 6884198571, "addr:street": null, "amenity": "school", "name": "SMP Telkom Purwokerto", "int_name": null, "source": null, "education": null, "check_date": "2026-04-13", "addr:city": null, "addr:district": null, "addr:housename": null, "addr:neighbourhood": null, "addr:postcode": null, "addr:province": null, "addr:subdistrict": null, "government": null, "grades": null, "internet_access": null, "internet_access:fee": null, "operator": null, "operator:type": null, "religion": null, "start_date": null, "website": null, "addr:housenumber": null, "designation": null, "building": null, "name:id": null, "note": null, "phone": null, "wikidata": null, "wikimedia_commons": null, "wikipedia": null, "school:type_idn": null, "layer": null, "type:id": null, "access:roof": null, "addr:full": null, "building:levels": null, "building:roof": null, "building:structure": null, "building:walls": null, "capacity:persons": null, "description": null, "landuse": null, "type": null }, "geometry": { "type": "Point", "coordinates": [ 109.2502874, -7.4349826 ] } },
{ "type": "Feature", "properties": { "element": "node", "id": 7707315312, "addr:street": null, "amenity": "school", "name": "SMK Budi Utomo Sokaraja", "int_name": null, "source": null, "education": null, "check_date": null, "addr:city": null, "addr:district": null, "addr:housename": null, "addr:neighbourhood": null, "addr:postcode": null, "addr:province": null, "addr:subdistrict": null, "government": null, "grades": null, "internet_access": null, "internet_access:fee": null, "operator": null, "operator:type": null, "religion": null, "start_date": null, "website": null, "addr:housenumber": null, "designation": null, "building": null, "name:id": null, "note": null, "phone": null, "wikidata": null, "wikimedia_commons": null, "wikipedia": null, "school:type_idn": null, "layer": null, "type:id": null, "access:roof": null, "addr:full": null, "building:levels": null, "building:roof": null, "building:structure": null, "building:walls": null, "capacity:persons": null, "description": null, "landuse": null, "type": null }, "geometry": { "type": "Point", "coordinates": [ 109.2836522, -7.4586603 ] } },
{ "type": "Feature", "properties": { "element": "node", "id": 7708523891, "addr:street": null, "amenity": "school", "name": "SD Negeri 1 Sokaraja Tengah", "int_name": null, "source": null, "education": null, "check_date": null, "addr:city": null, "addr:district": null, "addr:housename": null, "addr:neighbourhood": null, "addr:postcode": null, "addr:province": null, "addr:subdistrict": null, "government": null, "grades": null, "internet_access": null, "internet_access:fee": null, "operator": null, "operator:type": null, "religion": null, "start_date": null, "website": null, "addr:housenumber": null, "designation": null, "building": null, "name:id": null, "note": null, "phone": null, "wikidata": null, "wikimedia_commons": null, "wikipedia": null, "school:type_idn": null, "layer": null, "type:id": null, "access:roof": null, "addr:full": null, "building:levels": null, "building:roof": null, "building:structure": null, "building:walls": null, "capacity:persons": null, "description": null, "landuse": null, "type": null }, "geometry": { "type": "Point", "coordinates": [ 109.2868657, -7.4589643 ] } },
{ "type": "Feature", "properties": { "element": "node", "id": 7708523897, "addr:street": null, "amenity": "school", "name": "SMP Negeri 2 Sokaraja", "int_name": null, "source": null, "education": null, "check_date": null, "addr:city": null, "addr:district": null, "addr:housename": null, "addr:neighbourhood": null, "addr:postcode": null, "addr:province": null, "addr:subdistrict": null, "government": null, "grades": null, "internet_access": null, "internet_access:fee": null, "operator": null, "operator:type": null, "religion": null, "start_date": null, "website": null, "addr:housenumber": null, "designation": null, "building": null, "name:id": null, "note": null, "phone": null, "wikidata": null, "wikimedia_commons": null, "wikipedia": null, "school:type_idn": null, "layer": null, "type:id": null, "access:roof": null, "addr:full": null, "building:levels": null, "building:roof": null, "building:structure": null, "building:walls": null, "capacity:persons": null, "description": null, "landuse": null, "type": null }, "geometry": { "type": "Point", "coordinates": [ 109.2868543, -7.4562863 ] } },
{ "type": "Feature", "properties": { "element": "node", "id": 7708523900, "addr:street": null, "amenity": "school", "name": "SMA Muhammadiyah Sokaraja", "int_name": null, "source": null, "education": null, "check_date": null, "addr:city": null, "addr:district": null, "addr:housename": null, "addr:neighbourhood": null, "addr:postcode": null, "addr:province": null, "addr:subdistrict": null, "government": null, "grades": null, "internet_access": null, "internet_access:fee": null, "operator": null, "operator:type": null, "religion": null, "start_date": null, "website": null, "addr:housenumber": null, "designation": null, "building": null, "name:id": null, "note": null, "phone": null, "wikidata": null, "wikimedia_commons": null, "wikipedia": null, "school:type_idn": null, "layer": null, "type:id": null, "access:roof": null, "addr:full": null, "building:levels": null, "building:roof": null, "building:structure": null, "building:walls": null, "capacity:persons": null, "description": null, "landuse": null, "type": null }, "geometry": { "type": "Point", "coordinates": [ 109.2873251, -7.4568354 ] } },
{ "type": "Feature", "properties": { "element": "node", "id": 7708523914, "addr:street": null, "amenity": "school", "name": "SMP Negeri 1 Sokaraja", "int_name": null, "source": null, "education": null, "check_date": null, "addr:city": null, "addr:district": null, "addr:housename": null, "addr:neighbourhood": null, "addr:postcode": null, "addr:province": null, "addr:subdistrict": null, "government": null, "grades": null, "internet_access": null, "internet_access:fee": null, "operator": null, "operator:type": null, "religion": null, "start_date": null, "website": null, "addr:housenumber": null, "designation": null, "building": null, "name:id": null, "note": null, "phone": null, "wikidata": null, "wikimedia_commons": null, "wikipedia": null, "school:type_idn": null, "layer": null, "type:id": null, "access:roof": null, "addr:full": null, "building:levels": null, "building:roof": null, "building:structure": null, "building:walls": null, "capacity:persons": null, "description": null, "landuse": null, "type": null }, "geometry": { "type": "Point", "coordinates": [ 109.2932, -7.457104 ] } },
{ "type": "Feature", "properties": { "element": "node", "id": 8585328502, "addr:street": null, "amenity": "school", "name": "Sekolah school", "int_name": null, "source": null, "education": null, "check_date": null, "addr:city": null, "addr:district": null, "addr:housename": null, "addr:neighbourhood": null, "addr:postcode": null, "addr:province": null, "addr:subdistrict": null, "government": null, "grades": null, "internet_access": null, "internet_access:fee": null, "operator": null, "operator:type": null, "religion": null, "start_date": null, "website": null, "addr:housenumber": null, "designation": null, "building": null, "name:id": null, "note": null, "phone": null, "wikidata": null, "wikimedia_commons": null, "wikipedia": null, "school:type_idn": null, "layer": null, "type:id": null, "access:roof": null, "addr:full": null, "building:levels": null, "building:roof": null, "building:structure": null, "building:walls": null, "capacity:persons": null, "description": null, "landuse": null, "type": null }, "geometry": { "type": "Point", "coordinates": [ 109.2112072, -7.4164592 ] } },
{ "type": "Feature", "properties": { "element": "node", "id": 9233017615, "addr:street": null, "amenity": "school", "name": "SDN 1 Petir", "int_name": null, "source": null, "education": null, "check_date": "2025-08-06", "addr:city": null, "addr:district": null, "addr:housename": null, "addr:neighbourhood": null, "addr:postcode": null, "addr:province": null, "addr:subdistrict": null, "government": null, "grades": null, "internet_access": null, "internet_access:fee": null, "operator": null, "operator:type": null, "religion": null, "start_date": null, "website": null, "addr:housenumber": null, "designation": null, "building": null, "name:id": null, "note": null, "phone": null, "wikidata": null, "wikimedia_commons": null, "wikipedia": null, "school:type_idn": null, "layer": null, "type:id": null, "access:roof": null, "addr:full": null, "building:levels": null, "building:roof": null, "building:structure": null, "building:walls": null, "capacity:persons": null, "description": null, "landuse": null, "type": null }, "geometry": { "type": "Point", "coordinates": [ 109.3113232, -7.4633185 ] } },
{ "type": "Feature", "properties": { "element": "node", "id": 9233017616, "addr:street": null, "amenity": "school", "name": "TK Pertiwi Petir", "int_name": null, "source": null, "education": null, "check_date": "2025-08-06", "addr:city": null, "addr:district": null, "addr:housename": null, "addr:neighbourhood": null, "addr:postcode": null, "addr:province": null, "addr:subdistrict": null, "government": null, "grades": null, "internet_access": null, "internet_access:fee": null, "operator": null, "operator:type": null, "religion": null, "start_date": null, "website": null, "addr:housenumber": null, "designation": null, "building": null, "name:id": null, "note": null, "phone": null, "wikidata": null, "wikimedia_commons": null, "wikipedia": null, "school:type_idn": null, "layer": null, "type:id": null, "access:roof": null, "addr:full": null, "building:levels": null, "building:roof": null, "building:structure": null, "building:walls": null, "capacity:persons": null, "description": null, "landuse": null, "type": null }, "geometry": { "type": "Point", "coordinates": [ 109.3114073, -7.4628832 ] } },
{ "type": "Feature", "properties": { "element": "node", "id": 9233041317, "addr:street": null, "amenity": "school", "name": "SMP Negeri 3 Kalibagor", "int_name": null, "source": null, "education": null, "check_date": "2025-08-06", "addr:city": null, "addr:district": null, "addr:housename": null, "addr:neighbourhood": null, "addr:postcode": null, "addr:province": null, "addr:subdistrict": null, "government": null, "grades": null, "internet_access": null, "internet_access:fee": null, "operator": null, "operator:type": null, "religion": null, "start_date": null, "website": null, "addr:housenumber": null, "designation": null, "building": null, "name:id": null, "note": null, "phone": null, "wikidata": null, "wikimedia_commons": null, "wikipedia": null, "school:type_idn": null, "layer": null, "type:id": null, "access:roof": null, "addr:full": null, "building:levels": null, "building:roof": null, "building:structure": null, "building:walls": null, "capacity:persons": null, "description": null, "landuse": null, "type": null }, "geometry": { "type": "Point", "coordinates": [ 109.3149752, -7.4616191 ] } },
{ "type": "Feature", "properties": { "element": "node", "id": 9233041379, "addr:street": null, "amenity": "school", "name": "SDN 2 Petir", "int_name": null, "source": null, "education": null, "check_date": null, "addr:city": null, "addr:district": null, "addr:housename": null, "addr:neighbourhood": null, "addr:postcode": null, "addr:province": null, "addr:subdistrict": null, "government": null, "grades": null, "internet_access": null, "internet_access:fee": null, "operator": null, "operator:type": null, "religion": null, "start_date": null, "website": null, "addr:housenumber": null, "designation": null, "building": null, "name:id": null, "note": null, "phone": null, "wikidata": null, "wikimedia_commons": null, "wikipedia": null, "school:type_idn": null, "layer": null, "type:id": null, "access:roof": null, "addr:full": null, "building:levels": null, "building:roof": null, "building:structure": null, "building:walls": null, "capacity:persons": null, "description": null, "landuse": null, "type": null }, "geometry": { "type": "Point", "coordinates": [ 109.3187864, -7.4665544 ] } },
{ "type": "Feature", "properties": { "element": "node", "id": 10175274172, "addr:street": null, "amenity": "school", "name": "SD Negri Kober 1", "int_name": null, "source": null, "education": null, "check_date": null, "addr:city": null, "addr:district": null, "addr:housename": null, "addr:neighbourhood": null, "addr:postcode": null, "addr:province": null, "addr:subdistrict": null, "government": null, "grades": null, "internet_access": null, "internet_access:fee": null, "operator": null, "operator:type": null, "religion": null, "start_date": null, "website": null, "addr:housenumber": null, "designation": null, "building": null, "name:id": null, "note": null, "phone": null, "wikidata": null, "wikimedia_commons": null, "wikipedia": null, "school:type_idn": null, "layer": null, "type:id": null, "access:roof": null, "addr:full": null, "building:levels": null, "building:roof": null, "building:structure": null, "building:walls": null, "capacity:persons": null, "description": null, "landuse": null, "type": null }, "geometry": { "type": "Point", "coordinates": [ 109.2239967, -7.4102757 ] } },
{ "type": "Feature", "properties": { "element": "node", "id": 10961473388, "addr:street": "Jalan Pramuka", "amenity": "school", "name": "Sekolah Dasar Negeri 3 Sudagaran Kecamatan Banyumas", "int_name": null, "source": null, "education": "school", "check_date": null, "addr:city": "Sudagaran Kecamatan Banyumas Kabupaten Banyumas", "addr:district": "Banyumas", "addr:housename": "Sekolah Dasar Negeri 3 Sudagaran Kecamatan Banyumas", "addr:neighbourhood": "2", "addr:postcode": "53192", "addr:province": "Jawa Tengah", "addr:subdistrict": "Sudagaran", "government": "administrative", "grades": "1-6", "internet_access": "wlan", "internet_access:fee": "customers", "operator": "Ahmad Nuari Zulfikri", "operator:type": "public", "religion": "muslim", "start_date": "1962/08/01", "website": "https://sdn3sudagaran.wordpress.com/", "addr:housenumber": null, "designation": null, "building": null, "name:id": null, "note": null, "phone": null, "wikidata": null, "wikimedia_commons": null, "wikipedia": null, "school:type_idn": null, "layer": null, "type:id": null, "access:roof": null, "addr:full": null, "building:levels": null, "building:roof": null, "building:structure": null, "building:walls": null, "capacity:persons": null, "description": null, "landuse": null, "type": null }, "geometry": { "type": "Point", "coordinates": [ 109.2937, -7.5187 ] } },
{ "type": "Feature", "properties": { "element": "node", "id": 10962971592, "addr:street": "Jalan Pramuka", "amenity": "school", "name": "SMKN 2 Banyumas", "int_name": null, "source": null, "education": null, "check_date": null, "addr:city": "Sudagaran Kecamatan Banyumas Kabupaten Banyumas", "addr:district": null, "addr:housename": null, "addr:neighbourhood": null, "addr:postcode": "53192", "addr:province": null, "addr:subdistrict": null, "government": null, "grades": "10-12", "internet_access": null, "internet_access:fee": null, "operator": null, "operator:type": null, "religion": null, "start_date": null, "website": null, "addr:housenumber": "42", "designation": null, "building": null, "name:id": null, "note": null, "phone": null, "wikidata": null, "wikimedia_commons": null, "wikipedia": null, "school:type_idn": null, "layer": null, "type:id": null, "access:roof": null, "addr:full": null, "building:levels": null, "building:roof": null, "building:structure": null, "building:walls": null, "capacity:persons": null, "description": null, "landuse": null, "type": null }, "geometry": { "type": "Point", "coordinates": [ 109.2934812, -7.5197547 ] } },
{ "type": "Feature", "properties": { "element": "node", "id": 10962985762, "addr:street": "Jalan Pramuka", "amenity": "school", "name": "SMKN 1 Banyumas", "int_name": null, "source": null, "education": null, "check_date": null, "addr:city": "Kejawar, Banyumas, Jawa Tengah", "addr:district": null, "addr:housename": null, "addr:neighbourhood": null, "addr:postcode": "53192", "addr:province": null, "addr:subdistrict": null, "government": null, "grades": "10-12", "internet_access": null, "internet_access:fee": null, "operator": null, "operator:type": null, "religion": null, "start_date": null, "website": null, "addr:housenumber": null, "designation": null, "building": null, "name:id": null, "note": null, "phone": null, "wikidata": null, "wikimedia_commons": null, "wikipedia": null, "school:type_idn": null, "layer": null, "type:id": null, "access:roof": null, "addr:full": null, "building:levels": null, "building:roof": null, "building:structure": null, "building:walls": null, "capacity:persons": null, "description": null, "landuse": null, "type": null }, "geometry": { "type": "Point", "coordinates": [ 109.2937516, -7.5290084 ] } },
{ "type": "Feature", "properties": { "element": "node", "id": 10962992064, "addr:street": null, "amenity": "school", "name": "SD N Plana", "int_name": null, "source": null, "education": null, "check_date": null, "addr:city": "Bantardau Plana Kecamatan Somagede Kabupaten Banyumas", "addr:district": null, "addr:housename": null, "addr:neighbourhood": null, "addr:postcode": "53193", "addr:province": null, "addr:subdistrict": null, "government": null, "grades": "1-6", "internet_access": null, "internet_access:fee": null, "operator": null, "operator:type": null, "religion": null, "start_date": null, "website": null, "addr:housenumber": null, "designation": null, "building": null, "name:id": null, "note": null, "phone": null, "wikidata": null, "wikimedia_commons": null, "wikipedia": null, "school:type_idn": null, "layer": null, "type:id": null, "access:roof": null, "addr:full": null, "building:levels": null, "building:roof": null, "building:structure": null, "building:walls": null, "capacity:persons": null, "description": null, "landuse": null, "type": null }, "geometry": { "type": "Point", "coordinates": [ 109.3509777, -7.489612 ] } },
{ "type": "Feature", "properties": { "element": "node", "id": 11151958390, "addr:street": "Karangnanas, Kec. Sokaraja, Kabupaten Banyumas,", "amenity": "school", "name": "SD Negeri 1 Karangnanas", "int_name": null, "source": null, "education": null, "check_date": null, "addr:city": "Banyumas", "addr:district": null, "addr:housename": null, "addr:neighbourhood": null, "addr:postcode": "53181", "addr:province": null, "addr:subdistrict": null, "government": null, "grades": "1-6", "internet_access": null, "internet_access:fee": null, "operator": null, "operator:type": null, "religion": null, "start_date": null, "website": null, "addr:housenumber": "JL. Protokol, RT. 3 RW. 4 No. 14", "designation": null, "building": null, "name:id": null, "note": null, "phone": null, "wikidata": null, "wikimedia_commons": null, "wikipedia": null, "school:type_idn": null, "layer": null, "type:id": null, "access:roof": null, "addr:full": null, "building:levels": null, "building:roof": null, "building:structure": null, "building:walls": null, "capacity:persons": null, "description": null, "landuse": null, "type": null }, "geometry": { "type": "Point", "coordinates": [ 109.2612631, -7.4593991 ] } },
{ "type": "Feature", "properties": { "element": "node", "id": 13049306588, "addr:street": null, "amenity": "university", "name": "Fakultas Matematika dan Ilmu Pengetahuan Alam", "int_name": null, "source": null, "education": null, "check_date": null, "addr:city": null, "addr:district": null, "addr:housename": null, "addr:neighbourhood": null, "addr:postcode": null, "addr:province": null, "addr:subdistrict": null, "government": null, "grades": null, "internet_access": null, "internet_access:fee": null, "operator": null, "operator:type": null, "religion": null, "start_date": null, "website": null, "addr:housenumber": null, "designation": null, "building": null, "name:id": null, "note": null, "phone": null, "wikidata": null, "wikimedia_commons": null, "wikipedia": null, "school:type_idn": null, "layer": null, "type:id": null, "access:roof": null, "addr:full": null, "building:levels": null, "building:roof": null, "building:structure": null, "building:walls": null, "capacity:persons": null, "description": null, "landuse": null, "type": null }, "geometry": { "type": "Point", "coordinates": [ 109.2536711, -7.4074628 ] } },
{ "type": "Feature", "properties": { "element": "relation", "id": 2836248, "addr:street": null, "amenity": "school", "name": "MAN 2 Banyumas", "int_name": null, "source": null, "education": null, "check_date": null, "addr:city": null, "addr:district": null, "addr:housename": null, "addr:neighbourhood": null, "addr:postcode": null, "addr:province": null, "addr:subdistrict": null, "government": null, "grades": null, "internet_access": null, "internet_access:fee": null, "operator": null, "operator:type": null, "religion": null, "start_date": null, "website": null, "addr:housenumber": null, "designation": null, "building": "yes", "name:id": null, "note": null, "phone": null, "wikidata": null, "wikimedia_commons": null, "wikipedia": null, "school:type_idn": null, "layer": null, "type:id": null, "access:roof": null, "addr:full": null, "building:levels": null, "building:roof": null, "building:structure": null, "building:walls": null, "capacity:persons": null, "description": null, "landuse": null, "type": "multipolygon" }, "geometry": { "type": "Polygon", "coordinates": [ [ [ 109.2568889, -7.4309705 ], [ 109.2568546, -7.4310012 ], [ 109.2567942, -7.430935 ], [ 109.2568303, -7.4309027 ], [ 109.2566999, -7.4307596 ], [ 109.2571528, -7.4303537 ], [ 109.2573191, -7.4305362 ], [ 109.2574813, -7.4307141 ], [ 109.2570266, -7.4311216 ], [ 109.2568889, -7.4309705 ] ], [ [ 109.2569082, -7.4307999 ], [ 109.2570363, -7.4309406 ], [ 109.2572627, -7.4307379 ], [ 109.2570996, -7.4305588 ], [ 109.2568733, -7.4307615 ], [ 109.2569082, -7.4307999 ] ] ] } },
{ "type": "Feature", "properties": { "element": "relation", "id": 2836728, "addr:street": null, "amenity": "school", "name": "Masuk SMP Muhammadiyah 1 Purwokerto", "int_name": null, "source": null, "education": null, "check_date": null, "addr:city": null, "addr:district": null, "addr:housename": null, "addr:neighbourhood": null, "addr:postcode": null, "addr:province": null, "addr:subdistrict": null, "government": null, "grades": null, "internet_access": null, "internet_access:fee": null, "operator": null, "operator:type": null, "religion": null, "start_date": null, "website": null, "addr:housenumber": null, "designation": null, "building": "yes", "name:id": null, "note": null, "phone": null, "wikidata": null, "wikimedia_commons": null, "wikipedia": null, "school:type_idn": null, "layer": null, "type:id": null, "access:roof": null, "addr:full": null, "building:levels": null, "building:roof": null, "building:structure": null, "building:walls": null, "capacity:persons": null, "description": null, "landuse": null, "type": "multipolygon" }, "geometry": { "type": "Polygon", "coordinates": [ [ [ 109.2405776, -7.4307147 ], [ 109.2402138, -7.4307074 ], [ 109.2402133, -7.4307346 ], [ 109.2401255, -7.4307328 ], [ 109.2401282, -7.4306021 ], [ 109.2401884, -7.4306032 ], [ 109.2402238, -7.4306041 ], [ 109.2402283, -7.4304479 ], [ 109.2402919, -7.4304426 ], [ 109.2405834, -7.4304312 ], [ 109.2405776, -7.4307147 ] ], [ [ 109.2403469, -7.4305966 ], [ 109.2404193, -7.4305982 ], [ 109.2404217, -7.4304878 ], [ 109.2403493, -7.4304862 ], [ 109.2403469, -7.4305966 ] ] ] } },
{ "type": "Feature", "properties": { "element": "relation", "id": 3483109, "addr:street": null, "amenity": "school", "name": "SDN 05 Purwanegara", "int_name": null, "source": null, "education": null, "check_date": null, "addr:city": null, "addr:district": null, "addr:housename": null, "addr:neighbourhood": null, "addr:postcode": null, "addr:province": null, "addr:subdistrict": null, "government": null, "grades": null, "internet_access": null, "internet_access:fee": null, "operator": null, "operator:type": null, "religion": null, "start_date": null, "website": null, "addr:housenumber": null, "designation": null, "building": "yes", "name:id": null, "note": null, "phone": null, "wikidata": null, "wikimedia_commons": null, "wikipedia": null, "school:type_idn": null, "layer": null, "type:id": null, "access:roof": null, "addr:full": null, "building:levels": null, "building:roof": null, "building:structure": null, "building:walls": null, "capacity:persons": null, "description": null, "landuse": null, "type": "multipolygon" }, "geometry": { "type": "MultiPolygon", "coordinates": [ [ [ [ 109.2325573, -7.4071871 ], [ 109.2325454, -7.4072662 ], [ 109.232776, -7.4072947 ], [ 109.2327594, -7.4074084 ], [ 109.2324587, -7.407366 ], [ 109.2324895, -7.4071785 ], [ 109.2325573, -7.4071871 ] ] ], [ [ [ 109.2327174, -7.4071666 ], [ 109.2327078, -7.4072485 ], [ 109.2326812, -7.407245 ], [ 109.2326774, -7.4072626 ], [ 109.2326368, -7.4072563 ], [ 109.2326402, -7.4072381 ], [ 109.2326107, -7.4072331 ], [ 109.2326229, -7.4071565 ], [ 109.2327174, -7.4071666 ] ] ] ] } },
{ "type": "Feature", "properties": { "element": "relation", "id": 11931730, "addr:street": null, "amenity": "school", "name": "SD Negeri 2 Pasirmuncang", "int_name": null, "source": null, "education": null, "check_date": null, "addr:city": null, "addr:district": null, "addr:housename": null, "addr:neighbourhood": null, "addr:postcode": null, "addr:province": null, "addr:subdistrict": null, "government": null, "grades": null, "internet_access": null, "internet_access:fee": null, "operator": null, "operator:type": null, "religion": null, "start_date": null, "website": null, "addr:housenumber": null, "designation": null, "building": null, "name:id": null, "note": null, "phone": null, "wikidata": null, "wikimedia_commons": null, "wikipedia": null, "school:type_idn": null, "layer": null, "type:id": null, "access:roof": null, "addr:full": null, "building:levels": null, "building:roof": null, "building:structure": null, "building:walls": null, "capacity:persons": null, "description": null, "landuse": null, "type": "multipolygon" }, "geometry": { "type": "Polygon", "coordinates": [ [ [ 109.2156879, -7.4304687 ], [ 109.2156886, -7.4304437 ], [ 109.2156886, -7.4304251 ], [ 109.2157112, -7.4299235 ], [ 109.2160498, -7.429929 ], [ 109.216048, -7.430519 ], [ 109.216047, -7.430573 ], [ 109.2159496, -7.430592 ], [ 109.2158639, -7.4306088 ], [ 109.2156835, -7.4305978 ], [ 109.2156855, -7.430556 ], [ 109.2156874, -7.4304826 ], [ 109.2156879, -7.4304687 ] ] ] } },
{ "type": "Feature", "properties": { "element": "way", "id": 178444424, "addr:street": null, "amenity": "school", "name": "SMAN 1 Sokaraja", "int_name": null, "source": null, "education": null, "check_date": null, "addr:city": null, "addr:district": null, "addr:housename": null, "addr:neighbourhood": null, "addr:postcode": null, "addr:province": null, "addr:subdistrict": null, "government": null, "grades": null, "internet_access": null, "internet_access:fee": null, "operator": null, "operator:type": null, "religion": null, "start_date": null, "website": null, "addr:housenumber": null, "designation": null, "building": null, "name:id": null, "note": null, "phone": null, "wikidata": null, "wikimedia_commons": null, "wikipedia": null, "school:type_idn": null, "layer": null, "type:id": null, "access:roof": null, "addr:full": null, "building:levels": null, "building:roof": null, "building:structure": null, "building:walls": null, "capacity:persons": null, "description": null, "landuse": null, "type": null }, "geometry": { "type": "Polygon", "coordinates": [ [ [ 109.308211, -7.4523356 ], [ 109.3080281, -7.4515336 ], [ 109.3080244, -7.4515104 ], [ 109.3079405, -7.4511747 ], [ 109.307919, -7.4510736 ], [ 109.3076772, -7.4499857 ], [ 109.307637, -7.4499963 ], [ 109.3070335, -7.450156 ], [ 109.3073125, -7.4517411 ], [ 109.3071301, -7.4518155 ], [ 109.3072226, -7.4533288 ], [ 109.308211, -7.4523356 ] ] ] } },
{ "type": "Feature", "properties": { "element": "way", "id": 190037331, "addr:street": null, "amenity": "university", "name": null, "int_name": null, "source": null, "education": null, "check_date": null, "addr:city": null, "addr:district": null, "addr:housename": null, "addr:neighbourhood": null, "addr:postcode": null, "addr:province": null, "addr:subdistrict": null, "government": null, "grades": null, "internet_access": null, "internet_access:fee": null, "operator": null, "operator:type": null, "religion": null, "start_date": null, "website": null, "addr:housenumber": null, "designation": null, "building": null, "name:id": null, "note": null, "phone": null, "wikidata": null, "wikimedia_commons": null, "wikipedia": null, "school:type_idn": null, "layer": null, "type:id": null, "access:roof": null, "addr:full": null, "building:levels": null, "building:roof": null, "building:structure": null, "building:walls": null, "capacity:persons": null, "description": null, "landuse": null, "type": null }, "geometry": { "type": "Polygon", "coordinates": [ [ [ 109.2451842, -7.4008266 ], [ 109.2465019, -7.4007426 ], [ 109.2465797, -7.4007414 ], [ 109.2465743, -7.400874 ], [ 109.2465984, -7.401143 ], [ 109.2466575, -7.4012707 ], [ 109.2466682, -7.401393 ], [ 109.2452093, -7.4015739 ], [ 109.2451842, -7.4008266 ] ] ] } },
{ "type": "Feature", "properties": { "element": "way", "id": 190159262, "addr:street": "Jalan Profesor Doktor Soeparno", "amenity": "university", "name": "Jenderal Soedirman University", "int_name": null, "source": "http://www.unsoed.ac.id/", "education": null, "check_date": null, "addr:city": null, "addr:district": null, "addr:housename": null, "addr:neighbourhood": null, "addr:postcode": null, "addr:province": null, "addr:subdistrict": null, "government": null, "grades": null, "internet_access": null, "internet_access:fee": null, "operator": null, "operator:type": null, "religion": null, "start_date": null, "website": null, "addr:housenumber": null, "designation": "Universitas Jenderal Soedirman Kampus Karangwangkal", "building": null, "name:id": null, "note": null, "phone": null, "wikidata": null, "wikimedia_commons": null, "wikipedia": null, "school:type_idn": null, "layer": null, "type:id": null, "access:roof": null, "addr:full": null, "building:levels": null, "building:roof": null, "building:structure": null, "building:walls": null, "capacity:persons": null, "description": null, "landuse": null, "type": null }, "geometry": { "type": "Polygon", "coordinates": [ [ [ 109.2521037, -7.4057899 ], [ 109.2520528, -7.4058649 ], [ 109.2515136, -7.4059958 ], [ 109.2515175, -7.4061435 ], [ 109.2515378, -7.4062246 ], [ 109.2516209, -7.4063842 ], [ 109.2516141, -7.406468 ], [ 109.25157, -7.4065252 ], [ 109.2515284, -7.4065518 ], [ 109.2507318, -7.4067439 ], [ 109.2504483, -7.4068124 ], [ 109.2502711, -7.406851 ], [ 109.2503013, -7.4069388 ], [ 109.2503174, -7.4070225 ], [ 109.2503304, -7.4070784 ], [ 109.2503871, -7.4072127 ], [ 109.2503093, -7.4072805 ], [ 109.2502891, -7.4073723 ], [ 109.2503803, -7.4076277 ], [ 109.250365, -7.4077146 ], [ 109.2503105, -7.4077926 ], [ 109.2502879, -7.4079788 ], [ 109.2502704, -7.4085253 ], [ 109.2502543, -7.4086543 ], [ 109.250249, -7.40877 ], [ 109.2502569, -7.4090746 ], [ 109.2502462, -7.409564 ], [ 109.2502476, -7.4096185 ], [ 109.2502001, -7.4096282 ], [ 109.2501772, -7.4096404 ], [ 109.250029, -7.4097755 ], [ 109.2499794, -7.4098991 ], [ 109.2499566, -7.4099829 ], [ 109.249962, -7.4101625 ], [ 109.2499271, -7.4102489 ], [ 109.2499244, -7.410338 ], [ 109.2499942, -7.4106652 ], [ 109.2501817, -7.4106545 ], [ 109.2502589, -7.4106466 ], [ 109.2503831, -7.4106332 ], [ 109.2503683, -7.4107676 ], [ 109.2504729, -7.4108088 ], [ 109.2504837, -7.4109232 ], [ 109.2506862, -7.4112277 ], [ 109.2506888, -7.4113806 ], [ 109.2507023, -7.4114485 ], [ 109.2508055, -7.4115243 ], [ 109.2508994, -7.4116333 ], [ 109.2509532, -7.4116566 ], [ 109.251083, -7.4117344 ], [ 109.2512064, -7.4117131 ], [ 109.2515068, -7.4116653 ], [ 109.2515452, -7.4117522 ], [ 109.2515988, -7.4118533 ], [ 109.2516516, -7.4118834 ], [ 109.2517697, -7.4118887 ], [ 109.2518885, -7.411832 ], [ 109.2519511, -7.4116716 ], [ 109.2519227, -7.4112969 ], [ 109.2518838, -7.4110096 ], [ 109.2518409, -7.4106731 ], [ 109.2519839, -7.4106153 ], [ 109.2522512, -7.4107117 ], [ 109.253021, -7.4108354 ], [ 109.2531498, -7.4108075 ], [ 109.2532501, -7.4107455 ], [ 109.2533608, -7.4109692 ], [ 109.2534542, -7.411158 ], [ 109.2536568, -7.411516 ], [ 109.253749, -7.4116788 ], [ 109.2539583, -7.4118195 ], [ 109.2540289, -7.4118065 ], [ 109.2540571, -7.4118006 ], [ 109.2541669, -7.4117773 ], [ 109.2543798, -7.4117526 ], [ 109.2550741, -7.4116493 ], [ 109.2550295, -7.411161 ], [ 109.2550273, -7.4111014 ], [ 109.255091, -7.4110979 ], [ 109.255278, -7.4110695 ], [ 109.2552941, -7.4113035 ], [ 109.2560566, -7.4110607 ], [ 109.2560773, -7.4111386 ], [ 109.2563222, -7.4110888 ], [ 109.2564957, -7.4110535 ], [ 109.2567111, -7.4108373 ], [ 109.2563389, -7.4102742 ], [ 109.2563108, -7.4101558 ], [ 109.2562598, -7.4098912 ], [ 109.2562316, -7.4097967 ], [ 109.2561901, -7.4096172 ], [ 109.256178, -7.4095015 ], [ 109.256182, -7.4093938 ], [ 109.2561981, -7.4092209 ], [ 109.2563054, -7.408915 ], [ 109.2563228, -7.4088492 ], [ 109.2563269, -7.4087714 ], [ 109.2563007, -7.4086843 ], [ 109.2561606, -7.4082687 ], [ 109.2561498, -7.4082254 ], [ 109.2560291, -7.4078325 ], [ 109.2559869, -7.4077732 ], [ 109.2558266, -7.4076443 ], [ 109.2556436, -7.4075532 ], [ 109.2553123, -7.407351 ], [ 109.2551802, -7.4072965 ], [ 109.2551266, -7.4072792 ], [ 109.2549784, -7.4072426 ], [ 109.2548309, -7.4071928 ], [ 109.2546585, -7.4071589 ], [ 109.2544513, -7.4070857 ], [ 109.2543206, -7.4069467 ], [ 109.2542703, -7.4068656 ], [ 109.25422, -7.4067772 ], [ 109.2541583, -7.4066914 ], [ 109.2540818, -7.4064041 ], [ 109.2539893, -7.4063509 ], [ 109.2537895, -7.4062552 ], [ 109.2536339, -7.4061342 ], [ 109.2535025, -7.4059639 ], [ 109.2534227, -7.405874 ], [ 109.2533355, -7.4057797 ], [ 109.2532215, -7.4056833 ], [ 109.2531357, -7.4056208 ], [ 109.2530472, -7.4055229 ], [ 109.252982, -7.4054253 ], [ 109.2528976, -7.4053828 ], [ 109.2528655, -7.4053495 ], [ 109.2527635, -7.405164 ], [ 109.2527139, -7.4050011 ], [ 109.2527065, -7.4048262 ], [ 109.2524799, -7.4048641 ], [ 109.2524846, -7.4050942 ], [ 109.25249, -7.405283 ], [ 109.2523919, -7.4053189 ], [ 109.25209, -7.4054282 ], [ 109.2522053, -7.4057422 ], [ 109.25214, -7.4057612 ], [ 109.2521037, -7.4057899 ] ] ] } },
{ "type": "Feature", "properties": { "element": "way", "id": 190159272, "addr:street": "Jalan Jenderal Sudirman", "amenity": "university", "name": "General Sudirman University Kalibakal Campus", "int_name": null, "source": "http://www.unsoed.ac.id/", "education": null, "check_date": null, "addr:city": null, "addr:district": null, "addr:housename": null, "addr:neighbourhood": null, "addr:postcode": null, "addr:province": null, "addr:subdistrict": null, "government": null, "grades": null, "internet_access": null, "internet_access:fee": null, "operator": null, "operator:type": null, "religion": null, "start_date": null, "website": null, "addr:housenumber": null, "designation": "Universitas Jenderal Sudirman Kampus Kalibakal", "building": null, "name:id": null, "note": null, "phone": null, "wikidata": null, "wikimedia_commons": null, "wikipedia": null, "school:type_idn": null, "layer": null, "type:id": null, "access:roof": null, "addr:full": null, "building:levels": null, "building:roof": null, "building:structure": null, "building:walls": null, "capacity:persons": null, "description": null, "landuse": null, "type": null }, "geometry": { "type": "Polygon", "coordinates": [ [ [ 109.2544797, -7.4302111 ], [ 109.2544861, -7.4302389 ], [ 109.2544899, -7.4302869 ], [ 109.2545119, -7.4303689 ], [ 109.2545417, -7.4305253 ], [ 109.2545475, -7.4305192 ], [ 109.2548916, -7.430469 ], [ 109.2553412, -7.4303701 ], [ 109.2556182, -7.4303289 ], [ 109.2557286, -7.430262 ], [ 109.2554864, -7.4299727 ], [ 109.2554172, -7.4300293 ], [ 109.255293, -7.4300534 ], [ 109.2544797, -7.4302111 ] ] ] } },
{ "type": "Feature", "properties": { "element": "way", "id": 190733803, "addr:street": null, "amenity": "school", "name": "SMA Islam Terpadu Al-Irsyad Purwokerto", "int_name": null, "source": "survey", "education": null, "check_date": null, "addr:city": null, "addr:district": null, "addr:housename": null, "addr:neighbourhood": null, "addr:postcode": null, "addr:province": null, "addr:subdistrict": null, "government": null, "grades": null, "internet_access": null, "internet_access:fee": null, "operator": null, "operator:type": null, "religion": "muslim", "start_date": null, "website": null, "addr:housenumber": null, "designation": null, "building": null, "name:id": null, "note": null, "phone": null, "wikidata": null, "wikimedia_commons": null, "wikipedia": null, "school:type_idn": null, "layer": null, "type:id": null, "access:roof": null, "addr:full": null, "building:levels": null, "building:roof": null, "building:structure": null, "building:walls": null, "capacity:persons": null, "description": null, "landuse": null, "type": null }, "geometry": { "type": "Polygon", "coordinates": [ [ [ 109.2523761, -7.41894 ], [ 109.2526202, -7.4189799 ], [ 109.2527275, -7.4190092 ], [ 109.2530954, -7.4191538 ], [ 109.2535958, -7.4193434 ], [ 109.2536877, -7.4193816 ], [ 109.2536823, -7.4189454 ], [ 109.2532317, -7.418823 ], [ 109.252427, -7.4185836 ], [ 109.2523761, -7.41894 ] ] ] } },
{ "type": "Feature", "properties": { "element": "way", "id": 194224513, "addr:street": null, "amenity": "school", "name": "SDN II Samudra", "int_name": null, "source": null, "education": null, "check_date": null, "addr:city": null, "addr:district": null, "addr:housename": null, "addr:neighbourhood": null, "addr:postcode": null, "addr:province": null, "addr:subdistrict": null, "government": null, "grades": null, "internet_access": null, "internet_access:fee": null, "operator": null, "operator:type": null, "religion": null, "start_date": null, "website": null, "addr:housenumber": null, "designation": null, "building": null, "name:id": null, "note": null, "phone": null, "wikidata": null, "wikimedia_commons": null, "wikipedia": null, "school:type_idn": null, "layer": null, "type:id": null, "access:roof": null, "addr:full": null, "building:levels": null, "building:roof": null, "building:structure": null, "building:walls": null, "capacity:persons": null, "description": null, "landuse": null, "type": null }, "geometry": { "type": "Polygon", "coordinates": [ [ [ 109.0143388, -7.3517186 ], [ 109.0142102, -7.3515561 ], [ 109.0142986, -7.3514874 ], [ 109.014339, -7.3515385 ], [ 109.0143963, -7.3514939 ], [ 109.0143477, -7.3514325 ], [ 109.014436, -7.3513638 ], [ 109.0144848, -7.3514254 ], [ 109.0145306, -7.3513897 ], [ 109.014475, -7.3513195 ], [ 109.0145621, -7.3512518 ], [ 109.0146777, -7.351398 ], [ 109.0147056, -7.3514332 ], [ 109.0143388, -7.3517186 ] ] ] } },
{ "type": "Feature", "properties": { "element": "way", "id": 194224812, "addr:street": null, "amenity": "school", "name": "SDN VII Samudra", "int_name": null, "source": null, "education": null, "check_date": null, "addr:city": null, "addr:district": null, "addr:housename": null, "addr:neighbourhood": null, "addr:postcode": null, "addr:province": null, "addr:subdistrict": null, "government": null, "grades": null, "internet_access": null, "internet_access:fee": null, "operator": null, "operator:type": null, "religion": null, "start_date": null, "website": null, "addr:housenumber": null, "designation": null, "building": "yes", "name:id": null, "note": null, "phone": null, "wikidata": null, "wikimedia_commons": null, "wikipedia": null, "school:type_idn": null, "layer": null, "type:id": null, "access:roof": null, "addr:full": null, "building:levels": null, "building:roof": null, "building:structure": null, "building:walls": null, "capacity:persons": null, "description": null, "landuse": null, "type": null }, "geometry": { "type": "Polygon", "coordinates": [ [ [ 109.0069105, -7.3551394 ], [ 109.0070419, -7.3553708 ], [ 109.0073566, -7.355195 ], [ 109.0072911, -7.3550796 ], [ 109.0071955, -7.355133 ], [ 109.0072118, -7.3551617 ], [ 109.0070902, -7.3552296 ], [ 109.007008, -7.3550849 ], [ 109.0069105, -7.3551394 ] ] ] } },
{ "type": "Feature", "properties": { "element": "way", "id": 194432489, "addr:street": "HR Bunyamin", "amenity": "university", "name": "Jenderal Soedirman University", "int_name": null, "source": "Bing Maps", "education": null, "check_date": null, "addr:city": "Purwokerto", "addr:district": null, "addr:housename": null, "addr:neighbourhood": null, "addr:postcode": "53122", "addr:province": null, "addr:subdistrict": null, "government": null, "grades": null, "internet_access": null, "internet_access:fee": null, "operator": "Kementrian Pendidikan dan Kebudayaan", "operator:type": "public", "religion": null, "start_date": null, "website": "https://www.unsoed.ac.id", "addr:housenumber": "708", "designation": "Universitas Jenderal Soedirman", "building": null, "name:id": "Universitas Jenderal Soedirman", "note": "Universitas Jenderal Soedirman Purwokerto", "phone": "+62 281 635292", "wikidata": "Q6177417", "wikimedia_commons": "Category:Jenderal Soedirman University", "wikipedia": "id:Universitas Jenderal Soedirman", "school:type_idn": null, "layer": null, "type:id": null, "access:roof": null, "addr:full": null, "building:levels": null, "building:roof": null, "building:structure": null, "building:walls": null, "capacity:persons": null, "description": null, "landuse": null, "type": null }, "geometry": { "type": "Polygon", "coordinates": [ [ [ 109.2453808, -7.4052857 ], [ 109.2458152, -7.4052623 ], [ 109.2458313, -7.4055662 ], [ 109.2458824, -7.4064469 ], [ 109.2461662, -7.4064355 ], [ 109.2461724, -7.4066044 ], [ 109.2465063, -7.4065826 ], [ 109.2464964, -7.4063022 ], [ 109.2466933, -7.4062815 ], [ 109.2466119, -7.405811 ], [ 109.2471778, -7.4057738 ], [ 109.2471819, -7.4057365 ], [ 109.2476981, -7.4057364 ], [ 109.2477062, -7.4052371 ], [ 109.2477169, -7.4045714 ], [ 109.2477172, -7.4044671 ], [ 109.247725, -7.403723 ], [ 109.247729, -7.4032828 ], [ 109.2477384, -7.4029184 ], [ 109.2473857, -7.4029663 ], [ 109.2471041, -7.4029916 ], [ 109.2471148, -7.403066 ], [ 109.2467476, -7.4031309 ], [ 109.2467537, -7.4034243 ], [ 109.2465241, -7.4034415 ], [ 109.2465556, -7.4031605 ], [ 109.2464966, -7.4031631 ], [ 109.2462619, -7.4031844 ], [ 109.246278, -7.4028187 ], [ 109.2461693, -7.4028133 ], [ 109.246172, -7.4024556 ], [ 109.2477205, -7.4021888 ], [ 109.24839, -7.4022418 ], [ 109.2484438, -7.4012733 ], [ 109.2484873, -7.4012708 ], [ 109.2490801, -7.401277 ], [ 109.249105, -7.4012773 ], [ 109.2491211, -7.4009701 ], [ 109.249211, -7.4007879 ], [ 109.2490594, -7.4005046 ], [ 109.2488609, -7.4001934 ], [ 109.2477813, -7.4002333 ], [ 109.2476714, -7.4003866 ], [ 109.247666, -7.400619 ], [ 109.2465784, -7.4006788 ], [ 109.2465797, -7.4007414 ], [ 109.2465019, -7.4007426 ], [ 109.2451842, -7.4008266 ], [ 109.2452093, -7.4015739 ], [ 109.2452762, -7.4033333 ], [ 109.2453014, -7.4038685 ], [ 109.2453281, -7.4046229 ], [ 109.2453469, -7.4048094 ], [ 109.2453808, -7.4052857 ] ] ] } },
{ "type": "Feature", "properties": { "element": "way", "id": 195039927, "addr:street": null, "amenity": "school", "name": "SD Negeri 4 Kranji", "int_name": null, "source": "survey", "education": null, "check_date": null, "addr:city": null, "addr:district": null, "addr:housename": null, "addr:neighbourhood": null, "addr:postcode": null, "addr:province": null, "addr:subdistrict": null, "government": null, "grades": null, "internet_access": null, "internet_access:fee": null, "operator": null, "operator:type": null, "religion": null, "start_date": null, "website": null, "addr:housenumber": null, "designation": null, "building": null, "name:id": null, "note": null, "phone": null, "wikidata": null, "wikimedia_commons": null, "wikipedia": null, "school:type_idn": null, "layer": null, "type:id": null, "access:roof": null, "addr:full": null, "building:levels": null, "building:roof": null, "building:structure": null, "building:walls": null, "capacity:persons": null, "description": null, "landuse": null, "type": null }, "geometry": { "type": "Polygon", "coordinates": [ [ [ 109.2391552, -7.4283562 ], [ 109.2390094, -7.4288242 ], [ 109.2391753, -7.4288949 ], [ 109.239758, -7.4291933 ], [ 109.2397351, -7.4289562 ], [ 109.2397667, -7.4288079 ], [ 109.2398079, -7.4287131 ], [ 109.2398236, -7.428677 ], [ 109.239668, -7.4286264 ], [ 109.23955, -7.4285706 ], [ 109.2394776, -7.4285147 ], [ 109.2394615, -7.4285014 ], [ 109.2394461, -7.4284744 ], [ 109.2394594, -7.4284534 ], [ 109.2394266, -7.4284274 ], [ 109.2393409, -7.4283874 ], [ 109.2393232, -7.4284247 ], [ 109.2392369, -7.4283844 ], [ 109.2391552, -7.4283562 ] ] ] } },
{ "type": "Feature", "properties": { "element": "way", "id": 195980137, "addr:street": null, "amenity": "school", "name": "SMP N 1 Ajibarang", "int_name": null, "source": null, "education": null, "check_date": null, "addr:city": null, "addr:district": null, "addr:housename": null, "addr:neighbourhood": null, "addr:postcode": null, "addr:province": null, "addr:subdistrict": null, "government": null, "grades": null, "internet_access": null, "internet_access:fee": null, "operator": null, "operator:type": null, "religion": null, "start_date": null, "website": null, "addr:housenumber": null, "designation": null, "building": null, "name:id": null, "note": null, "phone": null, "wikidata": null, "wikimedia_commons": null, "wikipedia": null, "school:type_idn": null, "layer": null, "type:id": null, "access:roof": null, "addr:full": null, "building:levels": null, "building:roof": null, "building:structure": null, "building:walls": null, "capacity:persons": null, "description": null, "landuse": null, "type": null }, "geometry": { "type": "Polygon", "coordinates": [ [ [ 109.0810431, -7.4081703 ], [ 109.0810243, -7.408312 ], [ 109.0809546, -7.4083112 ], [ 109.0809514, -7.4083897 ], [ 109.0809965, -7.4084071 ], [ 109.0809284, -7.4087639 ], [ 109.0815742, -7.4088645 ], [ 109.0816949, -7.408282 ], [ 109.0810431, -7.4081703 ] ] ] } },
{ "type": "Feature", "properties": { "element": "way", "id": 196047226, "addr:street": "Jalan Jenderal Gatot Subroto", "amenity": "school", "name": "SMA Negeri 1 Purwokerto", "int_name": null, "source": "survey", "education": null, "check_date": null, "addr:city": "Purwokerto", "addr:district": null, "addr:housename": null, "addr:neighbourhood": null, "addr:postcode": null, "addr:province": null, "addr:subdistrict": null, "government": null, "grades": null, "internet_access": null, "internet_access:fee": null, "operator": null, "operator:type": "government", "religion": null, "start_date": null, "website": null, "addr:housenumber": null, "designation": null, "building": null, "name:id": null, "note": null, "phone": null, "wikidata": null, "wikimedia_commons": null, "wikipedia": null, "school:type_idn": null, "layer": null, "type:id": null, "access:roof": null, "addr:full": null, "building:levels": null, "building:roof": null, "building:structure": null, "building:walls": null, "capacity:persons": null, "description": null, "landuse": null, "type": null }, "geometry": { "type": "Polygon", "coordinates": [ [ [ 109.2374168, -7.4216304 ], [ 109.2375492, -7.4215737 ], [ 109.2377673, -7.4206546 ], [ 109.2377573, -7.4205833 ], [ 109.2377103, -7.4205858 ], [ 109.2376756, -7.4204678 ], [ 109.2376359, -7.4204039 ], [ 109.2377053, -7.4203842 ], [ 109.2376951, -7.4203423 ], [ 109.2376731, -7.4202515 ], [ 109.2375343, -7.4199099 ], [ 109.2374748, -7.4198719 ], [ 109.2372716, -7.4199431 ], [ 109.2371824, -7.4200463 ], [ 109.2371403, -7.4201815 ], [ 109.2371103, -7.42024 ], [ 109.2370709, -7.4203167 ], [ 109.2369891, -7.4204027 ], [ 109.2369222, -7.4205673 ], [ 109.2368602, -7.4207344 ], [ 109.236823, -7.4207172 ], [ 109.2368021, -7.4207612 ], [ 109.2365021, -7.4214039 ], [ 109.2366635, -7.4214439 ], [ 109.2374168, -7.4216304 ] ] ] } },
{ "type": "Feature", "properties": { "element": "way", "id": 196047227, "addr:street": null, "amenity": "school", "name": "SMA Negeri 2 Purwokerto", "int_name": null, "source": "survey", "education": null, "check_date": null, "addr:city": "Purwokerto", "addr:district": null, "addr:housename": null, "addr:neighbourhood": null, "addr:postcode": null, "addr:province": null, "addr:subdistrict": null, "government": null, "grades": null, "internet_access": null, "internet_access:fee": null, "operator": null, "operator:type": "government", "religion": null, "start_date": null, "website": null, "addr:housenumber": null, "designation": null, "building": null, "name:id": null, "note": null, "phone": null, "wikidata": null, "wikimedia_commons": null, "wikipedia": null, "school:type_idn": null, "layer": null, "type:id": null, "access:roof": null, "addr:full": null, "building:levels": null, "building:roof": null, "building:structure": null, "building:walls": null, "capacity:persons": null, "description": null, "landuse": null, "type": null }, "geometry": { "type": "Polygon", "coordinates": [ [ [ 109.2363496, -7.4194677 ], [ 109.2363878, -7.4194915 ], [ 109.2365598, -7.4195986 ], [ 109.2363292, -7.420542 ], [ 109.2363211, -7.4205725 ], [ 109.2361405, -7.4213143 ], [ 109.2351447, -7.4210664 ], [ 109.2350309, -7.4210395 ], [ 109.2352004, -7.4203075 ], [ 109.235471, -7.4192356 ], [ 109.2363496, -7.4194677 ] ] ] } },
{ "type": "Feature", "properties": { "element": "way", "id": 196411108, "addr:street": "Jalan Jenderal Gatot Subroto", "amenity": "school", "name": "SMK Negeri 2 Purwokerto", "int_name": null, "source": "survey", "education": null, "check_date": null, "addr:city": "Purwokerto", "addr:district": null, "addr:housename": null, "addr:neighbourhood": null, "addr:postcode": null, "addr:province": null, "addr:subdistrict": null, "government": null, "grades": null, "internet_access": null, "internet_access:fee": null, "operator": null, "operator:type": null, "religion": null, "start_date": null, "website": null, "addr:housenumber": null, "designation": null, "building": null, "name:id": null, "note": null, "phone": null, "wikidata": null, "wikimedia_commons": null, "wikipedia": null, "school:type_idn": null, "layer": null, "type:id": null, "access:roof": null, "addr:full": null, "building:levels": null, "building:roof": null, "building:structure": null, "building:walls": null, "capacity:persons": null, "description": null, "landuse": null, "type": null }, "geometry": { "type": "Polygon", "coordinates": [ [ [ 109.2400242, -7.4213437 ], [ 109.2398418, -7.4221442 ], [ 109.2398481, -7.4222265 ], [ 109.2407837, -7.4224391 ], [ 109.2408506, -7.4219777 ], [ 109.2408705, -7.4218727 ], [ 109.2409217, -7.4215492 ], [ 109.2409392, -7.4214411 ], [ 109.2403111, -7.4213038 ], [ 109.2403041, -7.4213438 ], [ 109.2402919, -7.4213985 ], [ 109.2402884, -7.4214143 ], [ 109.2400242, -7.4213437 ] ] ] } },
{ "type": "Feature", "properties": { "element": "way", "id": 196411114, "addr:street": null, "amenity": "school", "name": "SMA Veteran Purwokerto", "int_name": null, "source": "survey", "education": null, "check_date": null, "addr:city": null, "addr:district": null, "addr:housename": null, "addr:neighbourhood": null, "addr:postcode": null, "addr:province": null, "addr:subdistrict": null, "government": null, "grades": null, "internet_access": null, "internet_access:fee": null, "operator": null, "operator:type": null, "religion": null, "start_date": null, "website": null, "addr:housenumber": null, "designation": null, "building": null, "name:id": null, "note": null, "phone": null, "wikidata": null, "wikimedia_commons": null, "wikipedia": null, "school:type_idn": null, "layer": null, "type:id": null, "access:roof": null, "addr:full": null, "building:levels": null, "building:roof": null, "building:structure": null, "building:walls": null, "capacity:persons": null, "description": null, "landuse": null, "type": null }, "geometry": { "type": "Polygon", "coordinates": [ [ [ 109.2375622, -7.4170221 ], [ 109.2375246, -7.4169237 ], [ 109.2375273, -7.4168279 ], [ 109.2375541, -7.4167614 ], [ 109.2376265, -7.4166843 ], [ 109.2376909, -7.4166285 ], [ 109.2377231, -7.416554 ], [ 109.2377231, -7.4164662 ], [ 109.2376641, -7.4164077 ], [ 109.2376292, -7.4163705 ], [ 109.2376265, -7.4163119 ], [ 109.2376349, -7.4161421 ], [ 109.2379887, -7.4161667 ], [ 109.2384153, -7.4162039 ], [ 109.2384784, -7.4162108 ], [ 109.2385117, -7.4162144 ], [ 109.2389301, -7.4162601 ], [ 109.2388649, -7.4165581 ], [ 109.2388526, -7.4165982 ], [ 109.2387982, -7.4168493 ], [ 109.2388711, -7.4170215 ], [ 109.2387947, -7.4173452 ], [ 109.2375622, -7.4170221 ] ] ] } },
{ "type": "Feature", "properties": { "element": "way", "id": 196658512, "addr:street": null, "amenity": "university", "name": "Universitas Terbuka", "int_name": null, "source": "survey", "education": null, "check_date": null, "addr:city": null, "addr:district": null, "addr:housename": null, "addr:neighbourhood": null, "addr:postcode": null, "addr:province": null, "addr:subdistrict": null, "government": null, "grades": null, "internet_access": null, "internet_access:fee": null, "operator": null, "operator:type": null, "religion": null, "start_date": null, "website": null, "addr:housenumber": null, "designation": "Universitas Terbuka Kampus Purwokerto", "building": null, "name:id": null, "note": null, "phone": null, "wikidata": null, "wikimedia_commons": null, "wikipedia": null, "school:type_idn": null, "layer": null, "type:id": null, "access:roof": null, "addr:full": null, "building:levels": null, "building:roof": null, "building:structure": null, "building:walls": null, "capacity:persons": null, "description": null, "landuse": null, "type": null }, "geometry": { "type": "Polygon", "coordinates": [ [ [ 109.2467707, -7.4030681 ], [ 109.2470732, -7.4030315 ], [ 109.2470357, -7.4029464 ], [ 109.247025, -7.4028852 ], [ 109.2470168, -7.4028072 ], [ 109.2469899, -7.4027327 ], [ 109.2469767, -7.4025687 ], [ 109.2469775, -7.4024227 ], [ 109.2469804, -7.4023397 ], [ 109.2469531, -7.4023451 ], [ 109.2467888, -7.4023712 ], [ 109.2467707, -7.4030681 ] ] ] } },
{ "type": "Feature", "properties": { "element": "way", "id": 197025166, "addr:street": null, "amenity": "school", "name": "SMP N 3 Gumelar", "int_name": null, "source": null, "education": null, "check_date": null, "addr:city": null, "addr:district": null, "addr:housename": null, "addr:neighbourhood": null, "addr:postcode": null, "addr:province": null, "addr:subdistrict": null, "government": null, "grades": null, "internet_access": null, "internet_access:fee": null, "operator": null, "operator:type": null, "religion": null, "start_date": null, "website": null, "addr:housenumber": null, "designation": null, "building": null, "name:id": null, "note": null, "phone": null, "wikidata": null, "wikimedia_commons": null, "wikipedia": null, "school:type_idn": "smp", "layer": null, "type:id": null, "access:roof": null, "addr:full": null, "building:levels": null, "building:roof": null, "building:structure": null, "building:walls": null, "capacity:persons": null, "description": null, "landuse": null, "type": null }, "geometry": { "type": "Polygon", "coordinates": [ [ [ 109.0225146, -7.344866 ], [ 109.0224931, -7.3450708 ], [ 109.0231073, -7.3451666 ], [ 109.0231288, -7.344994 ], [ 109.02333, -7.3450366 ], [ 109.0233593, -7.3448029 ], [ 109.0229908, -7.3447232 ], [ 109.0227947, -7.3447286 ], [ 109.022602, -7.3447872 ], [ 109.0225215, -7.3448381 ], [ 109.0225146, -7.344866 ] ] ] } },
{ "type": "Feature", "properties": { "element": "way", "id": 197025170, "addr:street": null, "amenity": "school", "name": "SDN Samudra VI", "int_name": null, "source": null, "education": null, "check_date": null, "addr:city": null, "addr:district": null, "addr:housename": null, "addr:neighbourhood": null, "addr:postcode": null, "addr:province": null, "addr:subdistrict": null, "government": null, "grades": null, "internet_access": null, "internet_access:fee": null, "operator": null, "operator:type": null, "religion": null, "start_date": null, "website": null, "addr:housenumber": null, "designation": null, "building": null, "name:id": null, "note": null, "phone": null, "wikidata": null, "wikimedia_commons": null, "wikipedia": null, "school:type_idn": null, "layer": null, "type:id": null, "access:roof": null, "addr:full": null, "building:levels": null, "building:roof": null, "building:structure": null, "building:walls": null, "capacity:persons": null, "description": null, "landuse": null, "type": null }, "geometry": { "type": "Polygon", "coordinates": [ [ [ 109.0252839, -7.3451267 ], [ 109.0254153, -7.3453209 ], [ 109.0259169, -7.3449994 ], [ 109.0257774, -7.3448181 ], [ 109.0254743, -7.3450101 ], [ 109.0252839, -7.3451267 ] ] ] } },
{ "type": "Feature", "properties": { "element": "way", "id": 197127175, "addr:street": null, "amenity": "school", "name": "SD Negeri 1 Pasirmuncang", "int_name": null, "source": null, "education": null, "check_date": null, "addr:city": null, "addr:district": null, "addr:housename": null, "addr:neighbourhood": null, "addr:postcode": null, "addr:province": null, "addr:subdistrict": null, "government": null, "grades": null, "internet_access": null, "internet_access:fee": null, "operator": null, "operator:type": null, "religion": null, "start_date": null, "website": null, "addr:housenumber": null, "designation": null, "building": null, "name:id": null, "note": null, "phone": null, "wikidata": null, "wikimedia_commons": null, "wikipedia": null, "school:type_idn": null, "layer": null, "type:id": null, "access:roof": null, "addr:full": null, "building:levels": null, "building:roof": null, "building:structure": null, "building:walls": null, "capacity:persons": null, "description": null, "landuse": null, "type": null }, "geometry": { "type": "Polygon", "coordinates": [ [ [ 109.2161326, -7.4306987 ], [ 109.2163296, -7.4305831 ], [ 109.2164517, -7.4307042 ], [ 109.2164046, -7.4310702 ], [ 109.2160854, -7.4310317 ], [ 109.2161326, -7.4306987 ] ] ] } },
{ "type": "Feature", "properties": { "element": "way", "id": 197923054, "addr:street": null, "amenity": "school", "name": null, "int_name": null, "source": null, "education": null, "check_date": null, "addr:city": null, "addr:district": null, "addr:housename": null, "addr:neighbourhood": null, "addr:postcode": null, "addr:province": null, "addr:subdistrict": null, "government": null, "grades": null, "internet_access": null, "internet_access:fee": null, "operator": null, "operator:type": null, "religion": null, "start_date": null, "website": null, "addr:housenumber": null, "designation": null, "building": "yes", "name:id": null, "note": null, "phone": null, "wikidata": null, "wikimedia_commons": null, "wikipedia": null, "school:type_idn": null, "layer": null, "type:id": null, "access:roof": null, "addr:full": null, "building:levels": null, "building:roof": null, "building:structure": null, "building:walls": null, "capacity:persons": null, "description": null, "landuse": null, "type": null }, "geometry": { "type": "Polygon", "coordinates": [ [ [ 109.0796509, -7.4050058 ], [ 109.0796175, -7.405165 ], [ 109.0794941, -7.4051396 ], [ 109.079502, -7.4051017 ], [ 109.078904, -7.4049783 ], [ 109.0789295, -7.404857 ], [ 109.0796509, -7.4050058 ] ] ] } },
{ "type": "Feature", "properties": { "element": "way", "id": 197923056, "addr:street": null, "amenity": "school", "name": null, "int_name": null, "source": null, "education": null, "check_date": null, "addr:city": null, "addr:district": null, "addr:housename": null, "addr:neighbourhood": null, "addr:postcode": null, "addr:province": null, "addr:subdistrict": null, "government": null, "grades": null, "internet_access": null, "internet_access:fee": null, "operator": null, "operator:type": null, "religion": null, "start_date": null, "website": null, "addr:housenumber": null, "designation": null, "building": "yes", "name:id": null, "note": null, "phone": null, "wikidata": null, "wikimedia_commons": null, "wikipedia": null, "school:type_idn": null, "layer": null, "type:id": null, "access:roof": null, "addr:full": null, "building:levels": null, "building:roof": null, "building:structure": null, "building:walls": null, "capacity:persons": null, "description": null, "landuse": null, "type": null }, "geometry": { "type": "Polygon", "coordinates": [ [ [ 109.0792286, -7.4045875 ], [ 109.0791818, -7.404797 ], [ 109.078864, -7.4047271 ], [ 109.0789109, -7.4045176 ], [ 109.0791857, -7.404578 ], [ 109.0792286, -7.4045875 ] ] ] } },
{ "type": "Feature", "properties": { "element": "way", "id": 199338227, "addr:street": "Jalan Overste Isdiman", "amenity": "school", "name": "SMA Negeri 4 Purwokerto", "int_name": null, "source": null, "education": null, "check_date": null, "addr:city": "Purwokerto", "addr:district": null, "addr:housename": null, "addr:neighbourhood": null, "addr:postcode": null, "addr:province": null, "addr:subdistrict": null, "government": null, "grades": null, "internet_access": null, "internet_access:fee": null, "operator": null, "operator:type": null, "religion": null, "start_date": null, "website": null, "addr:housenumber": null, "designation": null, "building": null, "name:id": null, "note": null, "phone": null, "wikidata": null, "wikimedia_commons": null, "wikipedia": null, "school:type_idn": null, "layer": null, "type:id": null, "access:roof": null, "addr:full": null, "building:levels": null, "building:roof": null, "building:structure": null, "building:walls": null, "capacity:persons": null, "description": null, "landuse": null, "type": null }, "geometry": { "type": "Polygon", "coordinates": [ [ [ 109.2443487, -7.4204772 ], [ 109.2447832, -7.4205095 ], [ 109.244862, -7.420566 ], [ 109.2449326, -7.4206037 ], [ 109.2450277, -7.4206334 ], [ 109.2451118, -7.4206522 ], [ 109.2451824, -7.4206334 ], [ 109.2452531, -7.420601 ], [ 109.2453182, -7.4205714 ], [ 109.2453508, -7.4205633 ], [ 109.246027, -7.4206387 ], [ 109.2459646, -7.4212473 ], [ 109.2455735, -7.4211908 ], [ 109.2455681, -7.4211585 ], [ 109.244308, -7.4210319 ], [ 109.2443487, -7.4204772 ] ] ] } },
{ "type": "Feature", "properties": { "element": "way", "id": 211424663, "addr:street": null, "amenity": "university", "name": "Wijayakusuma University", "int_name": null, "source": "survey", "education": null, "check_date": null, "addr:city": null, "addr:district": null, "addr:housename": null, "addr:neighbourhood": null, "addr:postcode": null, "addr:province": null, "addr:subdistrict": null, "government": null, "grades": null, "internet_access": null, "internet_access:fee": null, "operator": null, "operator:type": null, "religion": null, "start_date": null, "website": null, "addr:housenumber": null, "designation": "Universitas Wijayakusuma", "building": null, "name:id": null, "note": null, "phone": null, "wikidata": null, "wikimedia_commons": null, "wikipedia": null, "school:type_idn": null, "layer": null, "type:id": null, "access:roof": null, "addr:full": null, "building:levels": null, "building:roof": null, "building:structure": null, "building:walls": null, "capacity:persons": null, "description": null, "landuse": null, "type": null }, "geometry": { "type": "Polygon", "coordinates": [ [ [ 109.214884, -7.3987876 ], [ 109.2147526, -7.3992864 ], [ 109.2146735, -7.3997944 ], [ 109.2164397, -7.4001881 ], [ 109.2163633, -7.4004846 ], [ 109.2162117, -7.4010326 ], [ 109.2162355, -7.4010402 ], [ 109.2164515, -7.4010915 ], [ 109.2167321, -7.4011549 ], [ 109.2169306, -7.4003383 ], [ 109.2175582, -7.4004833 ], [ 109.2175682, -7.4004323 ], [ 109.217579, -7.4003729 ], [ 109.2177406, -7.3995444 ], [ 109.2176554, -7.3995278 ], [ 109.2176584, -7.3995071 ], [ 109.2176642, -7.3994759 ], [ 109.2177148, -7.3994842 ], [ 109.2177275, -7.3994782 ], [ 109.2177319, -7.3994686 ], [ 109.2177738, -7.3992475 ], [ 109.2177711, -7.3992338 ], [ 109.2177614, -7.3992285 ], [ 109.2177118, -7.3992212 ], [ 109.2177161, -7.3991906 ], [ 109.2177198, -7.399162 ], [ 109.2178184, -7.3991733 ], [ 109.217977, -7.398371 ], [ 109.2179807, -7.3983574 ], [ 109.2174784, -7.3982683 ], [ 109.2174355, -7.3982796 ], [ 109.2164746, -7.3980987 ], [ 109.2150919, -7.3978208 ], [ 109.214884, -7.3987876 ] ] ] } },
{ "type": "Feature", "properties": { "element": "way", "id": 211424670, "addr:street": null, "amenity": "college", "name": "BSI", "int_name": null, "source": "survey", "education": null, "check_date": null, "addr:city": null, "addr:district": null, "addr:housename": null, "addr:neighbourhood": null, "addr:postcode": null, "addr:province": null, "addr:subdistrict": null, "government": null, "grades": null, "internet_access": null, "internet_access:fee": null, "operator": null, "operator:type": null, "religion": null, "start_date": null, "website": null, "addr:housenumber": null, "designation": "BSI Purwokerto", "building": null, "name:id": null, "note": null, "phone": null, "wikidata": null, "wikimedia_commons": null, "wikipedia": null, "school:type_idn": null, "layer": null, "type:id": null, "access:roof": null, "addr:full": null, "building:levels": null, "building:roof": null, "building:structure": null, "building:walls": null, "capacity:persons": null, "description": null, "landuse": null, "type": null }, "geometry": { "type": "Polygon", "coordinates": [ [ [ 109.2456322, -7.3988873 ], [ 109.2458334, -7.3988835 ], [ 109.2458362, -7.399031 ], [ 109.245635, -7.3990348 ], [ 109.2456322, -7.3988873 ] ] ] } },
{ "type": "Feature", "properties": { "element": "way", "id": 211424702, "addr:street": null, "amenity": "college", "name": "STIKES Harapan Bangsa", "int_name": null, "source": "survey", "education": null, "check_date": null, "addr:city": null, "addr:district": null, "addr:housename": null, "addr:neighbourhood": null, "addr:postcode": null, "addr:province": null, "addr:subdistrict": null, "government": null, "grades": null, "internet_access": null, "internet_access:fee": null, "operator": null, "operator:type": null, "religion": null, "start_date": null, "website": null, "addr:housenumber": null, "designation": "STIKES Harapan Bangsa Purwokerto", "building": null, "name:id": null, "note": null, "phone": null, "wikidata": null, "wikimedia_commons": null, "wikipedia": null, "school:type_idn": null, "layer": null, "type:id": null, "access:roof": null, "addr:full": null, "building:levels": null, "building:roof": null, "building:structure": null, "building:walls": null, "capacity:persons": null, "description": null, "landuse": null, "type": null }, "geometry": { "type": "Polygon", "coordinates": [ [ [ 109.2728675, -7.4208967 ], [ 109.2729233, -7.4212501 ], [ 109.2725608, -7.4213064 ], [ 109.2722075, -7.4213681 ], [ 109.2722236, -7.4215045 ], [ 109.2721736, -7.4215125 ], [ 109.2721667, -7.4214583 ], [ 109.2720109, -7.421484 ], [ 109.2719479, -7.4214875 ], [ 109.2718551, -7.4214932 ], [ 109.2717116, -7.4215092 ], [ 109.2715419, -7.4215281 ], [ 109.2714693, -7.4215362 ], [ 109.2714777, -7.4216253 ], [ 109.2714818, -7.4216692 ], [ 109.2713913, -7.4216782 ], [ 109.2713206, -7.421682 ], [ 109.2712827, -7.4216888 ], [ 109.2711454, -7.4217023 ], [ 109.270726, -7.4217436 ], [ 109.2707185, -7.4216241 ], [ 109.2706925, -7.4212078 ], [ 109.270723, -7.4212056 ], [ 109.2707843, -7.4212013 ], [ 109.2707951, -7.4213511 ], [ 109.270825, -7.4213475 ], [ 109.2714271, -7.4212754 ], [ 109.271413, -7.4211386 ], [ 109.2718063, -7.4210985 ], [ 109.2719795, -7.4210808 ], [ 109.2720147, -7.4210738 ], [ 109.2721139, -7.4210644 ], [ 109.2721103, -7.4210077 ], [ 109.2722018, -7.4209944 ], [ 109.2724059, -7.4209652 ], [ 109.2725049, -7.420953 ], [ 109.2728675, -7.4208967 ] ] ] } },
{ "type": "Feature", "properties": { "element": "way", "id": 211562808, "addr:street": null, "amenity": "college", "name": "State Police Academy", "int_name": null, "source": "survey", "education": null, "check_date": null, "addr:city": null, "addr:district": null, "addr:housename": null, "addr:neighbourhood": null, "addr:postcode": null, "addr:province": null, "addr:subdistrict": null, "government": null, "grades": null, "internet_access": null, "internet_access:fee": null, "operator": null, "operator:type": null, "religion": null, "start_date": null, "website": null, "addr:housenumber": null, "designation": "Sekolah Polisi Negara Purwokerto", "building": null, "name:id": null, "note": null, "phone": null, "wikidata": null, "wikimedia_commons": null, "wikipedia": null, "school:type_idn": null, "layer": null, "type:id": null, "access:roof": null, "addr:full": null, "building:levels": null, "building:roof": null, "building:structure": null, "building:walls": null, "capacity:persons": null, "description": null, "landuse": null, "type": null }, "geometry": { "type": "Polygon", "coordinates": [ [ [ 109.2330399, -7.4051913 ], [ 109.2329273, -7.4051779 ], [ 109.2313181, -7.4050397 ], [ 109.2313421, -7.4047766 ], [ 109.2313991, -7.4040012 ], [ 109.2314319, -7.4035555 ], [ 109.2314493, -7.403319 ], [ 109.2314692, -7.4031153 ], [ 109.2315088, -7.4027095 ], [ 109.2315151, -7.4026445 ], [ 109.231562, -7.4021646 ], [ 109.231629, -7.4013451 ], [ 109.2316425, -7.4011804 ], [ 109.2316687, -7.4008862 ], [ 109.2316748, -7.4008171 ], [ 109.2316935, -7.4006065 ], [ 109.2316994, -7.4005403 ], [ 109.231703, -7.4004997 ], [ 109.2317068, -7.400457 ], [ 109.2317315, -7.3999195 ], [ 109.2317334, -7.3998786 ], [ 109.2317494, -7.3997002 ], [ 109.2318973, -7.3980523 ], [ 109.2319107, -7.3979035 ], [ 109.2319185, -7.3978209 ], [ 109.2319642, -7.3973394 ], [ 109.2322539, -7.3974511 ], [ 109.2325475, -7.3975625 ], [ 109.2330514, -7.3977537 ], [ 109.2335902, -7.3979838 ], [ 109.233636, -7.3980038 ], [ 109.2341388, -7.398187 ], [ 109.2344313, -7.3982936 ], [ 109.2343596, -7.3984938 ], [ 109.2342898, -7.3985896 ], [ 109.2342201, -7.3986428 ], [ 109.2341825, -7.3987199 ], [ 109.2341825, -7.3987917 ], [ 109.2341852, -7.3988662 ], [ 109.2341772, -7.3989779 ], [ 109.2341691, -7.3991348 ], [ 109.2341906, -7.3992066 ], [ 109.2342497, -7.3993237 ], [ 109.2342416, -7.3994115 ], [ 109.2342068, -7.3994833 ], [ 109.2341504, -7.3995551 ], [ 109.2341398, -7.3996109 ], [ 109.234153, -7.3996828 ], [ 109.23418, -7.3997466 ], [ 109.2342764, -7.4000578 ], [ 109.2343247, -7.4001722 ], [ 109.2343301, -7.4002493 ], [ 109.2343247, -7.4003584 ], [ 109.2343526, -7.4004309 ], [ 109.2344213, -7.4004674 ], [ 109.2345072, -7.4004834 ], [ 109.2345795, -7.4004967 ], [ 109.2346036, -7.4005126 ], [ 109.234609, -7.4005366 ], [ 109.234601, -7.4005579 ], [ 109.2345768, -7.4005871 ], [ 109.2345367, -7.4006137 ], [ 109.234518, -7.4006323 ], [ 109.2345151, -7.4006536 ], [ 109.2345367, -7.4006802 ], [ 109.2345662, -7.4007121 ], [ 109.2345904, -7.400752 ], [ 109.2345983, -7.4007866 ], [ 109.2345956, -7.4008371 ], [ 109.2345795, -7.4009223 ], [ 109.2345688, -7.4009941 ], [ 109.2345741, -7.4010526 ], [ 109.2345931, -7.4010952 ], [ 109.2346224, -7.4011377 ], [ 109.234668, -7.4011643 ], [ 109.2347083, -7.4011962 ], [ 109.234762, -7.4012361 ], [ 109.2347942, -7.4012973 ], [ 109.2348075, -7.4013718 ], [ 109.2348129, -7.401433 ], [ 109.2348801, -7.4015925 ], [ 109.2349201, -7.4015952 ], [ 109.2349659, -7.4016032 ], [ 109.2350007, -7.4016298 ], [ 109.2350248, -7.401675 ], [ 109.2350757, -7.4018479 ], [ 109.235073, -7.401917 ], [ 109.2350596, -7.4020899 ], [ 109.2350328, -7.4024437 ], [ 109.2350328, -7.4029278 ], [ 109.2343703, -7.4028799 ], [ 109.2343676, -7.4031379 ], [ 109.2341879, -7.4031246 ], [ 109.2341864, -7.4031658 ], [ 109.2341819, -7.4032923 ], [ 109.2341557, -7.404029 ], [ 109.2341209, -7.4041939 ], [ 109.2341021, -7.4043641 ], [ 109.2340781, -7.4044599 ], [ 109.2340565, -7.4045609 ], [ 109.2340216, -7.4046115 ], [ 109.2339036, -7.4047445 ], [ 109.2338528, -7.4048189 ], [ 109.2338392, -7.4049972 ], [ 109.2338473, -7.4052232 ], [ 109.2338473, -7.4052658 ], [ 109.2338259, -7.4052764 ], [ 109.2337775, -7.4052791 ], [ 109.2330399, -7.4051913 ] ] ] } },
{ "type": "Feature", "properties": { "element": "way", "id": 211566345, "addr:street": null, "amenity": "school", "name": "SMP Kristen 1 Purwokerto", "int_name": null, "source": null, "education": null, "check_date": null, "addr:city": null, "addr:district": null, "addr:housename": null, "addr:neighbourhood": null, "addr:postcode": null, "addr:province": null, "addr:subdistrict": null, "government": null, "grades": null, "internet_access": null, "internet_access:fee": null, "operator": null, "operator:type": null, "religion": null, "start_date": null, "website": null, "addr:housenumber": null, "designation": null, "building": "yes", "name:id": null, "note": null, "phone": null, "wikidata": null, "wikimedia_commons": null, "wikipedia": null, "school:type_idn": null, "layer": null, "type:id": null, "access:roof": null, "addr:full": null, "building:levels": null, "building:roof": null, "building:structure": null, "building:walls": null, "capacity:persons": null, "description": null, "landuse": null, "type": null }, "geometry": { "type": "Polygon", "coordinates": [ [ [ 109.2426918, -7.4225001 ], [ 109.2426423, -7.4227149 ], [ 109.2423567, -7.4226501 ], [ 109.2423474, -7.4226907 ], [ 109.2422765, -7.4226747 ], [ 109.2422876, -7.4226266 ], [ 109.2420874, -7.4225812 ], [ 109.2420793, -7.4226161 ], [ 109.2420061, -7.4225995 ], [ 109.2420349, -7.4224746 ], [ 109.2422571, -7.422525 ], [ 109.2425658, -7.422595 ], [ 109.2425928, -7.4224776 ], [ 109.2426918, -7.4225001 ] ] ] } },
{ "type": "Feature", "properties": { "element": "way", "id": 211566367, "addr:street": null, "amenity": "kindergarten", "name": "TK / SD Kristen Purwokerto", "int_name": null, "source": null, "education": null, "check_date": null, "addr:city": null, "addr:district": null, "addr:housename": null, "addr:neighbourhood": null, "addr:postcode": null, "addr:province": null, "addr:subdistrict": null, "government": null, "grades": null, "internet_access": null, "internet_access:fee": null, "operator": null, "operator:type": null, "religion": null, "start_date": null, "website": null, "addr:housenumber": null, "designation": null, "building": "yes", "name:id": null, "note": null, "phone": null, "wikidata": null, "wikimedia_commons": null, "wikipedia": null, "school:type_idn": null, "layer": null, "type:id": null, "access:roof": null, "addr:full": null, "building:levels": null, "building:roof": null, "building:structure": null, "building:walls": null, "capacity:persons": null, "description": null, "landuse": null, "type": null }, "geometry": { "type": "Polygon", "coordinates": [ [ [ 109.2422409, -7.4223142 ], [ 109.2423363, -7.4223344 ], [ 109.2422996, -7.422505 ], [ 109.2424468, -7.4225362 ], [ 109.2424798, -7.422383 ], [ 109.2426445, -7.4224179 ], [ 109.2426369, -7.4224531 ], [ 109.2426922, -7.4224649 ], [ 109.242734, -7.4222708 ], [ 109.2422714, -7.4221727 ], [ 109.2422409, -7.4223142 ] ] ] } },
{ "type": "Feature", "properties": { "element": "way", "id": 211566380, "addr:street": null, "amenity": "school", "name": "SMA Kristen Purwokerto", "int_name": null, "source": null, "education": null, "check_date": null, "addr:city": null, "addr:district": null, "addr:housename": null, "addr:neighbourhood": null, "addr:postcode": null, "addr:province": null, "addr:subdistrict": null, "government": null, "grades": null, "internet_access": null, "internet_access:fee": null, "operator": null, "operator:type": null, "religion": null, "start_date": null, "website": null, "addr:housenumber": null, "designation": null, "building": "yes", "name:id": null, "note": null, "phone": null, "wikidata": null, "wikimedia_commons": null, "wikipedia": null, "school:type_idn": null, "layer": null, "type:id": null, "access:roof": null, "addr:full": null, "building:levels": null, "building:roof": null, "building:structure": null, "building:walls": null, "capacity:persons": null, "description": null, "landuse": null, "type": null }, "geometry": { "type": "Polygon", "coordinates": [ [ [ 109.2417477, -7.4222483 ], [ 109.2418827, -7.4222784 ], [ 109.2419227, -7.4221015 ], [ 109.2417877, -7.4220714 ], [ 109.2417477, -7.4222483 ] ] ] } },
{ "type": "Feature", "properties": { "element": "way", "id": 211566392, "addr:street": null, "amenity": "school", "name": "SMA Bruderan Purwokerto", "int_name": null, "source": "survey", "education": null, "check_date": null, "addr:city": null, "addr:district": null, "addr:housename": null, "addr:neighbourhood": null, "addr:postcode": null, "addr:province": null, "addr:subdistrict": null, "government": null, "grades": null, "internet_access": null, "internet_access:fee": null, "operator": null, "operator:type": null, "religion": "christian", "start_date": null, "website": null, "addr:housenumber": null, "designation": null, "building": null, "name:id": null, "note": null, "phone": null, "wikidata": null, "wikimedia_commons": null, "wikipedia": null, "school:type_idn": null, "layer": null, "type:id": null, "access:roof": null, "addr:full": null, "building:levels": null, "building:roof": null, "building:structure": null, "building:walls": null, "capacity:persons": null, "description": null, "landuse": null, "type": null }, "geometry": { "type": "Polygon", "coordinates": [ [ [ 109.2318354, -7.4189661 ], [ 109.2317658, -7.4190381 ], [ 109.2315674, -7.4194663 ], [ 109.2320289, -7.4196516 ], [ 109.2323512, -7.4197693 ], [ 109.2324043, -7.4195647 ], [ 109.232547, -7.4191925 ], [ 109.2326001, -7.419054 ], [ 109.2326723, -7.419054 ], [ 109.2326904, -7.4190286 ], [ 109.2327038, -7.4189878 ], [ 109.2326362, -7.4189658 ], [ 109.2324491, -7.4189024 ], [ 109.2324204, -7.418937 ], [ 109.2322271, -7.4188466 ], [ 109.2322702, -7.4187694 ], [ 109.2321298, -7.4187128 ], [ 109.2320327, -7.4186618 ], [ 109.2320007, -7.4187217 ], [ 109.2319186, -7.4188838 ], [ 109.2318891, -7.418929 ], [ 109.2318354, -7.4189661 ] ] ] } },
{ "type": "Feature", "properties": { "element": "way", "id": 211568618, "addr:street": "Jalan Ahmad Yani", "amenity": "university", "name": "UIN Profesor Kiai Haji Saifuddin Zuhri Purwokerto", "int_name": null, "source": "survey", "education": null, "check_date": null, "addr:city": null, "addr:district": null, "addr:housename": null, "addr:neighbourhood": null, "addr:postcode": null, "addr:province": null, "addr:subdistrict": null, "government": null, "grades": null, "internet_access": null, "internet_access:fee": null, "operator": null, "operator:type": null, "religion": null, "start_date": null, "website": null, "addr:housenumber": "40", "designation": "Sekolah Tinggi Agama Islam Negeri Purwokerto", "building": null, "name:id": null, "note": null, "phone": null, "wikidata": null, "wikimedia_commons": null, "wikipedia": null, "school:type_idn": null, "layer": null, "type:id": null, "access:roof": null, "addr:full": null, "building:levels": null, "building:roof": null, "building:structure": null, "building:walls": null, "capacity:persons": null, "description": null, "landuse": null, "type": null }, "geometry": { "type": "Polygon", "coordinates": [ [ [ 109.232903, -7.4104311 ], [ 109.2317828, -7.4102848 ], [ 109.2317014, -7.4102742 ], [ 109.2308877, -7.4101439 ], [ 109.2308746, -7.4104723 ], [ 109.2308724, -7.4105667 ], [ 109.230867, -7.4107899 ], [ 109.2308596, -7.4109219 ], [ 109.2312076, -7.4109398 ], [ 109.2314313, -7.4109513 ], [ 109.2313742, -7.4117398 ], [ 109.231369, -7.41183 ], [ 109.2313517, -7.4120596 ], [ 109.2313501, -7.4122216 ], [ 109.231342, -7.4122983 ], [ 109.231393, -7.4123061 ], [ 109.2314628, -7.4123168 ], [ 109.2316378, -7.4123564 ], [ 109.2316872, -7.4123737 ], [ 109.2318891, -7.412434 ], [ 109.2320528, -7.4124845 ], [ 109.2322056, -7.4125191 ], [ 109.2324631, -7.4116759 ], [ 109.2325516, -7.4114605 ], [ 109.2328816, -7.4106067 ], [ 109.2329052, -7.410428 ], [ 109.232903, -7.4104311 ] ] ] } },
{ "type": "Feature", "properties": { "element": "way", "id": 211568625, "addr:street": null, "amenity": "school", "name": "SMA Muhammadiyah 1 Purwokerto", "int_name": null, "source": "survey", "education": null, "check_date": null, "addr:city": null, "addr:district": null, "addr:housename": null, "addr:neighbourhood": null, "addr:postcode": null, "addr:province": null, "addr:subdistrict": null, "government": null, "grades": null, "internet_access": null, "internet_access:fee": null, "operator": null, "operator:type": null, "religion": "muslim", "start_date": null, "website": null, "addr:housenumber": null, "designation": null, "building": null, "name:id": null, "note": null, "phone": null, "wikidata": null, "wikimedia_commons": null, "wikipedia": null, "school:type_idn": null, "layer": null, "type:id": null, "access:roof": null, "addr:full": null, "building:levels": null, "building:roof": null, "building:structure": null, "building:walls": null, "capacity:persons": null, "description": null, "landuse": null, "type": null }, "geometry": { "type": "Polygon", "coordinates": [ [ [ 109.2310948, -7.4153242 ], [ 109.2310905, -7.415639 ], [ 109.2310691, -7.4161684 ], [ 109.23201, -7.4160469 ], [ 109.232008, -7.415947 ], [ 109.2320053, -7.4159038 ], [ 109.2319762, -7.4154691 ], [ 109.2319544, -7.4152811 ], [ 109.2310948, -7.4153242 ] ] ] } },
{ "type": "Feature", "properties": { "element": "way", "id": 211569546, "addr:street": null, "amenity": "school", "name": "MA Negeri 1 Purwokerto", "int_name": null, "source": "survey", "education": null, "check_date": null, "addr:city": null, "addr:district": null, "addr:housename": null, "addr:neighbourhood": null, "addr:postcode": null, "addr:province": null, "addr:subdistrict": null, "government": null, "grades": null, "internet_access": null, "internet_access:fee": null, "operator": null, "operator:type": null, "religion": null, "start_date": null, "website": null, "addr:housenumber": null, "designation": null, "building": null, "name:id": null, "note": null, "phone": null, "wikidata": null, "wikimedia_commons": null, "wikipedia": null, "school:type_idn": null, "layer": null, "type:id": null, "access:roof": null, "addr:full": null, "building:levels": null, "building:roof": null, "building:structure": null, "building:walls": null, "capacity:persons": null, "description": null, "landuse": null, "type": null }, "geometry": { "type": "Polygon", "coordinates": [ [ [ 109.2620305, -7.4197296 ], [ 109.2620092, -7.4196312 ], [ 109.261621, -7.4197249 ], [ 109.2611033, -7.4198676 ], [ 109.2611036, -7.4194068 ], [ 109.2613189, -7.4193432 ], [ 109.2622348, -7.4191138 ], [ 109.2623798, -7.4190826 ], [ 109.2624088, -7.4192147 ], [ 109.2624224, -7.4192769 ], [ 109.2624278, -7.4193013 ], [ 109.2624774, -7.419535 ], [ 109.262388, -7.4195623 ], [ 109.2623658, -7.4195673 ], [ 109.2623874, -7.4196356 ], [ 109.2620305, -7.4197296 ] ] ] } },
{ "type": "Feature", "properties": { "element": "way", "id": 211569548, "addr:street": null, "amenity": "school", "name": "MA Negeri 2 Purwokerto", "int_name": null, "source": "survey", "education": null, "check_date": null, "addr:city": null, "addr:district": null, "addr:housename": null, "addr:neighbourhood": null, "addr:postcode": null, "addr:province": null, "addr:subdistrict": null, "government": null, "grades": null, "internet_access": null, "internet_access:fee": null, "operator": null, "operator:type": null, "religion": "muslim", "start_date": null, "website": null, "addr:housenumber": null, "designation": null, "building": null, "name:id": null, "note": null, "phone": null, "wikidata": null, "wikimedia_commons": null, "wikipedia": null, "school:type_idn": null, "layer": null, "type:id": null, "access:roof": null, "addr:full": null, "building:levels": null, "building:roof": null, "building:structure": null, "building:walls": null, "capacity:persons": null, "description": null, "landuse": null, "type": null }, "geometry": { "type": "Polygon", "coordinates": [ [ [ 109.2564276, -7.4299733 ], [ 109.2561595, -7.43021 ], [ 109.2561795, -7.430258 ], [ 109.256205, -7.4303031 ], [ 109.2563097, -7.4304787 ], [ 109.2563284, -7.4305265 ], [ 109.2561991, -7.4306057 ], [ 109.2563298, -7.4307499 ], [ 109.2564479, -7.4308689 ], [ 109.2564901, -7.4309125 ], [ 109.2565167, -7.4309367 ], [ 109.2569002, -7.4313374 ], [ 109.2569789, -7.4312717 ], [ 109.2570661, -7.4311929 ], [ 109.257016, -7.4311469 ], [ 109.2576973, -7.4305323 ], [ 109.2576991, -7.4305079 ], [ 109.2576802, -7.4304707 ], [ 109.2576185, -7.4304175 ], [ 109.2576096, -7.4303848 ], [ 109.2576964, -7.4302765 ], [ 109.2577796, -7.4301329 ], [ 109.2578331, -7.4298723 ], [ 109.2578252, -7.4297951 ], [ 109.2575677, -7.4294068 ], [ 109.2572859, -7.428952 ], [ 109.2572431, -7.4289334 ], [ 109.2571652, -7.428968 ], [ 109.2568999, -7.4291452 ], [ 109.2566958, -7.4292898 ], [ 109.2566343, -7.4293403 ], [ 109.2566368, -7.4293855 ], [ 109.2566503, -7.4294201 ], [ 109.2566422, -7.4294946 ], [ 109.2566502, -7.4295531 ], [ 109.2566691, -7.4296063 ], [ 109.2567791, -7.4297792 ], [ 109.2567783, -7.4298264 ], [ 109.2566663, -7.4299201 ], [ 109.2565884, -7.429827 ], [ 109.2564276, -7.4299733 ] ] ] } },
{ "type": "Feature", "properties": { "element": "way", "id": 211661412, "addr:street": "Ragasemangsang", "amenity": "school", "name": "SD Al-Irsyad Al-Islamiyyah 01 Purwokerto", "int_name": null, "source": "survey", "education": null, "check_date": null, "addr:city": "Purwokerto", "addr:district": null, "addr:housename": null, "addr:neighbourhood": null, "addr:postcode": null, "addr:province": null, "addr:subdistrict": null, "government": null, "grades": null, "internet_access": null, "internet_access:fee": null, "operator": null, "operator:type": null, "religion": "muslim", "start_date": null, "website": null, "addr:housenumber": null, "designation": "SD AL-Irsyad Al-Islamiyyah 01 Purwokerto Lokal Utara", "building": null, "name:id": null, "note": null, "phone": null, "wikidata": null, "wikimedia_commons": null, "wikipedia": null, "school:type_idn": null, "layer": null, "type:id": null, "access:roof": null, "addr:full": null, "building:levels": null, "building:roof": null, "building:structure": null, "building:walls": null, "capacity:persons": null, "description": null, "landuse": null, "type": null }, "geometry": { "type": "Polygon", "coordinates": [ [ [ 109.2313729, -7.4212879 ], [ 109.2313159, -7.4212885 ], [ 109.2311426, -7.4212799 ], [ 109.2309907, -7.4212776 ], [ 109.230996, -7.4212616 ], [ 109.231055, -7.4209957 ], [ 109.2313232, -7.421009 ], [ 109.2314431, -7.4210256 ], [ 109.231426, -7.4212994 ], [ 109.2313729, -7.4212879 ] ] ] } },
{ "type": "Feature", "properties": { "element": "way", "id": 211665650, "addr:street": null, "amenity": "school", "name": "SMK Negeri 3 Purwokerto", "int_name": null, "source": "survey", "education": null, "check_date": null, "addr:city": null, "addr:district": null, "addr:housename": null, "addr:neighbourhood": null, "addr:postcode": null, "addr:province": null, "addr:subdistrict": null, "government": null, "grades": null, "internet_access": null, "internet_access:fee": null, "operator": null, "operator:type": null, "religion": null, "start_date": null, "website": null, "addr:housenumber": null, "designation": null, "building": null, "name:id": null, "note": null, "phone": null, "wikidata": null, "wikimedia_commons": null, "wikipedia": null, "school:type_idn": null, "layer": null, "type:id": null, "access:roof": null, "addr:full": null, "building:levels": null, "building:roof": null, "building:structure": null, "building:walls": null, "capacity:persons": null, "description": null, "landuse": null, "type": null }, "geometry": { "type": "Polygon", "coordinates": [ [ [ 109.2321495, -7.413176 ], [ 109.2321549, -7.4128994 ], [ 109.2321468, -7.4127185 ], [ 109.2321655, -7.4126517 ], [ 109.2322056, -7.4125191 ], [ 109.2320528, -7.4124845 ], [ 109.2318891, -7.412434 ], [ 109.2316872, -7.4123737 ], [ 109.2316378, -7.4123564 ], [ 109.2314628, -7.4123168 ], [ 109.231393, -7.4123061 ], [ 109.2313475, -7.4128994 ], [ 109.2313556, -7.4129366 ], [ 109.231372, -7.4130002 ], [ 109.2314052, -7.413136 ], [ 109.2314146, -7.4131946 ], [ 109.2314161, -7.4134062 ], [ 109.2314159, -7.4134327 ], [ 109.2314119, -7.4138277 ], [ 109.231436, -7.4140298 ], [ 109.2314638, -7.4140509 ], [ 109.2315078, -7.4140564 ], [ 109.2319403, -7.4140804 ], [ 109.23212, -7.4140777 ], [ 109.2321495, -7.413176 ] ] ] } },
{ "type": "Feature", "properties": { "element": "way", "id": 211665664, "addr:street": null, "amenity": "school", "name": "SMK Mardikenya", "int_name": null, "source": null, "education": null, "check_date": null, "addr:city": null, "addr:district": null, "addr:housename": null, "addr:neighbourhood": null, "addr:postcode": null, "addr:province": null, "addr:subdistrict": null, "government": null, "grades": null, "internet_access": null, "internet_access:fee": null, "operator": null, "operator:type": null, "religion": null, "start_date": null, "website": null, "addr:housenumber": null, "designation": null, "building": null, "name:id": null, "note": null, "phone": null, "wikidata": null, "wikimedia_commons": null, "wikipedia": null, "school:type_idn": null, "layer": null, "type:id": null, "access:roof": null, "addr:full": null, "building:levels": null, "building:roof": null, "building:structure": null, "building:walls": null, "capacity:persons": null, "description": null, "landuse": null, "type": null }, "geometry": { "type": "Polygon", "coordinates": [ [ [ 109.2367851, -7.4237656 ], [ 109.2367825, -7.4238118 ], [ 109.2367798, -7.4238551 ], [ 109.2367582, -7.4239658 ], [ 109.2367281, -7.4241132 ], [ 109.2366431, -7.4241174 ], [ 109.2363695, -7.4240779 ], [ 109.2359355, -7.4240052 ], [ 109.2360681, -7.4238866 ], [ 109.2361164, -7.4238387 ], [ 109.2361353, -7.4237831 ], [ 109.2361407, -7.4236794 ], [ 109.2361567, -7.4236209 ], [ 109.2361875, -7.4236389 ], [ 109.236253, -7.4236549 ], [ 109.2364902, -7.4236949 ], [ 109.2365062, -7.4236992 ], [ 109.2366443, -7.4237356 ], [ 109.2367851, -7.4237656 ] ] ] } },
{ "type": "Feature", "properties": { "element": "way", "id": 211665670, "addr:street": null, "amenity": "school", "name": "SMK Swagaya 1 Purwokerto", "int_name": null, "source": "survey", "education": null, "check_date": null, "addr:city": null, "addr:district": null, "addr:housename": null, "addr:neighbourhood": null, "addr:postcode": null, "addr:province": null, "addr:subdistrict": null, "government": null, "grades": null, "internet_access": null, "internet_access:fee": null, "operator": null, "operator:type": null, "religion": null, "start_date": null, "website": null, "addr:housenumber": null, "designation": null, "building": null, "name:id": null, "note": null, "phone": null, "wikidata": null, "wikimedia_commons": null, "wikipedia": null, "school:type_idn": null, "layer": null, "type:id": null, "access:roof": null, "addr:full": null, "building:levels": null, "building:roof": null, "building:structure": null, "building:walls": null, "capacity:persons": null, "description": null, "landuse": null, "type": null }, "geometry": { "type": "Polygon", "coordinates": [ [ [ 109.2431408, -7.4223925 ], [ 109.2431005, -7.422342 ], [ 109.243071, -7.4222941 ], [ 109.2430496, -7.4222302 ], [ 109.2430549, -7.4221611 ], [ 109.2431247, -7.4218605 ], [ 109.2431622, -7.4218074 ], [ 109.2431932, -7.4217676 ], [ 109.2435269, -7.4218674 ], [ 109.2435192, -7.4219232 ], [ 109.2434596, -7.4222689 ], [ 109.2434143, -7.4224565 ], [ 109.2431408, -7.4223925 ] ] ] } },
{ "type": "Feature", "properties": { "element": "way", "id": 211665673, "addr:street": null, "amenity": "school", "name": "SMK Kasatrian Purwokerto", "int_name": null, "source": "survey", "education": null, "check_date": null, "addr:city": null, "addr:district": null, "addr:housename": null, "addr:neighbourhood": null, "addr:postcode": null, "addr:province": null, "addr:subdistrict": null, "government": null, "grades": null, "internet_access": null, "internet_access:fee": null, "operator": null, "operator:type": null, "religion": null, "start_date": null, "website": null, "addr:housenumber": null, "designation": null, "building": null, "name:id": null, "note": null, "phone": null, "wikidata": null, "wikimedia_commons": null, "wikipedia": null, "school:type_idn": null, "layer": null, "type:id": null, "access:roof": null, "addr:full": null, "building:levels": null, "building:roof": null, "building:structure": null, "building:walls": null, "capacity:persons": null, "description": null, "landuse": null, "type": null }, "geometry": { "type": "Polygon", "coordinates": [ [ [ 109.2361421, -7.4190408 ], [ 109.2361078, -7.4190251 ], [ 109.236261, -7.4183594 ], [ 109.236846, -7.4184273 ], [ 109.2368329, -7.4184807 ], [ 109.2367776, -7.4187124 ], [ 109.2367202, -7.4189421 ], [ 109.2366592, -7.4191759 ], [ 109.2361421, -7.4190408 ] ] ] } },
{ "type": "Feature", "properties": { "element": "way", "id": 211827662, "addr:street": null, "amenity": "university", "name": "Dentistry Jenderal Sudirman University", "int_name": null, "source": "survey", "education": null, "check_date": null, "addr:city": null, "addr:district": null, "addr:housename": null, "addr:neighbourhood": null, "addr:postcode": null, "addr:province": null, "addr:subdistrict": null, "government": null, "grades": null, "internet_access": null, "internet_access:fee": null, "operator": null, "operator:type": null, "religion": null, "start_date": null, "website": null, "addr:housenumber": null, "designation": "Universitas Jenderal Sudirman Kampus Kalibakal", "building": null, "name:id": null, "note": null, "phone": null, "wikidata": null, "wikimedia_commons": null, "wikipedia": null, "school:type_idn": null, "layer": null, "type:id": null, "access:roof": null, "addr:full": null, "building:levels": null, "building:roof": null, "building:structure": null, "building:walls": null, "capacity:persons": null, "description": null, "landuse": null, "type": null }, "geometry": { "type": "Polygon", "coordinates": [ [ [ 109.255726, -7.4302514 ], [ 109.2553934, -7.430419 ], [ 109.2553412, -7.4303701 ], [ 109.2548916, -7.430469 ], [ 109.2545475, -7.4305192 ], [ 109.2545417, -7.4305253 ], [ 109.2545119, -7.4303689 ], [ 109.2544899, -7.4302869 ], [ 109.2544861, -7.4302389 ], [ 109.2544797, -7.4302111 ], [ 109.255293, -7.4300534 ], [ 109.2554095, -7.4300413 ], [ 109.2555496, -7.429954 ], [ 109.2557726, -7.4301916 ], [ 109.255726, -7.4302514 ] ] ] } },
{ "type": "Feature", "properties": { "element": "way", "id": 211849063, "addr:street": null, "amenity": "school", "name": "SMP Negeri 4 Purwokerto", "int_name": null, "source": "survey", "education": null, "check_date": null, "addr:city": null, "addr:district": null, "addr:housename": null, "addr:neighbourhood": null, "addr:postcode": null, "addr:province": null, "addr:subdistrict": null, "government": null, "grades": null, "internet_access": null, "internet_access:fee": null, "operator": null, "operator:type": null, "religion": null, "start_date": null, "website": null, "addr:housenumber": null, "designation": null, "building": null, "name:id": null, "note": null, "phone": null, "wikidata": null, "wikimedia_commons": null, "wikipedia": null, "school:type_idn": null, "layer": null, "type:id": null, "access:roof": null, "addr:full": null, "building:levels": null, "building:roof": null, "building:structure": null, "building:walls": null, "capacity:persons": null, "description": null, "landuse": null, "type": null }, "geometry": { "type": "Polygon", "coordinates": [ [ [ 109.2016555, -7.4160326 ], [ 109.2017223, -7.4154051 ], [ 109.2017382, -7.4152903 ], [ 109.2017566, -7.415082 ], [ 109.201686, -7.4150758 ], [ 109.2016798, -7.4150731 ], [ 109.2012564, -7.4150225 ], [ 109.2010357, -7.4150017 ], [ 109.2008589, -7.4149774 ], [ 109.2008492, -7.4150427 ], [ 109.2008182, -7.415343 ], [ 109.200766, -7.4158855 ], [ 109.2007534, -7.4160334 ], [ 109.2013897, -7.4160913 ], [ 109.2014997, -7.4161019 ], [ 109.2015831, -7.4160912 ], [ 109.2016206, -7.4160725 ], [ 109.2016555, -7.4160326 ] ] ] } },
{ "type": "Feature", "properties": { "element": "way", "id": 211849088, "addr:street": null, "amenity": "school", "name": "SMP Negeri 1 Purwokerto", "int_name": null, "source": "survey", "education": null, "check_date": null, "addr:city": null, "addr:district": null, "addr:housename": null, "addr:neighbourhood": null, "addr:postcode": null, "addr:province": null, "addr:subdistrict": null, "government": null, "grades": null, "internet_access": null, "internet_access:fee": null, "operator": null, "operator:type": null, "religion": null, "start_date": null, "website": null, "addr:housenumber": null, "designation": null, "building": null, "name:id": null, "note": null, "phone": null, "wikidata": null, "wikimedia_commons": null, "wikipedia": null, "school:type_idn": null, "layer": null, "type:id": null, "access:roof": null, "addr:full": null, "building:levels": null, "building:roof": null, "building:structure": null, "building:walls": null, "capacity:persons": null, "description": null, "landuse": null, "type": null }, "geometry": { "type": "Polygon", "coordinates": [ [ [ 109.2338352, -7.4249801 ], [ 109.2338142, -7.4251425 ], [ 109.2338097, -7.425356 ], [ 109.2338095, -7.4253924 ], [ 109.2337934, -7.4255015 ], [ 109.2337818, -7.4256618 ], [ 109.2337665, -7.4257564 ], [ 109.2337349, -7.4259263 ], [ 109.2335995, -7.4258875 ], [ 109.2335247, -7.4258647 ], [ 109.2333784, -7.42582 ], [ 109.2332819, -7.4257906 ], [ 109.2332439, -7.425779 ], [ 109.2333945, -7.4254851 ], [ 109.2335522, -7.4249507 ], [ 109.2335796, -7.4249118 ], [ 109.2338352, -7.4249801 ] ] ] } },
{ "type": "Feature", "properties": { "element": "way", "id": 211895048, "addr:street": "Kasatrian", "amenity": "school", "name": "SMP Negeri 6 Purwokerto", "int_name": null, "source": "survey", "education": null, "check_date": null, "addr:city": "Purwokerto", "addr:district": null, "addr:housename": null, "addr:neighbourhood": null, "addr:postcode": null, "addr:province": null, "addr:subdistrict": null, "government": null, "grades": null, "internet_access": null, "internet_access:fee": null, "operator": null, "operator:type": "government", "religion": null, "start_date": null, "website": null, "addr:housenumber": null, "designation": null, "building": null, "name:id": null, "note": null, "phone": null, "wikidata": null, "wikimedia_commons": null, "wikipedia": null, "school:type_idn": null, "layer": null, "type:id": null, "access:roof": null, "addr:full": null, "building:levels": null, "building:roof": null, "building:structure": null, "building:walls": null, "capacity:persons": null, "description": null, "landuse": null, "type": null }, "geometry": { "type": "Polygon", "coordinates": [ [ [ 109.2367632, -7.4201529 ], [ 109.2364409, -7.420085 ], [ 109.2363292, -7.420542 ], [ 109.2366264, -7.4206264 ], [ 109.2367731, -7.4207391 ], [ 109.2368021, -7.4207612 ], [ 109.236823, -7.4207172 ], [ 109.2368602, -7.4207344 ], [ 109.2369222, -7.4205673 ], [ 109.2369891, -7.4204027 ], [ 109.2370709, -7.4203167 ], [ 109.2371103, -7.42024 ], [ 109.2370421, -7.4202141 ], [ 109.2367632, -7.4201529 ] ] ] } },
{ "type": "Feature", "properties": { "element": "way", "id": 211895078, "addr:street": null, "amenity": "school", "name": "SMP Negeri 9 Purwokerto", "int_name": null, "source": "survey", "education": null, "check_date": null, "addr:city": null, "addr:district": null, "addr:housename": null, "addr:neighbourhood": null, "addr:postcode": null, "addr:province": null, "addr:subdistrict": null, "government": null, "grades": null, "internet_access": null, "internet_access:fee": null, "operator": null, "operator:type": null, "religion": null, "start_date": null, "website": null, "addr:housenumber": null, "designation": null, "building": null, "name:id": null, "note": null, "phone": null, "wikidata": null, "wikimedia_commons": null, "wikipedia": null, "school:type_idn": null, "layer": null, "type:id": null, "access:roof": null, "addr:full": null, "building:levels": null, "building:roof": null, "building:structure": null, "building:walls": null, "capacity:persons": null, "description": null, "landuse": null, "type": null }, "geometry": { "type": "Polygon", "coordinates": [ [ [ 109.2410221, -7.4036433 ], [ 109.2408829, -7.4036156 ], [ 109.2406872, -7.4035766 ], [ 109.2402243, -7.4034844 ], [ 109.2401981, -7.4034792 ], [ 109.2401193, -7.4034635 ], [ 109.2400182, -7.4034434 ], [ 109.2401226, -7.4026438 ], [ 109.2401968, -7.4026615 ], [ 109.2402951, -7.4026837 ], [ 109.2411428, -7.4028507 ], [ 109.2411344, -7.4029139 ], [ 109.2410393, -7.4035286 ], [ 109.2410361, -7.4035492 ], [ 109.2410345, -7.4035597 ], [ 109.2410221, -7.4036433 ] ] ] } },
{ "type": "Feature", "properties": { "element": "way", "id": 211903644, "addr:street": null, "amenity": "school", "name": "SMP Al-Irsyad Purwokerto", "int_name": null, "source": null, "education": null, "check_date": null, "addr:city": null, "addr:district": null, "addr:housename": null, "addr:neighbourhood": null, "addr:postcode": null, "addr:province": null, "addr:subdistrict": null, "government": null, "grades": null, "internet_access": null, "internet_access:fee": null, "operator": null, "operator:type": null, "religion": "muslim", "start_date": null, "website": null, "addr:housenumber": null, "designation": null, "building": null, "name:id": null, "note": null, "phone": null, "wikidata": null, "wikimedia_commons": null, "wikipedia": null, "school:type_idn": null, "layer": null, "type:id": null, "access:roof": null, "addr:full": null, "building:levels": null, "building:roof": null, "building:structure": null, "building:walls": null, "capacity:persons": null, "description": null, "landuse": null, "type": null }, "geometry": { "type": "Polygon", "coordinates": [ [ [ 109.2425261, -7.4193383 ], [ 109.2424741, -7.4195991 ], [ 109.2424619, -7.4196603 ], [ 109.2427435, -7.4197155 ], [ 109.2427536, -7.419665 ], [ 109.2428271, -7.4192959 ], [ 109.2428194, -7.4192944 ], [ 109.2425455, -7.4192408 ], [ 109.2425446, -7.4192453 ], [ 109.2425261, -7.4193383 ] ] ] } },
{ "type": "Feature", "properties": { "element": "way", "id": 211903649, "addr:street": null, "amenity": "school", "name": "SD Al-Irsyad Al-Islamiyyah 02 Purwokerto", "int_name": null, "source": "Wikimapia", "education": null, "check_date": null, "addr:city": null, "addr:district": null, "addr:housename": null, "addr:neighbourhood": null, "addr:postcode": null, "addr:province": null, "addr:subdistrict": null, "government": null, "grades": null, "internet_access": null, "internet_access:fee": null, "operator": null, "operator:type": null, "religion": "muslim", "start_date": null, "website": null, "addr:housenumber": null, "designation": "SD AL-Irsyad Al-Islamiyyah 02 Purwokerto Lokal Selatan", "building": null, "name:id": null, "note": null, "phone": null, "wikidata": null, "wikimedia_commons": null, "wikipedia": null, "school:type_idn": null, "layer": null, "type:id": null, "access:roof": null, "addr:full": null, "building:levels": null, "building:roof": null, "building:structure": null, "building:walls": null, "capacity:persons": null, "description": null, "landuse": null, "type": null }, "geometry": { "type": "Polygon", "coordinates": [ [ [ 109.2428615, -7.4191076 ], [ 109.2425923, -7.4190538 ], [ 109.2425854, -7.4190722 ], [ 109.2425508, -7.4192374 ], [ 109.2428197, -7.4192928 ], [ 109.2428545, -7.4191267 ], [ 109.2428615, -7.4191076 ] ] ] } },
{ "type": "Feature", "properties": { "element": "way", "id": 211903652, "addr:street": null, "amenity": "school", "name": "SMP Bruderan Purwokerto", "int_name": null, "source": "survey", "education": null, "check_date": null, "addr:city": null, "addr:district": null, "addr:housename": null, "addr:neighbourhood": null, "addr:postcode": null, "addr:province": null, "addr:subdistrict": null, "government": null, "grades": null, "internet_access": null, "internet_access:fee": null, "operator": null, "operator:type": null, "religion": "christian", "start_date": null, "website": null, "addr:housenumber": null, "designation": null, "building": null, "name:id": null, "note": null, "phone": null, "wikidata": null, "wikimedia_commons": null, "wikipedia": null, "school:type_idn": null, "layer": null, "type:id": null, "access:roof": null, "addr:full": null, "building:levels": null, "building:roof": null, "building:structure": null, "building:walls": null, "capacity:persons": null, "description": null, "landuse": null, "type": null }, "geometry": { "type": "Polygon", "coordinates": [ [ [ 109.2318533, -7.4202204 ], [ 109.2322606, -7.4203173 ], [ 109.232356, -7.4199771 ], [ 109.2323314, -7.4199708 ], [ 109.2323555, -7.4198799 ], [ 109.2323578, -7.4198711 ], [ 109.2323743, -7.4197793 ], [ 109.2323512, -7.4197693 ], [ 109.2320289, -7.4196516 ], [ 109.2318533, -7.4202204 ] ] ] } },
{ "type": "Feature", "properties": { "element": "way", "id": 211912690, "addr:street": null, "amenity": "school", "name": "SMP Muhammadiyah 3 Purwokerto", "int_name": null, "source": "survey", "education": null, "check_date": null, "addr:city": null, "addr:district": null, "addr:housename": null, "addr:neighbourhood": null, "addr:postcode": null, "addr:province": null, "addr:subdistrict": null, "government": null, "grades": null, "internet_access": null, "internet_access:fee": null, "operator": null, "operator:type": null, "religion": "muslim", "start_date": null, "website": null, "addr:housenumber": null, "designation": null, "building": null, "name:id": null, "note": null, "phone": null, "wikidata": null, "wikimedia_commons": null, "wikipedia": null, "school:type_idn": null, "layer": null, "type:id": null, "access:roof": null, "addr:full": null, "building:levels": null, "building:roof": null, "building:structure": null, "building:walls": null, "capacity:persons": null, "description": null, "landuse": null, "type": null }, "geometry": { "type": "Polygon", "coordinates": [ [ [ 109.2429854, -7.4155192 ], [ 109.2425583, -7.4153741 ], [ 109.2418599, -7.415164 ], [ 109.241828, -7.415276 ], [ 109.2422089, -7.415401 ], [ 109.2421257, -7.4156856 ], [ 109.2424315, -7.4157787 ], [ 109.2424476, -7.4157308 ], [ 109.2428553, -7.4158692 ], [ 109.2428821, -7.415784 ], [ 109.2429854, -7.4155192 ] ] ] } },
{ "type": "Feature", "properties": { "element": "way", "id": 211912739, "addr:street": null, "amenity": "school", "name": "MTs Negeri Purwokerto", "int_name": null, "source": "survey", "education": null, "check_date": null, "addr:city": null, "addr:district": null, "addr:housename": null, "addr:neighbourhood": null, "addr:postcode": null, "addr:province": null, "addr:subdistrict": null, "government": null, "grades": null, "internet_access": null, "internet_access:fee": null, "operator": null, "operator:type": null, "religion": "muslim", "start_date": null, "website": null, "addr:housenumber": null, "designation": null, "building": null, "name:id": null, "note": null, "phone": null, "wikidata": null, "wikimedia_commons": null, "wikipedia": null, "school:type_idn": null, "layer": null, "type:id": null, "access:roof": null, "addr:full": null, "building:levels": null, "building:roof": null, "building:structure": null, "building:walls": null, "capacity:persons": null, "description": null, "landuse": null, "type": null }, "geometry": { "type": "Polygon", "coordinates": [ [ [ 109.258293, -7.4307982 ], [ 109.2583118, -7.4314897 ], [ 109.257865, -7.4315463 ], [ 109.2578378, -7.4315498 ], [ 109.2577807, -7.4315589 ], [ 109.2577604, -7.431696 ], [ 109.2577457, -7.4318355 ], [ 109.2575636, -7.4320144 ], [ 109.2575293, -7.4319831 ], [ 109.2575134, -7.431967 ], [ 109.2574947, -7.4319497 ], [ 109.2574671, -7.4319212 ], [ 109.2573951, -7.4318502 ], [ 109.2573361, -7.4317943 ], [ 109.2572075, -7.4316524 ], [ 109.2569116, -7.4313461 ], [ 109.2569012, -7.4313345 ], [ 109.2569789, -7.4312717 ], [ 109.2570661, -7.4311929 ], [ 109.257016, -7.4311469 ], [ 109.2576973, -7.4305323 ], [ 109.2577283, -7.4306268 ], [ 109.2577646, -7.4307371 ], [ 109.2578087, -7.4308715 ], [ 109.257844, -7.4308662 ], [ 109.258293, -7.4307982 ] ] ] } },
{ "type": "Feature", "properties": { "element": "way", "id": 211912761, "addr:street": null, "amenity": "school", "name": "MI Negeri Purwokerto", "int_name": null, "source": "survey", "education": null, "check_date": null, "addr:city": null, "addr:district": null, "addr:housename": null, "addr:neighbourhood": null, "addr:postcode": null, "addr:province": null, "addr:subdistrict": null, "government": null, "grades": null, "internet_access": null, "internet_access:fee": null, "operator": null, "operator:type": null, "religion": "muslim", "start_date": null, "website": null, "addr:housenumber": null, "designation": null, "building": null, "name:id": null, "note": null, "phone": null, "wikidata": null, "wikimedia_commons": null, "wikipedia": null, "school:type_idn": null, "layer": null, "type:id": null, "access:roof": null, "addr:full": null, "building:levels": null, "building:roof": null, "building:structure": null, "building:walls": null, "capacity:persons": null, "description": null, "landuse": null, "type": null }, "geometry": { "type": "Polygon", "coordinates": [ [ [ 109.2550125, -7.4248297 ], [ 109.255221, -7.4247825 ], [ 109.2551343, -7.424381 ], [ 109.2549578, -7.4244367 ], [ 109.2550125, -7.4248297 ] ] ] } },
{ "type": "Feature", "properties": { "element": "way", "id": 211918140, "addr:street": null, "amenity": "school", "name": "SD Al-Irsyad Al-Islamiyyah 02 Purwokerto", "int_name": null, "source": "Wikimapia", "education": null, "check_date": null, "addr:city": null, "addr:district": null, "addr:housename": null, "addr:neighbourhood": null, "addr:postcode": null, "addr:province": null, "addr:subdistrict": null, "government": null, "grades": null, "internet_access": null, "internet_access:fee": null, "operator": null, "operator:type": null, "religion": "muslim", "start_date": null, "website": null, "addr:housenumber": null, "designation": "SD AL-Irsyad Al-Islamiyyah 02 Purwokerto Lokal Utara", "building": null, "name:id": null, "note": null, "phone": null, "wikidata": null, "wikimedia_commons": null, "wikipedia": null, "school:type_idn": null, "layer": null, "type:id": null, "access:roof": null, "addr:full": null, "building:levels": null, "building:roof": null, "building:structure": null, "building:walls": null, "capacity:persons": null, "description": null, "landuse": null, "type": null }, "geometry": { "type": "Polygon", "coordinates": [ [ [ 109.2427183, -7.4180717 ], [ 109.2426664, -7.4183908 ], [ 109.243283, -7.4185164 ], [ 109.2433216, -7.4182039 ], [ 109.2427183, -7.4180717 ] ] ] } },
{ "type": "Feature", "properties": { "element": "way", "id": 216026615, "addr:street": null, "amenity": "school", "name": "SDN Klahang 1, Sokaraja, Banyumas", "int_name": null, "source": null, "education": null, "check_date": null, "addr:city": null, "addr:district": null, "addr:housename": null, "addr:neighbourhood": null, "addr:postcode": null, "addr:province": null, "addr:subdistrict": null, "government": null, "grades": null, "internet_access": null, "internet_access:fee": null, "operator": null, "operator:type": null, "religion": null, "start_date": null, "website": null, "addr:housenumber": null, "designation": null, "building": null, "name:id": null, "note": null, "phone": null, "wikidata": null, "wikimedia_commons": null, "wikipedia": null, "school:type_idn": null, "layer": null, "type:id": null, "access:roof": null, "addr:full": null, "building:levels": null, "building:roof": null, "building:structure": null, "building:walls": null, "capacity:persons": null, "description": null, "landuse": null, "type": null }, "geometry": { "type": "Polygon", "coordinates": [ [ [ 109.3149377, -7.4431211 ], [ 109.3149253, -7.4429457 ], [ 109.3153507, -7.4429161 ], [ 109.315368, -7.4431597 ], [ 109.3150902, -7.443179 ], [ 109.3150822, -7.4430651 ], [ 109.3152292, -7.4430549 ], [ 109.3152267, -7.4430194 ], [ 109.3150392, -7.4430325 ], [ 109.315045, -7.4431136 ], [ 109.3149377, -7.4431211 ] ] ] } },
{ "type": "Feature", "properties": { "element": "way", "id": 217299373, "addr:street": null, "amenity": "school", "name": null, "int_name": null, "source": null, "education": null, "check_date": null, "addr:city": null, "addr:district": null, "addr:housename": null, "addr:neighbourhood": null, "addr:postcode": null, "addr:province": null, "addr:subdistrict": null, "government": null, "grades": null, "internet_access": null, "internet_access:fee": null, "operator": null, "operator:type": null, "religion": null, "start_date": null, "website": null, "addr:housenumber": null, "designation": null, "building": "yes", "name:id": null, "note": null, "phone": null, "wikidata": null, "wikimedia_commons": null, "wikipedia": null, "school:type_idn": null, "layer": null, "type:id": null, "access:roof": null, "addr:full": null, "building:levels": null, "building:roof": null, "building:structure": null, "building:walls": null, "capacity:persons": null, "description": null, "landuse": null, "type": null }, "geometry": { "type": "Polygon", "coordinates": [ [ [ 109.3188464, -7.4414511 ], [ 109.3189366, -7.4414449 ], [ 109.3189565, -7.4417303 ], [ 109.3188577, -7.4417371 ], [ 109.3188499, -7.4416259 ], [ 109.3188096, -7.4416286 ], [ 109.3188044, -7.4415546 ], [ 109.3188534, -7.4415512 ], [ 109.3188464, -7.4414511 ] ] ] } },
{ "type": "Feature", "properties": { "element": "way", "id": 217299374, "addr:street": null, "amenity": "school", "name": null, "int_name": null, "source": null, "education": null, "check_date": null, "addr:city": null, "addr:district": null, "addr:housename": null, "addr:neighbourhood": null, "addr:postcode": null, "addr:province": null, "addr:subdistrict": null, "government": null, "grades": null, "internet_access": null, "internet_access:fee": null, "operator": null, "operator:type": null, "religion": null, "start_date": null, "website": null, "addr:housenumber": null, "designation": null, "building": "yes", "name:id": null, "note": null, "phone": null, "wikidata": null, "wikimedia_commons": null, "wikipedia": null, "school:type_idn": null, "layer": null, "type:id": null, "access:roof": null, "addr:full": null, "building:levels": null, "building:roof": null, "building:structure": null, "building:walls": null, "capacity:persons": null, "description": null, "landuse": null, "type": null }, "geometry": { "type": "Polygon", "coordinates": [ [ [ 109.3188713, -7.4411287 ], [ 109.3188338, -7.4411952 ], [ 109.3189035, -7.4412351 ], [ 109.3189491, -7.4411526 ], [ 109.3188713, -7.4411287 ] ] ] } },
{ "type": "Feature", "properties": { "element": "way", "id": 217299375, "addr:street": null, "amenity": "school", "name": null, "int_name": null, "source": null, "education": null, "check_date": null, "addr:city": null, "addr:district": null, "addr:housename": null, "addr:neighbourhood": null, "addr:postcode": null, "addr:province": null, "addr:subdistrict": null, "government": null, "grades": null, "internet_access": null, "internet_access:fee": null, "operator": null, "operator:type": null, "religion": null, "start_date": null, "website": null, "addr:housenumber": null, "designation": null, "building": "yes", "name:id": null, "note": null, "phone": null, "wikidata": null, "wikimedia_commons": null, "wikipedia": null, "school:type_idn": null, "layer": null, "type:id": null, "access:roof": null, "addr:full": null, "building:levels": null, "building:roof": null, "building:structure": null, "building:walls": null, "capacity:persons": null, "description": null, "landuse": null, "type": null }, "geometry": { "type": "Polygon", "coordinates": [ [ [ 109.3192775, -7.4414371 ], [ 109.3193742, -7.4414347 ], [ 109.3193851, -7.4418707 ], [ 109.3192885, -7.4418731 ], [ 109.3192775, -7.4414371 ] ] ] } },
{ "type": "Feature", "properties": { "element": "way", "id": 217299376, "addr:street": null, "amenity": "school", "name": null, "int_name": null, "source": null, "education": null, "check_date": null, "addr:city": null, "addr:district": null, "addr:housename": null, "addr:neighbourhood": null, "addr:postcode": null, "addr:province": null, "addr:subdistrict": null, "government": null, "grades": null, "internet_access": null, "internet_access:fee": null, "operator": null, "operator:type": null, "religion": null, "start_date": null, "website": null, "addr:housenumber": null, "designation": null, "building": "yes", "name:id": null, "note": null, "phone": null, "wikidata": null, "wikimedia_commons": null, "wikipedia": null, "school:type_idn": null, "layer": null, "type:id": null, "access:roof": null, "addr:full": null, "building:levels": null, "building:roof": null, "building:structure": null, "building:walls": null, "capacity:persons": null, "description": null, "landuse": null, "type": null }, "geometry": { "type": "Polygon", "coordinates": [ [ [ 109.3191477, -7.4417423 ], [ 109.3192334, -7.4417376 ], [ 109.3192438, -7.4419267 ], [ 109.3191581, -7.4419313 ], [ 109.3191477, -7.4417423 ] ] ] } },
{ "type": "Feature", "properties": { "element": "way", "id": 217299377, "addr:street": null, "amenity": "school", "name": null, "int_name": null, "source": null, "education": null, "check_date": null, "addr:city": null, "addr:district": null, "addr:housename": null, "addr:neighbourhood": null, "addr:postcode": null, "addr:province": null, "addr:subdistrict": null, "government": null, "grades": null, "internet_access": null, "internet_access:fee": null, "operator": null, "operator:type": null, "religion": null, "start_date": null, "website": null, "addr:housenumber": null, "designation": null, "building": "yes", "name:id": null, "note": null, "phone": null, "wikidata": null, "wikimedia_commons": null, "wikipedia": null, "school:type_idn": null, "layer": null, "type:id": null, "access:roof": null, "addr:full": null, "building:levels": null, "building:roof": null, "building:structure": null, "building:walls": null, "capacity:persons": null, "description": null, "landuse": null, "type": null }, "geometry": { "type": "Polygon", "coordinates": [ [ [ 109.3189112, -7.4419809 ], [ 109.3190037, -7.4419758 ], [ 109.319007, -7.4420343 ], [ 109.3191526, -7.4420262 ], [ 109.3191481, -7.4419469 ], [ 109.3192539, -7.441941 ], [ 109.3192638, -7.4421166 ], [ 109.31892, -7.4421356 ], [ 109.3189112, -7.4419809 ] ] ] } },
{ "type": "Feature", "properties": { "element": "way", "id": 217299378, "addr:street": null, "amenity": "school", "name": null, "int_name": null, "source": null, "education": null, "check_date": null, "addr:city": null, "addr:district": null, "addr:housename": null, "addr:neighbourhood": null, "addr:postcode": null, "addr:province": null, "addr:subdistrict": null, "government": null, "grades": null, "internet_access": null, "internet_access:fee": null, "operator": null, "operator:type": null, "religion": null, "start_date": null, "website": null, "addr:housenumber": null, "designation": null, "building": "yes", "name:id": null, "note": null, "phone": null, "wikidata": null, "wikimedia_commons": null, "wikipedia": null, "school:type_idn": null, "layer": null, "type:id": null, "access:roof": null, "addr:full": null, "building:levels": null, "building:roof": null, "building:structure": null, "building:walls": null, "capacity:persons": null, "description": null, "landuse": null, "type": null }, "geometry": { "type": "Polygon", "coordinates": [ [ [ 109.3190199, -7.441765 ], [ 109.3191275, -7.4417559 ], [ 109.3191438, -7.4419458 ], [ 109.3190362, -7.4419549 ], [ 109.3190199, -7.441765 ] ] ] } },
{ "type": "Feature", "properties": { "element": "way", "id": 217299379, "addr:street": null, "amenity": "school", "name": null, "int_name": null, "source": null, "education": null, "check_date": null, "addr:city": null, "addr:district": null, "addr:housename": null, "addr:neighbourhood": null, "addr:postcode": null, "addr:province": null, "addr:subdistrict": null, "government": null, "grades": null, "internet_access": null, "internet_access:fee": null, "operator": null, "operator:type": null, "religion": null, "start_date": null, "website": null, "addr:housenumber": null, "designation": null, "building": "yes", "name:id": null, "note": null, "phone": null, "wikidata": null, "wikimedia_commons": null, "wikipedia": null, "school:type_idn": null, "layer": null, "type:id": null, "access:roof": null, "addr:full": null, "building:levels": null, "building:roof": null, "building:structure": null, "building:walls": null, "capacity:persons": null, "description": null, "landuse": null, "type": null }, "geometry": { "type": "Polygon", "coordinates": [ [ [ 109.3189956, -7.4411445 ], [ 109.3190939, -7.441134 ], [ 109.31911, -7.4414 ], [ 109.3190135, -7.4414106 ], [ 109.3189956, -7.4411445 ] ] ] } },
{ "type": "Feature", "properties": { "element": "way", "id": 217299380, "addr:street": null, "amenity": "school", "name": "SMP N 2 Sokaraja", "int_name": null, "source": null, "education": null, "check_date": null, "addr:city": null, "addr:district": null, "addr:housename": null, "addr:neighbourhood": null, "addr:postcode": null, "addr:province": null, "addr:subdistrict": null, "government": null, "grades": null, "internet_access": null, "internet_access:fee": null, "operator": null, "operator:type": null, "religion": null, "start_date": null, "website": null, "addr:housenumber": null, "designation": null, "building": null, "name:id": null, "note": null, "phone": null, "wikidata": null, "wikimedia_commons": null, "wikipedia": null, "school:type_idn": null, "layer": null, "type:id": null, "access:roof": null, "addr:full": null, "building:levels": null, "building:roof": null, "building:structure": null, "building:walls": null, "capacity:persons": null, "description": null, "landuse": null, "type": null }, "geometry": { "type": "Polygon", "coordinates": [ [ [ 109.3186506, -7.4411029 ], [ 109.319407, -7.4410869 ], [ 109.3194043, -7.4421268 ], [ 109.3186881, -7.4421747 ], [ 109.3186506, -7.4411029 ] ] ] } },
{ "type": "Feature", "properties": { "element": "way", "id": 217299381, "addr:street": null, "amenity": "school", "name": null, "int_name": null, "source": null, "education": null, "check_date": null, "addr:city": null, "addr:district": null, "addr:housename": null, "addr:neighbourhood": null, "addr:postcode": null, "addr:province": null, "addr:subdistrict": null, "government": null, "grades": null, "internet_access": null, "internet_access:fee": null, "operator": null, "operator:type": null, "religion": null, "start_date": null, "website": null, "addr:housenumber": null, "designation": null, "building": "yes", "name:id": null, "note": null, "phone": null, "wikidata": null, "wikimedia_commons": null, "wikipedia": null, "school:type_idn": null, "layer": null, "type:id": null, "access:roof": null, "addr:full": null, "building:levels": null, "building:roof": null, "building:structure": null, "building:walls": null, "capacity:persons": null, "description": null, "landuse": null, "type": null }, "geometry": { "type": "Polygon", "coordinates": [ [ [ 109.3186943, -7.4411234 ], [ 109.318823, -7.4411207 ], [ 109.318823, -7.4412191 ], [ 109.3186916, -7.4412244 ], [ 109.3186943, -7.4411234 ] ] ] } },
{ "type": "Feature", "properties": { "element": "way", "id": 217299382, "addr:street": null, "amenity": "school", "name": null, "int_name": null, "source": null, "education": null, "check_date": null, "addr:city": null, "addr:district": null, "addr:housename": null, "addr:neighbourhood": null, "addr:postcode": null, "addr:province": null, "addr:subdistrict": null, "government": null, "grades": null, "internet_access": null, "internet_access:fee": null, "operator": null, "operator:type": null, "religion": null, "start_date": null, "website": null, "addr:housenumber": null, "designation": null, "building": "yes", "name:id": null, "note": null, "phone": null, "wikidata": null, "wikimedia_commons": null, "wikipedia": null, "school:type_idn": null, "layer": null, "type:id": null, "access:roof": null, "addr:full": null, "building:levels": null, "building:roof": null, "building:structure": null, "building:walls": null, "capacity:persons": null, "description": null, "landuse": null, "type": null }, "geometry": { "type": "Polygon", "coordinates": [ [ [ 109.3192921, -7.4419342 ], [ 109.3193806, -7.4419322 ], [ 109.3193839, -7.4420759 ], [ 109.3192954, -7.4420779 ], [ 109.3192921, -7.4419342 ] ] ] } },
{ "type": "Feature", "properties": { "element": "way", "id": 217299383, "addr:street": null, "amenity": "school", "name": null, "int_name": null, "source": null, "education": null, "check_date": null, "addr:city": null, "addr:district": null, "addr:housename": null, "addr:neighbourhood": null, "addr:postcode": null, "addr:province": null, "addr:subdistrict": null, "government": null, "grades": null, "internet_access": null, "internet_access:fee": null, "operator": null, "operator:type": null, "religion": null, "start_date": null, "website": null, "addr:housenumber": null, "designation": null, "building": "yes", "name:id": null, "note": null, "phone": null, "wikidata": null, "wikimedia_commons": null, "wikipedia": null, "school:type_idn": null, "layer": null, "type:id": null, "access:roof": null, "addr:full": null, "building:levels": null, "building:roof": null, "building:structure": null, "building:walls": null, "capacity:persons": null, "description": null, "landuse": null, "type": null }, "geometry": { "type": "Polygon", "coordinates": [ [ [ 109.318876, -7.4417631 ], [ 109.3189861, -7.4417577 ], [ 109.3189954, -7.4419425 ], [ 109.3188853, -7.4419479 ], [ 109.318876, -7.4417631 ] ] ] } },
{ "type": "Feature", "properties": { "element": "way", "id": 217299384, "addr:street": null, "amenity": "school", "name": null, "int_name": null, "source": null, "education": null, "check_date": null, "addr:city": null, "addr:district": null, "addr:housename": null, "addr:neighbourhood": null, "addr:postcode": null, "addr:province": null, "addr:subdistrict": null, "government": null, "grades": null, "internet_access": null, "internet_access:fee": null, "operator": null, "operator:type": null, "religion": null, "start_date": null, "website": null, "addr:housenumber": null, "designation": null, "building": "yes", "name:id": null, "note": null, "phone": null, "wikidata": null, "wikimedia_commons": null, "wikipedia": null, "school:type_idn": null, "layer": null, "type:id": null, "access:roof": null, "addr:full": null, "building:levels": null, "building:roof": null, "building:structure": null, "building:walls": null, "capacity:persons": null, "description": null, "landuse": null, "type": null }, "geometry": { "type": "Polygon", "coordinates": [ [ [ 109.3188499, -7.4412829 ], [ 109.3189437, -7.4412803 ], [ 109.3189545, -7.4414133 ], [ 109.3188552, -7.4414212 ], [ 109.3188499, -7.4412829 ] ] ] } },
{ "type": "Feature", "properties": { "element": "way", "id": 217299385, "addr:street": null, "amenity": "school", "name": null, "int_name": null, "source": null, "education": null, "check_date": null, "addr:city": null, "addr:district": null, "addr:housename": null, "addr:neighbourhood": null, "addr:postcode": null, "addr:province": null, "addr:subdistrict": null, "government": null, "grades": null, "internet_access": null, "internet_access:fee": null, "operator": null, "operator:type": null, "religion": null, "start_date": null, "website": null, "addr:housenumber": null, "designation": null, "building": "yes", "name:id": null, "note": null, "phone": null, "wikidata": null, "wikimedia_commons": null, "wikipedia": null, "school:type_idn": null, "layer": null, "type:id": null, "access:roof": null, "addr:full": null, "building:levels": null, "building:roof": null, "building:structure": null, "building:walls": null, "capacity:persons": null, "description": null, "landuse": null, "type": null }, "geometry": { "type": "Polygon", "coordinates": [ [ [ 109.3191288, -7.4411074 ], [ 109.3192227, -7.4411047 ], [ 109.3192388, -7.441392 ], [ 109.3191342, -7.4414079 ], [ 109.3191288, -7.4411074 ] ] ] } },
{ "type": "Feature", "properties": { "element": "way", "id": 217299386, "addr:street": null, "amenity": "school", "name": null, "int_name": null, "source": null, "education": null, "check_date": null, "addr:city": null, "addr:district": null, "addr:housename": null, "addr:neighbourhood": null, "addr:postcode": null, "addr:province": null, "addr:subdistrict": null, "government": null, "grades": null, "internet_access": null, "internet_access:fee": null, "operator": null, "operator:type": null, "religion": null, "start_date": null, "website": null, "addr:housenumber": null, "designation": null, "building": "yes", "name:id": null, "note": null, "phone": null, "wikidata": null, "wikimedia_commons": null, "wikipedia": null, "school:type_idn": null, "layer": null, "type:id": null, "access:roof": null, "addr:full": null, "building:levels": null, "building:roof": null, "building:structure": null, "building:walls": null, "capacity:persons": null, "description": null, "landuse": null, "type": null }, "geometry": { "type": "Polygon", "coordinates": [ [ [ 109.3192576, -7.4411234 ], [ 109.3193675, -7.4411207 ], [ 109.3193783, -7.4413813 ], [ 109.3192737, -7.4413946 ], [ 109.3192576, -7.4411234 ] ] ] } },
{ "type": "Feature", "properties": { "element": "way", "id": 219203805, "addr:street": null, "amenity": "school", "name": null, "int_name": null, "source": null, "education": null, "check_date": null, "addr:city": null, "addr:district": null, "addr:housename": null, "addr:neighbourhood": null, "addr:postcode": null, "addr:province": null, "addr:subdistrict": null, "government": null, "grades": null, "internet_access": null, "internet_access:fee": null, "operator": null, "operator:type": null, "religion": null, "start_date": null, "website": null, "addr:housenumber": null, "designation": null, "building": null, "name:id": null, "note": null, "phone": null, "wikidata": null, "wikimedia_commons": null, "wikipedia": null, "school:type_idn": null, "layer": null, "type:id": null, "access:roof": null, "addr:full": null, "building:levels": null, "building:roof": null, "building:structure": null, "building:walls": null, "capacity:persons": null, "description": null, "landuse": null, "type": null }, "geometry": { "type": "Polygon", "coordinates": [ [ [ 109.3027326, -7.443512 ], [ 109.303204, -7.4434417 ], [ 109.3032525, -7.4437614 ], [ 109.3027811, -7.4438318 ], [ 109.3027326, -7.443512 ] ] ] } },
{ "type": "Feature", "properties": { "element": "way", "id": 219612472, "addr:street": null, "amenity": "school", "name": "SDN Grendeng", "int_name": null, "source": null, "education": null, "check_date": null, "addr:city": null, "addr:district": null, "addr:housename": null, "addr:neighbourhood": null, "addr:postcode": null, "addr:province": null, "addr:subdistrict": null, "government": null, "grades": null, "internet_access": null, "internet_access:fee": null, "operator": null, "operator:type": null, "religion": null, "start_date": null, "website": null, "addr:housenumber": null, "designation": null, "building": null, "name:id": null, "note": null, "phone": null, "wikidata": null, "wikimedia_commons": null, "wikipedia": null, "school:type_idn": null, "layer": null, "type:id": null, "access:roof": null, "addr:full": null, "building:levels": null, "building:roof": null, "building:structure": null, "building:walls": null, "capacity:persons": null, "description": null, "landuse": null, "type": null }, "geometry": { "type": "Polygon", "coordinates": [ [ [ 109.2490929, -7.4018069 ], [ 109.2493381, -7.4018177 ], [ 109.2494222, -7.4018214 ], [ 109.249452, -7.4018227 ], [ 109.2494319, -7.4022739 ], [ 109.2490728, -7.4022582 ], [ 109.2490929, -7.4018069 ] ] ] } },
{ "type": "Feature", "properties": { "element": "way", "id": 220191546, "addr:street": null, "amenity": "school", "name": null, "int_name": null, "source": null, "education": null, "check_date": null, "addr:city": null, "addr:district": null, "addr:housename": null, "addr:neighbourhood": null, "addr:postcode": null, "addr:province": null, "addr:subdistrict": null, "government": null, "grades": null, "internet_access": null, "internet_access:fee": null, "operator": null, "operator:type": null, "religion": null, "start_date": null, "website": null, "addr:housenumber": null, "designation": null, "building": null, "name:id": null, "note": null, "phone": null, "wikidata": null, "wikimedia_commons": null, "wikipedia": null, "school:type_idn": null, "layer": null, "type:id": null, "access:roof": null, "addr:full": null, "building:levels": null, "building:roof": null, "building:structure": null, "building:walls": null, "capacity:persons": null, "description": null, "landuse": null, "type": null }, "geometry": { "type": "Polygon", "coordinates": [ [ [ 109.3070604, -7.4214377 ], [ 109.3066366, -7.4215494 ], [ 109.3065991, -7.4214323 ], [ 109.3070336, -7.4213419 ], [ 109.3070604, -7.4214377 ] ] ] } },
{ "type": "Feature", "properties": { "element": "way", "id": 220191547, "addr:street": null, "amenity": "school", "name": null, "int_name": null, "source": null, "education": null, "check_date": null, "addr:city": null, "addr:district": null, "addr:housename": null, "addr:neighbourhood": null, "addr:postcode": null, "addr:province": null, "addr:subdistrict": null, "government": null, "grades": null, "internet_access": null, "internet_access:fee": null, "operator": null, "operator:type": null, "religion": null, "start_date": null, "website": null, "addr:housenumber": null, "designation": null, "building": null, "name:id": null, "note": null, "phone": null, "wikidata": null, "wikimedia_commons": null, "wikipedia": null, "school:type_idn": null, "layer": null, "type:id": null, "access:roof": null, "addr:full": null, "building:levels": null, "building:roof": null, "building:structure": null, "building:walls": null, "capacity:persons": null, "description": null, "landuse": null, "type": null }, "geometry": { "type": "Polygon", "coordinates": [ [ [ 109.3065564, -7.4214159 ], [ 109.3071731, -7.4212887 ], [ 109.3072538, -7.4217137 ], [ 109.3066637, -7.4218361 ], [ 109.3065564, -7.4214159 ] ] ] } },
{ "type": "Feature", "properties": { "element": "way", "id": 220191548, "addr:street": null, "amenity": "school", "name": null, "int_name": null, "source": null, "education": null, "check_date": null, "addr:city": null, "addr:district": null, "addr:housename": null, "addr:neighbourhood": null, "addr:postcode": null, "addr:province": null, "addr:subdistrict": null, "government": null, "grades": null, "internet_access": null, "internet_access:fee": null, "operator": null, "operator:type": null, "religion": null, "start_date": null, "website": null, "addr:housenumber": null, "designation": null, "building": null, "name:id": null, "note": null, "phone": null, "wikidata": null, "wikimedia_commons": null, "wikipedia": null, "school:type_idn": null, "layer": null, "type:id": null, "access:roof": null, "addr:full": null, "building:levels": null, "building:roof": null, "building:structure": null, "building:walls": null, "capacity:persons": null, "description": null, "landuse": null, "type": null }, "geometry": { "type": "Polygon", "coordinates": [ [ [ 109.3071677, -7.4214004 ], [ 109.3070819, -7.4214217 ], [ 109.3071355, -7.4216717 ], [ 109.3072592, -7.4216499 ], [ 109.3071677, -7.4214004 ] ] ] } },
{ "type": "Feature", "properties": { "element": "way", "id": 220192099, "addr:street": null, "amenity": "school", "name": "SD Negeri Sokaraja Kidul", "int_name": null, "source": null, "education": null, "check_date": null, "addr:city": null, "addr:district": null, "addr:housename": null, "addr:neighbourhood": null, "addr:postcode": null, "addr:province": null, "addr:subdistrict": null, "government": null, "grades": null, "internet_access": null, "internet_access:fee": null, "operator": null, "operator:type": null, "religion": null, "start_date": null, "website": null, "addr:housenumber": null, "designation": null, "building": null, "name:id": null, "note": null, "phone": null, "wikidata": null, "wikimedia_commons": null, "wikipedia": null, "school:type_idn": null, "layer": null, "type:id": null, "access:roof": null, "addr:full": null, "building:levels": null, "building:roof": null, "building:structure": null, "building:walls": null, "capacity:persons": null, "description": null, "landuse": null, "type": null }, "geometry": { "type": "Polygon", "coordinates": [ [ [ 109.3004824, -7.4632014 ], [ 109.3001216, -7.4632011 ], [ 109.3001219, -7.462755 ], [ 109.3004827, -7.4627552 ], [ 109.3004824, -7.4632014 ] ] ] } },
{ "type": "Feature", "properties": { "element": "way", "id": 223130217, "addr:street": null, "amenity": "school", "name": "SDN 1 Karanggintung", "int_name": null, "source": null, "education": null, "check_date": null, "addr:city": null, "addr:district": null, "addr:housename": null, "addr:neighbourhood": null, "addr:postcode": null, "addr:province": null, "addr:subdistrict": null, "government": null, "grades": null, "internet_access": null, "internet_access:fee": null, "operator": null, "operator:type": null, "religion": null, "start_date": null, "website": null, "addr:housenumber": null, "designation": null, "building": null, "name:id": null, "note": null, "phone": null, "wikidata": null, "wikimedia_commons": null, "wikipedia": null, "school:type_idn": null, "layer": null, "type:id": null, "access:roof": null, "addr:full": null, "building:levels": null, "building:roof": null, "building:structure": null, "building:walls": null, "capacity:persons": null, "description": null, "landuse": null, "type": null }, "geometry": { "type": "Polygon", "coordinates": [ [ [ 109.2500442, -7.3865761 ], [ 109.2504708, -7.386497 ], [ 109.2503724, -7.3859856 ], [ 109.2499223, -7.3860739 ], [ 109.2500442, -7.3865761 ] ] ] } },
{ "type": "Feature", "properties": { "element": "way", "id": 224699548, "addr:street": null, "amenity": "university", "name": "Gedung Kuliah Fisip Unsoed", "int_name": null, "source": null, "education": null, "check_date": null, "addr:city": null, "addr:district": null, "addr:housename": null, "addr:neighbourhood": null, "addr:postcode": null, "addr:province": null, "addr:subdistrict": null, "government": null, "grades": null, "internet_access": null, "internet_access:fee": null, "operator": null, "operator:type": null, "religion": null, "start_date": null, "website": null, "addr:housenumber": null, "designation": null, "building": "yes", "name:id": null, "note": null, "phone": null, "wikidata": null, "wikimedia_commons": null, "wikipedia": null, "school:type_idn": null, "layer": null, "type:id": null, "access:roof": null, "addr:full": null, "building:levels": null, "building:roof": null, "building:structure": null, "building:walls": null, "capacity:persons": null, "description": null, "landuse": null, "type": null }, "geometry": { "type": "Polygon", "coordinates": [ [ [ 109.245874, -7.4015364 ], [ 109.2459899, -7.401531 ], [ 109.2459867, -7.4017492 ], [ 109.2458633, -7.4017545 ], [ 109.245874, -7.4015364 ] ] ] } },
{ "type": "Feature", "properties": { "element": "way", "id": 224699549, "addr:street": null, "amenity": "university", "name": "Language Center Unsoed", "int_name": null, "source": null, "education": null, "check_date": null, "addr:city": null, "addr:district": null, "addr:housename": null, "addr:neighbourhood": null, "addr:postcode": null, "addr:province": null, "addr:subdistrict": null, "government": null, "grades": null, "internet_access": null, "internet_access:fee": null, "operator": null, "operator:type": null, "religion": null, "start_date": null, "website": null, "addr:housenumber": null, "designation": null, "building": "yes", "name:id": null, "note": null, "phone": null, "wikidata": null, "wikimedia_commons": null, "wikipedia": null, "school:type_idn": null, "layer": null, "type:id": null, "access:roof": null, "addr:full": null, "building:levels": null, "building:roof": null, "building:structure": null, "building:walls": null, "capacity:persons": null, "description": null, "landuse": null, "type": null }, "geometry": { "type": "Polygon", "coordinates": [ [ [ 109.2482887, -7.4012624 ], [ 109.2482301, -7.401262 ], [ 109.2481812, -7.4012617 ], [ 109.2481803, -7.4013966 ], [ 109.2482745, -7.4013972 ], [ 109.2482749, -7.4013343 ], [ 109.248361, -7.4013348 ], [ 109.2483613, -7.4012969 ], [ 109.2482885, -7.4012964 ], [ 109.2482887, -7.4012624 ] ] ] } },
{ "type": "Feature", "properties": { "element": "way", "id": 224699616, "addr:street": null, "amenity": "university", "name": null, "int_name": null, "source": null, "education": null, "check_date": null, "addr:city": null, "addr:district": null, "addr:housename": null, "addr:neighbourhood": null, "addr:postcode": null, "addr:province": null, "addr:subdistrict": null, "government": null, "grades": null, "internet_access": null, "internet_access:fee": null, "operator": null, "operator:type": null, "religion": null, "start_date": null, "website": null, "addr:housenumber": null, "designation": null, "building": "yes", "name:id": null, "note": null, "phone": null, "wikidata": null, "wikimedia_commons": null, "wikipedia": null, "school:type_idn": null, "layer": null, "type:id": null, "access:roof": null, "addr:full": null, "building:levels": null, "building:roof": null, "building:structure": null, "building:walls": null, "capacity:persons": null, "description": null, "landuse": null, "type": null }, "geometry": { "type": "Polygon", "coordinates": [ [ [ 109.247928, -7.4014204 ], [ 109.2480172, -7.4014226 ], [ 109.2480223, -7.4012185 ], [ 109.2480951, -7.4012202 ], [ 109.2480972, -7.4011333 ], [ 109.2478589, -7.4011274 ], [ 109.2477526, -7.4011248 ], [ 109.2477503, -7.4012144 ], [ 109.247933, -7.4012189 ], [ 109.247928, -7.4014204 ] ] ] } },
{ "type": "Feature", "properties": { "element": "way", "id": 224699617, "addr:street": null, "amenity": "university", "name": null, "int_name": null, "source": null, "education": null, "check_date": null, "addr:city": null, "addr:district": null, "addr:housename": null, "addr:neighbourhood": null, "addr:postcode": null, "addr:province": null, "addr:subdistrict": null, "government": null, "grades": null, "internet_access": null, "internet_access:fee": null, "operator": null, "operator:type": null, "religion": null, "start_date": null, "website": null, "addr:housenumber": null, "designation": null, "building": "yes", "name:id": null, "note": null, "phone": null, "wikidata": null, "wikimedia_commons": null, "wikipedia": null, "school:type_idn": null, "layer": null, "type:id": null, "access:roof": null, "addr:full": null, "building:levels": null, "building:roof": null, "building:structure": null, "building:walls": null, "capacity:persons": null, "description": null, "landuse": null, "type": null }, "geometry": { "type": "Polygon", "coordinates": [ [ [ 109.2480842, -7.4012385 ], [ 109.2481646, -7.4012438 ], [ 109.24817, -7.401414 ], [ 109.2480861, -7.4014079 ], [ 109.2480842, -7.4012385 ] ] ] } },
{ "type": "Feature", "properties": { "element": "way", "id": 224700796, "addr:street": "Jalan Medika", "amenity": "university", "name": "Fakultas Kedokteran Universitas Jenderal Soedirman", "int_name": null, "source": null, "education": null, "check_date": null, "addr:city": "Purwokerto", "addr:district": null, "addr:housename": null, "addr:neighbourhood": null, "addr:postcode": null, "addr:province": null, "addr:subdistrict": null, "government": null, "grades": null, "internet_access": null, "internet_access:fee": null, "operator": "Universitas Jenderal Soedirman", "operator:type": null, "religion": null, "start_date": null, "website": "http://fkik.unsoed.ac.id/", "addr:housenumber": null, "designation": null, "building": null, "name:id": null, "note": null, "phone": "+62 281 622022", "wikidata": null, "wikimedia_commons": null, "wikipedia": null, "school:type_idn": null, "layer": null, "type:id": null, "access:roof": null, "addr:full": null, "building:levels": null, "building:roof": null, "building:structure": null, "building:walls": null, "capacity:persons": null, "description": null, "landuse": null, "type": null }, "geometry": { "type": "Polygon", "coordinates": [ [ [ 109.267227, -7.4339654 ], [ 109.2680432, -7.4338483 ], [ 109.2681889, -7.4338175 ], [ 109.2684652, -7.433775 ], [ 109.2685387, -7.4343046 ], [ 109.2685523, -7.4344381 ], [ 109.2674247, -7.4346057 ], [ 109.2672882, -7.4347288 ], [ 109.2667678, -7.434852 ], [ 109.2670291, -7.4351753 ], [ 109.2661334, -7.4354434 ], [ 109.2660343, -7.4351164 ], [ 109.2659972, -7.4351265 ], [ 109.2657434, -7.4351904 ], [ 109.2657007, -7.4349795 ], [ 109.2667257, -7.434752 ], [ 109.2667413, -7.4346937 ], [ 109.2665521, -7.4344038 ], [ 109.266625, -7.4338483 ], [ 109.2671964, -7.4337912 ], [ 109.267227, -7.4339654 ] ] ] } },
{ "type": "Feature", "properties": { "element": "way", "id": 224700797, "addr:street": null, "amenity": "university", "name": "Dekanat FKIK", "int_name": null, "source": null, "education": null, "check_date": null, "addr:city": null, "addr:district": null, "addr:housename": null, "addr:neighbourhood": null, "addr:postcode": null, "addr:province": null, "addr:subdistrict": null, "government": null, "grades": null, "internet_access": null, "internet_access:fee": null, "operator": null, "operator:type": null, "religion": null, "start_date": null, "website": null, "addr:housenumber": null, "designation": null, "building": null, "name:id": null, "note": null, "phone": null, "wikidata": null, "wikimedia_commons": null, "wikipedia": null, "school:type_idn": null, "layer": null, "type:id": null, "access:roof": null, "addr:full": null, "building:levels": null, "building:roof": null, "building:structure": null, "building:walls": null, "capacity:persons": null, "description": null, "landuse": null, "type": null }, "geometry": { "type": "Polygon", "coordinates": [ [ [ 109.2677394, -7.434408 ], [ 109.2678781, -7.4343887 ], [ 109.2678715, -7.4343391 ], [ 109.2678623, -7.4343069 ], [ 109.2678769, -7.4342757 ], [ 109.2679177, -7.434256 ], [ 109.2678856, -7.4340537 ], [ 109.2678332, -7.434062 ], [ 109.267821, -7.4339697 ], [ 109.2676555, -7.4339983 ], [ 109.2676743, -7.4340887 ], [ 109.2676245, -7.4341068 ], [ 109.2676622, -7.4343089 ], [ 109.2677038, -7.4343057 ], [ 109.2677224, -7.4343269 ], [ 109.2677289, -7.4343633 ], [ 109.2677394, -7.434408 ] ] ] } },
{ "type": "Feature", "properties": { "element": "way", "id": 226042304, "addr:street": null, "amenity": "university", "name": "UKM Fisip Unsoed", "int_name": null, "source": null, "education": null, "check_date": null, "addr:city": null, "addr:district": null, "addr:housename": null, "addr:neighbourhood": null, "addr:postcode": null, "addr:province": null, "addr:subdistrict": null, "government": null, "grades": null, "internet_access": null, "internet_access:fee": null, "operator": null, "operator:type": null, "religion": null, "start_date": null, "website": null, "addr:housenumber": null, "designation": null, "building": "yes", "name:id": null, "note": null, "phone": null, "wikidata": null, "wikimedia_commons": null, "wikipedia": null, "school:type_idn": null, "layer": null, "type:id": null, "access:roof": null, "addr:full": null, "building:levels": null, "building:roof": null, "building:structure": null, "building:walls": null, "capacity:persons": null, "description": null, "landuse": null, "type": null }, "geometry": { "type": "Polygon", "coordinates": [ [ [ 109.246754, -7.4014675 ], [ 109.2468643, -7.4014678 ], [ 109.2468613, -7.4016324 ], [ 109.2467487, -7.4016324 ], [ 109.246754, -7.4014675 ] ] ] } },
{ "type": "Feature", "properties": { "element": "way", "id": 230291619, "addr:street": null, "amenity": "school", "name": null, "int_name": null, "source": null, "education": null, "check_date": null, "addr:city": null, "addr:district": null, "addr:housename": null, "addr:neighbourhood": null, "addr:postcode": null, "addr:province": null, "addr:subdistrict": null, "government": null, "grades": null, "internet_access": null, "internet_access:fee": null, "operator": null, "operator:type": null, "religion": null, "start_date": null, "website": null, "addr:housenumber": null, "designation": null, "building": null, "name:id": null, "note": null, "phone": null, "wikidata": null, "wikimedia_commons": null, "wikipedia": null, "school:type_idn": null, "layer": null, "type:id": null, "access:roof": null, "addr:full": null, "building:levels": null, "building:roof": null, "building:structure": null, "building:walls": null, "capacity:persons": null, "description": null, "landuse": null, "type": null }, "geometry": { "type": "Polygon", "coordinates": [ [ [ 109.3179559, -7.4515284 ], [ 109.3176448, -7.451454 ], [ 109.3175053, -7.4519247 ], [ 109.3176582, -7.451954 ], [ 109.3177065, -7.4517678 ], [ 109.3179264, -7.4518263 ], [ 109.3179559, -7.4515284 ] ] ] } },
{ "type": "Feature", "properties": { "element": "way", "id": 230377562, "addr:street": null, "amenity": "school", "name": "SDN Klahang 2, Sokaraja, Banyumas", "int_name": null, "source": null, "education": null, "check_date": null, "addr:city": null, "addr:district": null, "addr:housename": null, "addr:neighbourhood": null, "addr:postcode": null, "addr:province": null, "addr:subdistrict": null, "government": null, "grades": null, "internet_access": null, "internet_access:fee": null, "operator": null, "operator:type": null, "religion": null, "start_date": null, "website": null, "addr:housenumber": null, "designation": null, "building": null, "name:id": null, "note": null, "phone": null, "wikidata": null, "wikimedia_commons": null, "wikipedia": null, "school:type_idn": null, "layer": null, "type:id": null, "access:roof": null, "addr:full": null, "building:levels": null, "building:roof": null, "building:structure": null, "building:walls": null, "capacity:persons": null, "description": null, "landuse": null, "type": null }, "geometry": { "type": "Polygon", "coordinates": [ [ [ 109.3122281, -7.440589 ], [ 109.3126905, -7.4405819 ], [ 109.3126949, -7.4408623 ], [ 109.3122325, -7.4408694 ], [ 109.3122281, -7.440589 ] ] ] } },
{ "type": "Feature", "properties": { "element": "way", "id": 258854262, "addr:street": null, "amenity": "school", "name": "SD", "int_name": null, "source": null, "education": null, "check_date": null, "addr:city": null, "addr:district": null, "addr:housename": null, "addr:neighbourhood": null, "addr:postcode": null, "addr:province": null, "addr:subdistrict": null, "government": null, "grades": null, "internet_access": null, "internet_access:fee": null, "operator": null, "operator:type": null, "religion": null, "start_date": null, "website": null, "addr:housenumber": null, "designation": null, "building": null, "name:id": null, "note": null, "phone": null, "wikidata": null, "wikimedia_commons": null, "wikipedia": null, "school:type_idn": null, "layer": null, "type:id": null, "access:roof": null, "addr:full": null, "building:levels": null, "building:roof": null, "building:structure": null, "building:walls": null, "capacity:persons": null, "description": null, "landuse": null, "type": null }, "geometry": { "type": "Polygon", "coordinates": [ [ [ 109.3045609, -7.4495417 ], [ 109.3046513, -7.4495299 ], [ 109.3046601, -7.4495816 ], [ 109.3047613, -7.4495698 ], [ 109.304754, -7.4495098 ], [ 109.3048479, -7.4494992 ], [ 109.3048739, -7.4496283 ], [ 109.304577, -7.449688 ], [ 109.3045609, -7.4495417 ] ] ] } },
{ "type": "Feature", "properties": { "element": "way", "id": 259335130, "addr:street": null, "amenity": "school", "name": "SD Negeri 1 dan 2 Sokanegara", "int_name": null, "source": null, "education": null, "check_date": null, "addr:city": null, "addr:district": null, "addr:housename": null, "addr:neighbourhood": null, "addr:postcode": null, "addr:province": null, "addr:subdistrict": null, "government": null, "grades": null, "internet_access": null, "internet_access:fee": null, "operator": null, "operator:type": null, "religion": null, "start_date": null, "website": null, "addr:housenumber": null, "designation": null, "building": null, "name:id": null, "note": null, "phone": null, "wikidata": null, "wikimedia_commons": null, "wikipedia": null, "school:type_idn": null, "layer": null, "type:id": null, "access:roof": null, "addr:full": null, "building:levels": null, "building:roof": null, "building:structure": null, "building:walls": null, "capacity:persons": null, "description": null, "landuse": null, "type": null }, "geometry": { "type": "Polygon", "coordinates": [ [ [ 109.2336529, -7.4179178 ], [ 109.2336032, -7.417906 ], [ 109.2335294, -7.4178884 ], [ 109.2334936, -7.4178799 ], [ 109.2334518, -7.4179217 ], [ 109.2331578, -7.4178251 ], [ 109.2331536, -7.4178441 ], [ 109.2330858, -7.4178275 ], [ 109.2329304, -7.4177893 ], [ 109.2328454, -7.4180527 ], [ 109.2327738, -7.4180306 ], [ 109.2327307, -7.4180126 ], [ 109.2327073, -7.4180927 ], [ 109.2327498, -7.4181043 ], [ 109.2328306, -7.4181264 ], [ 109.2328285, -7.4181833 ], [ 109.2328115, -7.4182465 ], [ 109.2329912, -7.4182974 ], [ 109.2330197, -7.4183055 ], [ 109.2330176, -7.4183287 ], [ 109.2332449, -7.4183856 ], [ 109.2333023, -7.4182002 ], [ 109.2335467, -7.4182613 ], [ 109.2336529, -7.4179178 ] ] ] } },
{ "type": "Feature", "properties": { "element": "way", "id": 259336572, "addr:street": null, "amenity": "school", "name": "SD Negeri 4 Sokanegara", "int_name": null, "source": null, "education": null, "check_date": null, "addr:city": null, "addr:district": null, "addr:housename": null, "addr:neighbourhood": null, "addr:postcode": null, "addr:province": null, "addr:subdistrict": null, "government": null, "grades": null, "internet_access": null, "internet_access:fee": null, "operator": null, "operator:type": null, "religion": null, "start_date": null, "website": null, "addr:housenumber": null, "designation": null, "building": null, "name:id": null, "note": null, "phone": null, "wikidata": null, "wikimedia_commons": null, "wikipedia": null, "school:type_idn": null, "layer": null, "type:id": null, "access:roof": null, "addr:full": null, "building:levels": null, "building:roof": null, "building:structure": null, "building:walls": null, "capacity:persons": null, "description": null, "landuse": null, "type": null }, "geometry": { "type": "Polygon", "coordinates": [ [ [ 109.2323472, -7.4175458 ], [ 109.23232, -7.4175423 ], [ 109.2321397, -7.4175192 ], [ 109.232086, -7.4178628 ], [ 109.2320819, -7.4178888 ], [ 109.2322909, -7.417902 ], [ 109.2323472, -7.4175458 ] ] ] } },
{ "type": "Feature", "properties": { "element": "way", "id": 259337093, "addr:street": null, "amenity": "school", "name": "SD Negeri 3 Sokanegara", "int_name": null, "source": null, "education": null, "check_date": null, "addr:city": null, "addr:district": null, "addr:housename": null, "addr:neighbourhood": null, "addr:postcode": null, "addr:province": null, "addr:subdistrict": null, "government": null, "grades": null, "internet_access": null, "internet_access:fee": null, "operator": null, "operator:type": null, "religion": null, "start_date": null, "website": null, "addr:housenumber": null, "designation": null, "building": null, "name:id": null, "note": null, "phone": null, "wikidata": null, "wikimedia_commons": null, "wikipedia": null, "school:type_idn": null, "layer": null, "type:id": null, "access:roof": null, "addr:full": null, "building:levels": null, "building:roof": null, "building:structure": null, "building:walls": null, "capacity:persons": null, "description": null, "landuse": null, "type": null }, "geometry": { "type": "Polygon", "coordinates": [ [ [ 109.2333238, -7.4190409 ], [ 109.2332397, -7.4190175 ], [ 109.2329913, -7.4189482 ], [ 109.2329748, -7.4189436 ], [ 109.2329047, -7.4189241 ], [ 109.2329198, -7.4188256 ], [ 109.2328289, -7.4188222 ], [ 109.2327883, -7.4190231 ], [ 109.2329232, -7.4192346 ], [ 109.2331479, -7.4193204 ], [ 109.2332012, -7.4193408 ], [ 109.233238, -7.4193548 ], [ 109.2333238, -7.4190409 ] ] ] } },
{ "type": "Feature", "properties": { "element": "way", "id": 259525087, "addr:street": null, "amenity": "school", "name": "SDN 02 Purwanegara", "int_name": null, "source": null, "education": null, "check_date": null, "addr:city": null, "addr:district": null, "addr:housename": null, "addr:neighbourhood": null, "addr:postcode": null, "addr:province": null, "addr:subdistrict": null, "government": null, "grades": null, "internet_access": null, "internet_access:fee": null, "operator": null, "operator:type": null, "religion": null, "start_date": null, "website": null, "addr:housenumber": null, "designation": null, "building": null, "name:id": null, "note": null, "phone": null, "wikidata": null, "wikimedia_commons": null, "wikipedia": null, "school:type_idn": null, "layer": null, "type:id": null, "access:roof": null, "addr:full": null, "building:levels": null, "building:roof": null, "building:structure": null, "building:walls": null, "capacity:persons": null, "description": null, "landuse": null, "type": null }, "geometry": { "type": "Polygon", "coordinates": [ [ [ 109.2320027, -7.4051742 ], [ 109.2322312, -7.405196 ], [ 109.2323176, -7.4052043 ], [ 109.2322936, -7.4054521 ], [ 109.2322839, -7.4055516 ], [ 109.232281, -7.4055813 ], [ 109.232272, -7.4056747 ], [ 109.2319699, -7.4056459 ], [ 109.231957, -7.4056446 ], [ 109.2319916, -7.4052882 ], [ 109.2320027, -7.4051742 ] ] ] } },
{ "type": "Feature", "properties": { "element": "way", "id": 259525088, "addr:street": null, "amenity": "school", "name": "SDN 01 Purwanegara", "int_name": null, "source": null, "education": null, "check_date": null, "addr:city": null, "addr:district": null, "addr:housename": null, "addr:neighbourhood": null, "addr:postcode": null, "addr:province": null, "addr:subdistrict": null, "government": null, "grades": null, "internet_access": null, "internet_access:fee": null, "operator": null, "operator:type": null, "religion": null, "start_date": null, "website": null, "addr:housenumber": null, "designation": null, "building": "school", "name:id": null, "note": null, "phone": null, "wikidata": null, "wikimedia_commons": null, "wikipedia": null, "school:type_idn": null, "layer": null, "type:id": null, "access:roof": null, "addr:full": null, "building:levels": null, "building:roof": null, "building:structure": null, "building:walls": null, "capacity:persons": null, "description": null, "landuse": null, "type": null }, "geometry": { "type": "Polygon", "coordinates": [ [ [ 109.2318789, -7.4051593 ], [ 109.2319975, -7.4051731 ], [ 109.2319854, -7.4052837 ], [ 109.2319465, -7.4056413 ], [ 109.2318258, -7.4056333 ], [ 109.2318789, -7.4051593 ] ] ] } },
{ "type": "Feature", "properties": { "element": "way", "id": 259525089, "addr:street": null, "amenity": "school", "name": "SDN 03 Purwanegara", "int_name": null, "source": null, "education": null, "check_date": null, "addr:city": null, "addr:district": null, "addr:housename": null, "addr:neighbourhood": null, "addr:postcode": null, "addr:province": null, "addr:subdistrict": null, "government": null, "grades": null, "internet_access": null, "internet_access:fee": null, "operator": null, "operator:type": null, "religion": null, "start_date": null, "website": null, "addr:housenumber": null, "designation": null, "building": null, "name:id": null, "note": null, "phone": null, "wikidata": null, "wikimedia_commons": null, "wikipedia": null, "school:type_idn": null, "layer": null, "type:id": null, "access:roof": null, "addr:full": null, "building:levels": null, "building:roof": null, "building:structure": null, "building:walls": null, "capacity:persons": null, "description": null, "landuse": null, "type": null }, "geometry": { "type": "Polygon", "coordinates": [ [ [ 109.2317955, -7.4057736 ], [ 109.2322113, -7.4057922 ], [ 109.2321764, -7.4064651 ], [ 109.2317553, -7.4064492 ], [ 109.23177, -7.4062028 ], [ 109.2317903, -7.4058613 ], [ 109.2317955, -7.4057736 ] ] ] } },
{ "type": "Feature", "properties": { "element": "way", "id": 259553280, "addr:street": null, "amenity": "kindergarten", "name": "TK Sokanegara", "int_name": null, "source": null, "education": null, "check_date": null, "addr:city": null, "addr:district": null, "addr:housename": null, "addr:neighbourhood": null, "addr:postcode": null, "addr:province": null, "addr:subdistrict": null, "government": null, "grades": null, "internet_access": null, "internet_access:fee": null, "operator": null, "operator:type": null, "religion": null, "start_date": null, "website": null, "addr:housenumber": null, "designation": null, "building": "yes", "name:id": null, "note": null, "phone": null, "wikidata": null, "wikimedia_commons": null, "wikipedia": null, "school:type_idn": null, "layer": "1", "type:id": null, "access:roof": null, "addr:full": null, "building:levels": null, "building:roof": null, "building:structure": null, "building:walls": null, "capacity:persons": null, "description": null, "landuse": null, "type": null }, "geometry": { "type": "Polygon", "coordinates": [ [ [ 109.2352802, -7.4163064 ], [ 109.2353022, -7.4163105 ], [ 109.2356563, -7.4163769 ], [ 109.2356237, -7.4165341 ], [ 109.2352619, -7.4164757 ], [ 109.2352802, -7.4163064 ] ] ] } },
{ "type": "Feature", "properties": { "element": "way", "id": 259553284, "addr:street": null, "amenity": "school", "name": null, "int_name": null, "source": null, "education": null, "check_date": null, "addr:city": null, "addr:district": null, "addr:housename": null, "addr:neighbourhood": null, "addr:postcode": null, "addr:province": null, "addr:subdistrict": null, "government": null, "grades": null, "internet_access": null, "internet_access:fee": null, "operator": null, "operator:type": null, "religion": null, "start_date": null, "website": null, "addr:housenumber": null, "designation": null, "building": "yes", "name:id": null, "note": null, "phone": null, "wikidata": null, "wikimedia_commons": null, "wikipedia": null, "school:type_idn": null, "layer": "1", "type:id": null, "access:roof": null, "addr:full": null, "building:levels": null, "building:roof": null, "building:structure": null, "building:walls": null, "capacity:persons": null, "description": null, "landuse": null, "type": null }, "geometry": { "type": "Polygon", "coordinates": [ [ [ 109.2351226, -7.4158184 ], [ 109.235021, -7.4158043 ], [ 109.235021, -7.4158244 ], [ 109.2349722, -7.4158184 ], [ 109.2349722, -7.4157982 ], [ 109.2349234, -7.4157962 ], [ 109.2349234, -7.4158224 ], [ 109.2348726, -7.4158163 ], [ 109.2348706, -7.4157922 ], [ 109.2348285, -7.4157963 ], [ 109.2348462, -7.4154717 ], [ 109.2349053, -7.4154704 ], [ 109.2351367, -7.4154832 ], [ 109.2351348, -7.415522 ], [ 109.2351999, -7.4155241 ], [ 109.235203, -7.4156139 ], [ 109.23521, -7.4158184 ], [ 109.2351226, -7.4158184 ] ] ] } },
{ "type": "Feature", "properties": { "element": "way", "id": 268257257, "addr:street": null, "amenity": "school", "name": null, "int_name": null, "source": null, "education": null, "check_date": null, "addr:city": null, "addr:district": null, "addr:housename": null, "addr:neighbourhood": null, "addr:postcode": null, "addr:province": null, "addr:subdistrict": null, "government": null, "grades": null, "internet_access": null, "internet_access:fee": null, "operator": null, "operator:type": null, "religion": null, "start_date": null, "website": null, "addr:housenumber": null, "designation": null, "building": null, "name:id": null, "note": null, "phone": null, "wikidata": null, "wikimedia_commons": null, "wikipedia": null, "school:type_idn": null, "layer": null, "type:id": null, "access:roof": null, "addr:full": null, "building:levels": null, "building:roof": null, "building:structure": null, "building:walls": null, "capacity:persons": null, "description": null, "landuse": null, "type": null }, "geometry": { "type": "Polygon", "coordinates": [ [ [ 109.2500833, -7.3899228 ], [ 109.2505201, -7.3898436 ], [ 109.2505787, -7.3900918 ], [ 109.2501153, -7.3901711 ], [ 109.2500833, -7.3899228 ] ] ] } },
{ "type": "Feature", "properties": { "element": "way", "id": 277555164, "addr:street": null, "amenity": "school", "name": null, "int_name": null, "source": null, "education": null, "check_date": null, "addr:city": null, "addr:district": null, "addr:housename": null, "addr:neighbourhood": null, "addr:postcode": null, "addr:province": null, "addr:subdistrict": null, "government": null, "grades": null, "internet_access": null, "internet_access:fee": null, "operator": null, "operator:type": null, "religion": null, "start_date": null, "website": null, "addr:housenumber": null, "designation": null, "building": null, "name:id": null, "note": null, "phone": null, "wikidata": null, "wikimedia_commons": null, "wikipedia": null, "school:type_idn": null, "layer": null, "type:id": null, "access:roof": null, "addr:full": null, "building:levels": null, "building:roof": null, "building:structure": null, "building:walls": null, "capacity:persons": null, "description": null, "landuse": null, "type": null }, "geometry": { "type": "Polygon", "coordinates": [ [ [ 109.3004421, -7.4575935 ], [ 109.3007065, -7.4576976 ], [ 109.3008774, -7.4571973 ], [ 109.3008009, -7.457167 ], [ 109.3009122, -7.4568219 ], [ 109.3007347, -7.4567648 ], [ 109.3006518, -7.4569752 ], [ 109.3004421, -7.4575935 ] ] ] } },
{ "type": "Feature", "properties": { "element": "way", "id": 285457648, "addr:street": null, "amenity": "school", "name": null, "int_name": null, "source": null, "education": null, "check_date": null, "addr:city": null, "addr:district": null, "addr:housename": null, "addr:neighbourhood": null, "addr:postcode": null, "addr:province": null, "addr:subdistrict": null, "government": null, "grades": null, "internet_access": null, "internet_access:fee": null, "operator": null, "operator:type": null, "religion": null, "start_date": null, "website": null, "addr:housenumber": null, "designation": null, "building": null, "name:id": null, "note": null, "phone": null, "wikidata": null, "wikimedia_commons": null, "wikipedia": null, "school:type_idn": null, "layer": null, "type:id": null, "access:roof": null, "addr:full": null, "building:levels": null, "building:roof": null, "building:structure": null, "building:walls": null, "capacity:persons": null, "description": null, "landuse": null, "type": null }, "geometry": { "type": "Polygon", "coordinates": [ [ [ 109.2393999, -7.3628928 ], [ 109.2394911, -7.3628901 ], [ 109.2395045, -7.3631482 ], [ 109.2393946, -7.3631535 ], [ 109.2393919, -7.3630444 ], [ 109.239357, -7.3630471 ], [ 109.239357, -7.3629886 ], [ 109.2393999, -7.3629832 ], [ 109.2393999, -7.3628928 ] ] ] } },
{ "type": "Feature", "properties": { "element": "way", "id": 285457649, "addr:street": null, "amenity": "school", "name": null, "int_name": null, "source": null, "education": null, "check_date": null, "addr:city": null, "addr:district": null, "addr:housename": null, "addr:neighbourhood": null, "addr:postcode": null, "addr:province": null, "addr:subdistrict": null, "government": null, "grades": null, "internet_access": null, "internet_access:fee": null, "operator": null, "operator:type": null, "religion": null, "start_date": null, "website": null, "addr:housenumber": null, "designation": null, "building": null, "name:id": null, "note": null, "phone": null, "wikidata": null, "wikimedia_commons": null, "wikipedia": null, "school:type_idn": null, "layer": null, "type:id": null, "access:roof": null, "addr:full": null, "building:levels": null, "building:roof": null, "building:structure": null, "building:walls": null, "capacity:persons": null, "description": null, "landuse": null, "type": null }, "geometry": { "type": "Polygon", "coordinates": [ [ [ 109.239416, -7.3631801 ], [ 109.239518, -7.3631774 ], [ 109.239526, -7.3632705 ], [ 109.239864, -7.3632759 ], [ 109.2398747, -7.3631961 ], [ 109.2399847, -7.3631961 ], [ 109.23999, -7.3634301 ], [ 109.2398774, -7.3634301 ], [ 109.2398693, -7.3633849 ], [ 109.2395126, -7.363369 ], [ 109.2395072, -7.3634009 ], [ 109.2394107, -7.3634062 ], [ 109.239416, -7.3631801 ] ] ] } },
{ "type": "Feature", "properties": { "element": "way", "id": 285457650, "addr:street": null, "amenity": "school", "name": null, "int_name": null, "source": null, "education": null, "check_date": null, "addr:city": null, "addr:district": null, "addr:housename": null, "addr:neighbourhood": null, "addr:postcode": null, "addr:province": null, "addr:subdistrict": null, "government": null, "grades": null, "internet_access": null, "internet_access:fee": null, "operator": null, "operator:type": null, "religion": null, "start_date": null, "website": null, "addr:housenumber": null, "designation": null, "building": null, "name:id": null, "note": null, "phone": null, "wikidata": null, "wikimedia_commons": null, "wikipedia": null, "school:type_idn": null, "layer": null, "type:id": null, "access:roof": null, "addr:full": null, "building:levels": null, "building:roof": null, "building:structure": null, "building:walls": null, "capacity:persons": null, "description": null, "landuse": null, "type": null }, "geometry": { "type": "Polygon", "coordinates": [ [ [ 109.2394053, -7.3627146 ], [ 109.2394885, -7.3627093 ], [ 109.2394965, -7.3628609 ], [ 109.2393999, -7.3628689 ], [ 109.2394053, -7.3627146 ] ] ] } },
{ "type": "Feature", "properties": { "element": "way", "id": 285457651, "addr:street": null, "amenity": "school", "name": null, "int_name": null, "source": null, "education": null, "check_date": null, "addr:city": null, "addr:district": null, "addr:housename": null, "addr:neighbourhood": null, "addr:postcode": null, "addr:province": null, "addr:subdistrict": null, "government": null, "grades": null, "internet_access": null, "internet_access:fee": null, "operator": null, "operator:type": null, "religion": null, "start_date": null, "website": null, "addr:housenumber": null, "designation": null, "building": null, "name:id": null, "note": null, "phone": null, "wikidata": null, "wikimedia_commons": null, "wikipedia": null, "school:type_idn": null, "layer": null, "type:id": null, "access:roof": null, "addr:full": null, "building:levels": null, "building:roof": null, "building:structure": null, "building:walls": null, "capacity:persons": null, "description": null, "landuse": null, "type": null }, "geometry": { "type": "Polygon", "coordinates": [ [ [ 109.2395582, -7.3628423 ], [ 109.2398793, -7.3628381 ], [ 109.2398743, -7.3627727 ], [ 109.239978, -7.3627723 ], [ 109.2399766, -7.3629593 ], [ 109.239872, -7.3629566 ], [ 109.2398701, -7.3629193 ], [ 109.2395555, -7.3629274 ], [ 109.2395582, -7.3628423 ] ] ] } },
{ "type": "Feature", "properties": { "element": "way", "id": 285457652, "addr:street": null, "amenity": "school", "name": null, "int_name": null, "source": null, "education": null, "check_date": null, "addr:city": null, "addr:district": null, "addr:housename": null, "addr:neighbourhood": null, "addr:postcode": null, "addr:province": null, "addr:subdistrict": null, "government": null, "grades": null, "internet_access": null, "internet_access:fee": null, "operator": null, "operator:type": null, "religion": null, "start_date": null, "website": null, "addr:housenumber": null, "designation": null, "building": null, "name:id": null, "note": null, "phone": null, "wikidata": null, "wikimedia_commons": null, "wikipedia": null, "school:type_idn": null, "layer": null, "type:id": null, "access:roof": null, "addr:full": null, "building:levels": null, "building:roof": null, "building:structure": null, "building:walls": null, "capacity:persons": null, "description": null, "landuse": null, "type": null }, "geometry": { "type": "Polygon", "coordinates": [ [ [ 109.2400061, -7.3628901 ], [ 109.2400034, -7.3629779 ], [ 109.2401017, -7.3629751 ], [ 109.2400936, -7.3628852 ], [ 109.2400061, -7.3628901 ] ] ] } },
{ "type": "Feature", "properties": { "element": "way", "id": 285457653, "addr:street": null, "amenity": "school", "name": null, "int_name": null, "source": null, "education": null, "check_date": null, "addr:city": null, "addr:district": null, "addr:housename": null, "addr:neighbourhood": null, "addr:postcode": null, "addr:province": null, "addr:subdistrict": null, "government": null, "grades": null, "internet_access": null, "internet_access:fee": null, "operator": null, "operator:type": null, "religion": null, "start_date": null, "website": null, "addr:housenumber": null, "designation": null, "building": null, "name:id": null, "note": null, "phone": null, "wikidata": null, "wikimedia_commons": null, "wikipedia": null, "school:type_idn": null, "layer": null, "type:id": null, "access:roof": null, "addr:full": null, "building:levels": null, "building:roof": null, "building:structure": null, "building:walls": null, "capacity:persons": null, "description": null, "landuse": null, "type": null }, "geometry": { "type": "Polygon", "coordinates": [ [ [ 109.2398747, -7.3629992 ], [ 109.2399793, -7.3629966 ], [ 109.2399847, -7.3631721 ], [ 109.239872, -7.3631774 ], [ 109.2398747, -7.3629992 ] ] ] } },
{ "type": "Feature", "properties": { "element": "way", "id": 285457654, "addr:street": null, "amenity": "school", "name": null, "int_name": null, "source": null, "education": null, "check_date": null, "addr:city": null, "addr:district": null, "addr:housename": null, "addr:neighbourhood": null, "addr:postcode": null, "addr:province": null, "addr:subdistrict": null, "government": null, "grades": null, "internet_access": null, "internet_access:fee": null, "operator": null, "operator:type": null, "religion": null, "start_date": null, "website": null, "addr:housenumber": null, "designation": null, "building": null, "name:id": null, "note": null, "phone": null, "wikidata": null, "wikimedia_commons": null, "wikipedia": null, "school:type_idn": null, "layer": null, "type:id": null, "access:roof": null, "addr:full": null, "building:levels": null, "building:roof": null, "building:structure": null, "building:walls": null, "capacity:persons": null, "description": null, "landuse": null, "type": null }, "geometry": { "type": "Polygon", "coordinates": [ [ [ 109.2400249, -7.3630019 ], [ 109.2401161, -7.3630019 ], [ 109.2401295, -7.3632413 ], [ 109.2400249, -7.3632439 ], [ 109.2400249, -7.3630019 ] ] ] } },
{ "type": "Feature", "properties": { "element": "way", "id": 285457655, "addr:street": null, "amenity": "school", "name": null, "int_name": null, "source": null, "education": null, "check_date": null, "addr:city": null, "addr:district": null, "addr:housename": null, "addr:neighbourhood": null, "addr:postcode": null, "addr:province": null, "addr:subdistrict": null, "government": null, "grades": null, "internet_access": null, "internet_access:fee": null, "operator": null, "operator:type": null, "religion": null, "start_date": null, "website": null, "addr:housenumber": null, "designation": null, "building": null, "name:id": null, "note": null, "phone": null, "wikidata": null, "wikimedia_commons": null, "wikipedia": null, "school:type_idn": null, "layer": null, "type:id": null, "access:roof": null, "addr:full": null, "building:levels": null, "building:roof": null, "building:structure": null, "building:walls": null, "capacity:persons": null, "description": null, "landuse": null, "type": null }, "geometry": { "type": "Polygon", "coordinates": [ [ [ 109.2398532, -7.362696 ], [ 109.2398613, -7.3627412 ], [ 109.2399049, -7.3627441 ], [ 109.2399444, -7.3627598 ], [ 109.2399471, -7.3627359 ], [ 109.239982, -7.3627359 ], [ 109.2399686, -7.3626906 ], [ 109.2398532, -7.362696 ] ] ] } },
{ "type": "Feature", "properties": { "element": "way", "id": 285457656, "addr:street": null, "amenity": "school", "name": null, "int_name": null, "source": null, "education": null, "check_date": null, "addr:city": null, "addr:district": null, "addr:housename": null, "addr:neighbourhood": null, "addr:postcode": null, "addr:province": null, "addr:subdistrict": null, "government": null, "grades": null, "internet_access": null, "internet_access:fee": null, "operator": null, "operator:type": null, "religion": null, "start_date": null, "website": null, "addr:housenumber": null, "designation": null, "building": null, "name:id": null, "note": null, "phone": null, "wikidata": null, "wikimedia_commons": null, "wikipedia": null, "school:type_idn": null, "layer": null, "type:id": null, "access:roof": null, "addr:full": null, "building:levels": null, "building:roof": null, "building:structure": null, "building:walls": null, "capacity:persons": null, "description": null, "landuse": null, "type": null }, "geometry": { "type": "Polygon", "coordinates": [ [ [ 109.2395475, -7.3627093 ], [ 109.2398345, -7.3627039 ], [ 109.2398398, -7.3627891 ], [ 109.2395501, -7.3627997 ], [ 109.2395475, -7.3627093 ] ] ] } },
{ "type": "Feature", "properties": { "element": "way", "id": 285457657, "addr:street": "Jl Raya Rempoah Timur", "amenity": "school", "name": "SMA N 1 Baturaden", "int_name": null, "source": null, "education": null, "check_date": null, "addr:city": "Baturaden", "addr:district": null, "addr:housename": null, "addr:neighbourhood": null, "addr:postcode": null, "addr:province": null, "addr:subdistrict": null, "government": null, "grades": null, "internet_access": null, "internet_access:fee": null, "operator": null, "operator:type": null, "religion": null, "start_date": null, "website": "http://smanbaturraden.sch.id/", "addr:housenumber": "786", "designation": null, "building": null, "name:id": null, "note": null, "phone": "+62 281 681559", "wikidata": null, "wikimedia_commons": null, "wikipedia": null, "school:type_idn": null, "layer": null, "type:id": null, "access:roof": null, "addr:full": null, "building:levels": null, "building:roof": null, "building:structure": null, "building:walls": null, "capacity:persons": null, "description": null, "landuse": null, "type": null }, "geometry": { "type": "Polygon", "coordinates": [ [ [ 109.2392868, -7.3627009 ], [ 109.2398543, -7.3626602 ], [ 109.2399766, -7.3626747 ], [ 109.240159, -7.3629832 ], [ 109.2401697, -7.3630205 ], [ 109.2401799, -7.3630813 ], [ 109.2401987, -7.363193 ], [ 109.2402497, -7.3634271 ], [ 109.2402422, -7.3634514 ], [ 109.2393028, -7.363443 ], [ 109.2392868, -7.3627009 ] ] ] } },
{ "type": "Feature", "properties": { "element": "way", "id": 285457658, "addr:street": null, "amenity": "school", "name": null, "int_name": null, "source": null, "education": null, "check_date": null, "addr:city": null, "addr:district": null, "addr:housename": null, "addr:neighbourhood": null, "addr:postcode": null, "addr:province": null, "addr:subdistrict": null, "government": null, "grades": null, "internet_access": null, "internet_access:fee": null, "operator": null, "operator:type": null, "religion": null, "start_date": null, "website": null, "addr:housenumber": null, "designation": null, "building": null, "name:id": null, "note": null, "phone": null, "wikidata": null, "wikimedia_commons": null, "wikipedia": null, "school:type_idn": null, "layer": null, "type:id": null, "access:roof": null, "addr:full": null, "building:levels": null, "building:roof": null, "building:structure": null, "building:walls": null, "capacity:persons": null, "description": null, "landuse": null, "type": null }, "geometry": { "type": "Polygon", "coordinates": [ [ [ 109.2392894, -7.3627142 ], [ 109.2393833, -7.3627089 ], [ 109.2393833, -7.3628259 ], [ 109.2392846, -7.3628263 ], [ 109.2392894, -7.3627142 ] ] ] } },
{ "type": "Feature", "properties": { "element": "way", "id": 285457659, "addr:street": null, "amenity": "school", "name": null, "int_name": null, "source": null, "education": null, "check_date": null, "addr:city": null, "addr:district": null, "addr:housename": null, "addr:neighbourhood": null, "addr:postcode": null, "addr:province": null, "addr:subdistrict": null, "government": null, "grades": null, "internet_access": null, "internet_access:fee": null, "operator": null, "operator:type": null, "religion": null, "start_date": null, "website": null, "addr:housenumber": null, "designation": null, "building": null, "name:id": null, "note": null, "phone": null, "wikidata": null, "wikimedia_commons": null, "wikipedia": null, "school:type_idn": null, "layer": null, "type:id": null, "access:roof": null, "addr:full": null, "building:levels": null, "building:roof": null, "building:structure": null, "building:walls": null, "capacity:persons": null, "description": null, "landuse": null, "type": null }, "geometry": { "type": "Polygon", "coordinates": [ [ [ 109.2400168, -7.3632705 ], [ 109.2401161, -7.3632785 ], [ 109.2401161, -7.3634089 ], [ 109.2400088, -7.3634195 ], [ 109.2400168, -7.3632705 ] ] ] } },
{ "type": "Feature", "properties": { "element": "way", "id": 289831952, "addr:street": null, "amenity": "school", "name": null, "int_name": null, "source": null, "education": null, "check_date": null, "addr:city": null, "addr:district": null, "addr:housename": null, "addr:neighbourhood": null, "addr:postcode": null, "addr:province": null, "addr:subdistrict": null, "government": null, "grades": null, "internet_access": null, "internet_access:fee": null, "operator": null, "operator:type": null, "religion": null, "start_date": null, "website": null, "addr:housenumber": null, "designation": null, "building": null, "name:id": null, "note": null, "phone": null, "wikidata": null, "wikimedia_commons": null, "wikipedia": null, "school:type_idn": null, "layer": null, "type:id": null, "access:roof": null, "addr:full": null, "building:levels": null, "building:roof": null, "building:structure": null, "building:walls": null, "capacity:persons": null, "description": null, "landuse": null, "type": null }, "geometry": { "type": "Polygon", "coordinates": [ [ [ 109.2743005, -7.4393887 ], [ 109.2749712, -7.4393738 ], [ 109.2749905, -7.4397678 ], [ 109.2749456, -7.4397681 ], [ 109.2743113, -7.4397716 ], [ 109.2743005, -7.4393887 ] ] ] } },
{ "type": "Feature", "properties": { "element": "way", "id": 289831957, "addr:street": null, "amenity": "school", "name": "PAUD, TKIT, SDIT Annida", "int_name": null, "source": null, "education": null, "check_date": null, "addr:city": null, "addr:district": null, "addr:housename": null, "addr:neighbourhood": null, "addr:postcode": null, "addr:province": null, "addr:subdistrict": null, "government": null, "grades": null, "internet_access": null, "internet_access:fee": null, "operator": null, "operator:type": null, "religion": "muslim", "start_date": null, "website": null, "addr:housenumber": null, "designation": null, "building": null, "name:id": null, "note": null, "phone": null, "wikidata": null, "wikimedia_commons": null, "wikipedia": null, "school:type_idn": null, "layer": null, "type:id": null, "access:roof": null, "addr:full": null, "building:levels": null, "building:roof": null, "building:structure": null, "building:walls": null, "capacity:persons": null, "description": null, "landuse": null, "type": null }, "geometry": { "type": "Polygon", "coordinates": [ [ [ 109.2720749, -7.4416358 ], [ 109.2722171, -7.4416176 ], [ 109.2722736, -7.4416104 ], [ 109.272344, -7.4419852 ], [ 109.2721326, -7.4420043 ], [ 109.2720749, -7.4416358 ] ] ] } },
{ "type": "Feature", "properties": { "element": "way", "id": 304053762, "addr:street": null, "amenity": "school", "name": "SD banteran 1 gedung 1", "int_name": null, "source": null, "education": null, "check_date": null, "addr:city": null, "addr:district": null, "addr:housename": null, "addr:neighbourhood": null, "addr:postcode": null, "addr:province": null, "addr:subdistrict": null, "government": null, "grades": null, "internet_access": null, "internet_access:fee": null, "operator": null, "operator:type": null, "religion": null, "start_date": null, "website": null, "addr:housenumber": null, "designation": null, "building": null, "name:id": null, "note": null, "phone": null, "wikidata": null, "wikimedia_commons": null, "wikipedia": null, "school:type_idn": null, "layer": null, "type:id": "SD", "access:roof": null, "addr:full": null, "building:levels": null, "building:roof": null, "building:structure": null, "building:walls": null, "capacity:persons": null, "description": null, "landuse": null, "type": null }, "geometry": { "type": "Polygon", "coordinates": [ [ [ 109.2606615, -7.3618924 ], [ 109.2609225, -7.3619 ], [ 109.2609192, -7.3620114 ], [ 109.2606582, -7.3620039 ], [ 109.2606615, -7.3618924 ] ] ] } },
{ "type": "Feature", "properties": { "element": "way", "id": 304169377, "addr:street": null, "amenity": "college", "name": "Akademi Perawat - Yakpermas", "int_name": null, "source": null, "education": null, "check_date": null, "addr:city": null, "addr:district": null, "addr:housename": null, "addr:neighbourhood": null, "addr:postcode": null, "addr:province": null, "addr:subdistrict": null, "government": null, "grades": null, "internet_access": null, "internet_access:fee": null, "operator": null, "operator:type": null, "religion": null, "start_date": null, "website": null, "addr:housenumber": null, "designation": null, "building": "yes", "name:id": null, "note": null, "phone": null, "wikidata": null, "wikimedia_commons": null, "wikipedia": null, "school:type_idn": null, "layer": null, "type:id": null, "access:roof": "no", "addr:full": "Jalan Raya Jompo Kulon, Sokaraja, Banyumas", "building:levels": "2", "building:roof": "tile", "building:structure": "reinforced_masonry", "building:walls": "brick", "capacity:persons": "300", "description": null, "landuse": null, "type": null }, "geometry": { "type": "Polygon", "coordinates": [ [ [ 109.3327311, -7.4354649 ], [ 109.333379, -7.4354387 ], [ 109.3333725, -7.4358956 ], [ 109.332575, -7.4359329 ], [ 109.3325723, -7.435825 ], [ 109.3327437, -7.435825 ], [ 109.332741, -7.4356981 ], [ 109.3327015, -7.4356981 ], [ 109.3327002, -7.4355955 ], [ 109.3327465, -7.4355901 ], [ 109.3327311, -7.4354649 ] ] ] } },
{ "type": "Feature", "properties": { "element": "way", "id": 304171851, "addr:street": null, "amenity": "school", "name": "SD Negeri Jompo Kulon", "int_name": null, "source": null, "education": null, "check_date": null, "addr:city": null, "addr:district": null, "addr:housename": null, "addr:neighbourhood": null, "addr:postcode": null, "addr:province": null, "addr:subdistrict": null, "government": null, "grades": null, "internet_access": null, "internet_access:fee": null, "operator": null, "operator:type": null, "religion": null, "start_date": null, "website": null, "addr:housenumber": null, "designation": null, "building": "yes", "name:id": null, "note": null, "phone": null, "wikidata": null, "wikimedia_commons": null, "wikipedia": null, "school:type_idn": null, "layer": null, "type:id": "SD", "access:roof": "no", "addr:full": "Jalan Raya Jompo Kulon, Sokaraja, Banyumas", "building:levels": "1", "building:roof": "tile", "building:structure": "plastered", "building:walls": "brick", "capacity:persons": "400", "description": null, "landuse": null, "type": null }, "geometry": { "type": "Polygon", "coordinates": [ [ [ 109.3312658, -7.4359279 ], [ 109.3315031, -7.4359242 ], [ 109.3315045, -7.436016 ], [ 109.3315064, -7.4361372 ], [ 109.3315098, -7.4363552 ], [ 109.3312359, -7.4363594 ], [ 109.3312343, -7.4362577 ], [ 109.3314035, -7.4362551 ], [ 109.3313997, -7.4360132 ], [ 109.3312672, -7.4360152 ], [ 109.3312658, -7.4359279 ] ] ] } },
{ "type": "Feature", "properties": { "element": "way", "id": 304171852, "addr:street": null, "amenity": "school", "name": "TK Pertiwi Jompo Kulon", "int_name": null, "source": null, "education": null, "check_date": null, "addr:city": null, "addr:district": null, "addr:housename": null, "addr:neighbourhood": null, "addr:postcode": null, "addr:province": null, "addr:subdistrict": null, "government": null, "grades": null, "internet_access": null, "internet_access:fee": null, "operator": null, "operator:type": null, "religion": null, "start_date": null, "website": null, "addr:housenumber": null, "designation": null, "building": "yes", "name:id": null, "note": null, "phone": null, "wikidata": null, "wikimedia_commons": null, "wikipedia": null, "school:type_idn": null, "layer": null, "type:id": "TK", "access:roof": "no", "addr:full": "Jalan Jompo Kulon", "building:levels": "1", "building:roof": "tile", "building:structure": "confined_masonry", "building:walls": "brick", "capacity:persons": "50", "description": null, "landuse": null, "type": null }, "geometry": { "type": "Polygon", "coordinates": [ [ [ 109.3310438, -7.4364732 ], [ 109.3311301, -7.4364732 ], [ 109.3311301, -7.4366159 ], [ 109.3310438, -7.4366159 ], [ 109.3310438, -7.4364732 ] ] ] } },
{ "type": "Feature", "properties": { "element": "way", "id": 304171969, "addr:street": null, "amenity": "school", "name": "SMPN 2 sumbang", "int_name": null, "source": null, "education": null, "check_date": null, "addr:city": null, "addr:district": null, "addr:housename": null, "addr:neighbourhood": null, "addr:postcode": null, "addr:province": null, "addr:subdistrict": null, "government": null, "grades": null, "internet_access": null, "internet_access:fee": null, "operator": null, "operator:type": null, "religion": null, "start_date": null, "website": null, "addr:housenumber": null, "designation": null, "building": null, "name:id": null, "note": null, "phone": null, "wikidata": null, "wikimedia_commons": null, "wikipedia": null, "school:type_idn": null, "layer": null, "type:id": "SMP", "access:roof": null, "addr:full": null, "building:levels": null, "building:roof": null, "building:structure": null, "building:walls": null, "capacity:persons": null, "description": null, "landuse": null, "type": null }, "geometry": { "type": "Polygon", "coordinates": [ [ [ 109.264457, -7.3573736 ], [ 109.2645435, -7.3568678 ], [ 109.2647654, -7.356643 ], [ 109.2652174, -7.3567253 ], [ 109.2654062, -7.3567792 ], [ 109.2656522, -7.3569137 ], [ 109.2656167, -7.3570423 ], [ 109.2655317, -7.3570423 ], [ 109.2655175, -7.3571547 ], [ 109.2654407, -7.3572229 ], [ 109.265328, -7.3575457 ], [ 109.264457, -7.3573736 ] ] ] } },
{ "type": "Feature", "properties": { "element": "way", "id": 304327832, "addr:street": null, "amenity": "school", "name": "MTS ma'arif Banteran", "int_name": null, "source": null, "education": null, "check_date": null, "addr:city": null, "addr:district": null, "addr:housename": null, "addr:neighbourhood": null, "addr:postcode": null, "addr:province": null, "addr:subdistrict": null, "government": null, "grades": null, "internet_access": null, "internet_access:fee": null, "operator": null, "operator:type": null, "religion": null, "start_date": null, "website": null, "addr:housenumber": null, "designation": null, "building": null, "name:id": null, "note": null, "phone": null, "wikidata": null, "wikimedia_commons": null, "wikipedia": null, "school:type_idn": null, "layer": null, "type:id": null, "access:roof": null, "addr:full": null, "building:levels": null, "building:roof": null, "building:structure": null, "building:walls": null, "capacity:persons": null, "description": null, "landuse": null, "type": null }, "geometry": { "type": "Polygon", "coordinates": [ [ [ 109.2688209, -7.3583005 ], [ 109.2689483, -7.3578591 ], [ 109.2692558, -7.3579213 ], [ 109.2691446, -7.3583828 ], [ 109.2688209, -7.3583005 ] ] ] } },
{ "type": "Feature", "properties": { "element": "way", "id": 304327833, "addr:street": null, "amenity": "school", "name": "SDN 1 2 3 Banteran", "int_name": null, "source": null, "education": null, "check_date": null, "addr:city": null, "addr:district": null, "addr:housename": null, "addr:neighbourhood": null, "addr:postcode": null, "addr:province": null, "addr:subdistrict": null, "government": null, "grades": null, "internet_access": null, "internet_access:fee": null, "operator": null, "operator:type": null, "religion": null, "start_date": null, "website": null, "addr:housenumber": null, "designation": null, "building": "yes", "name:id": null, "note": null, "phone": null, "wikidata": null, "wikimedia_commons": null, "wikipedia": null, "school:type_idn": null, "layer": null, "type:id": null, "access:roof": null, "addr:full": null, "building:levels": null, "building:roof": null, "building:structure": null, "building:walls": null, "capacity:persons": null, "description": null, "landuse": null, "type": null }, "geometry": { "type": "Polygon", "coordinates": [ [ [ 109.264662, -7.3620501 ], [ 109.2645, -7.3620373 ], [ 109.2645088, -7.3619286 ], [ 109.2646741, -7.3619417 ], [ 109.2646744, -7.3619384 ], [ 109.2647716, -7.361949 ], [ 109.2647716, -7.3619494 ], [ 109.2650872, -7.3619742 ], [ 109.2650785, -7.3620829 ], [ 109.2650735, -7.3620825 ], [ 109.2650666, -7.3621683 ], [ 109.2649707, -7.3621607 ], [ 109.2649776, -7.3620749 ], [ 109.2648961, -7.3620685 ], [ 109.2648933, -7.362103 ], [ 109.264852, -7.3620997 ], [ 109.2648547, -7.3620653 ], [ 109.2647596, -7.3620578 ], [ 109.2647475, -7.3621671 ], [ 109.2646503, -7.3621565 ], [ 109.264662, -7.3620501 ] ] ] } },
{ "type": "Feature", "properties": { "element": "way", "id": 304327844, "addr:street": null, "amenity": "kindergarten", "name": "tk pertiwi banteran", "int_name": null, "source": null, "education": null, "check_date": null, "addr:city": null, "addr:district": null, "addr:housename": null, "addr:neighbourhood": null, "addr:postcode": null, "addr:province": null, "addr:subdistrict": null, "government": null, "grades": null, "internet_access": null, "internet_access:fee": null, "operator": null, "operator:type": null, "religion": null, "start_date": null, "website": null, "addr:housenumber": null, "designation": null, "building": "yes", "name:id": null, "note": null, "phone": null, "wikidata": null, "wikimedia_commons": null, "wikipedia": null, "school:type_idn": null, "layer": null, "type:id": null, "access:roof": null, "addr:full": null, "building:levels": null, "building:roof": null, "building:structure": null, "building:walls": null, "capacity:persons": null, "description": null, "landuse": null, "type": null }, "geometry": { "type": "Polygon", "coordinates": [ [ [ 109.2649807, -7.3618945 ], [ 109.2649914, -7.3617979 ], [ 109.2651216, -7.3618121 ], [ 109.2651109, -7.3619087 ], [ 109.2649807, -7.3618945 ] ] ] } },
{ "type": "Feature", "properties": { "element": "way", "id": 304346129, "addr:street": null, "amenity": "school", "name": "sd mi ma'aruf NU", "int_name": null, "source": null, "education": null, "check_date": null, "addr:city": null, "addr:district": null, "addr:housename": null, "addr:neighbourhood": null, "addr:postcode": null, "addr:province": null, "addr:subdistrict": null, "government": null, "grades": null, "internet_access": null, "internet_access:fee": null, "operator": null, "operator:type": null, "religion": null, "start_date": null, "website": null, "addr:housenumber": null, "designation": null, "building": null, "name:id": null, "note": null, "phone": null, "wikidata": null, "wikimedia_commons": null, "wikipedia": null, "school:type_idn": null, "layer": null, "type:id": null, "access:roof": null, "addr:full": null, "building:levels": null, "building:roof": "tile", "building:structure": "unreinforced_masonry", "building:walls": "brick", "capacity:persons": null, "description": null, "landuse": null, "type": null }, "geometry": { "type": "Polygon", "coordinates": [ [ [ 109.2348273, -7.4380351 ], [ 109.2348219, -7.4381241 ], [ 109.2350855, -7.438125 ], [ 109.2350823, -7.4381766 ], [ 109.2351981, -7.4381941 ], [ 109.2352107, -7.4380454 ], [ 109.2348273, -7.4380351 ] ] ] } },
{ "type": "Feature", "properties": { "element": "way", "id": 304375557, "addr:street": null, "amenity": "kindergarten", "name": "PAUD TUNAS CERIA", "int_name": null, "source": null, "education": null, "check_date": null, "addr:city": null, "addr:district": null, "addr:housename": null, "addr:neighbourhood": null, "addr:postcode": null, "addr:province": null, "addr:subdistrict": null, "government": null, "grades": null, "internet_access": null, "internet_access:fee": null, "operator": null, "operator:type": null, "religion": null, "start_date": null, "website": null, "addr:housenumber": null, "designation": null, "building": "yes", "name:id": null, "note": null, "phone": null, "wikidata": null, "wikimedia_commons": null, "wikipedia": null, "school:type_idn": null, "layer": null, "type:id": null, "access:roof": "no", "addr:full": "Jompo Kulon", "building:levels": "1", "building:roof": "tile", "building:structure": "unreinforced_masonry", "building:walls": "brick", "capacity:persons": "15", "description": null, "landuse": null, "type": null }, "geometry": { "type": "Polygon", "coordinates": [ [ [ 109.3321633, -7.437287 ], [ 109.3322467, -7.4372887 ], [ 109.3322445, -7.4373969 ], [ 109.3321611, -7.4373952 ], [ 109.3321633, -7.437287 ] ] ] } },
{ "type": "Feature", "properties": { "element": "way", "id": 306648244, "addr:street": null, "amenity": "school", "name": null, "int_name": null, "source": null, "education": null, "check_date": null, "addr:city": null, "addr:district": null, "addr:housename": null, "addr:neighbourhood": null, "addr:postcode": null, "addr:province": null, "addr:subdistrict": null, "government": null, "grades": null, "internet_access": null, "internet_access:fee": null, "operator": null, "operator:type": null, "religion": null, "start_date": null, "website": null, "addr:housenumber": null, "designation": null, "building": null, "name:id": null, "note": null, "phone": null, "wikidata": null, "wikimedia_commons": null, "wikipedia": null, "school:type_idn": null, "layer": null, "type:id": null, "access:roof": null, "addr:full": null, "building:levels": null, "building:roof": null, "building:structure": null, "building:walls": null, "capacity:persons": null, "description": null, "landuse": null, "type": null }, "geometry": { "type": "Polygon", "coordinates": [ [ [ 109.2994634, -7.4176772 ], [ 109.2994783, -7.4185302 ], [ 109.3003339, -7.4186605 ], [ 109.3004278, -7.4180195 ], [ 109.3003152, -7.4178652 ], [ 109.3002696, -7.4175913 ], [ 109.2994634, -7.4176772 ] ] ] } },
{ "type": "Feature", "properties": { "element": "way", "id": 306655362, "addr:street": null, "amenity": "university", "name": null, "int_name": null, "source": null, "education": null, "check_date": null, "addr:city": null, "addr:district": null, "addr:housename": null, "addr:neighbourhood": null, "addr:postcode": null, "addr:province": null, "addr:subdistrict": null, "government": null, "grades": null, "internet_access": null, "internet_access:fee": null, "operator": null, "operator:type": null, "religion": null, "start_date": null, "website": null, "addr:housenumber": null, "designation": null, "building": null, "name:id": null, "note": null, "phone": null, "wikidata": null, "wikimedia_commons": null, "wikipedia": null, "school:type_idn": null, "layer": null, "type:id": null, "access:roof": null, "addr:full": null, "building:levels": null, "building:roof": null, "building:structure": null, "building:walls": null, "capacity:persons": null, "description": null, "landuse": null, "type": null }, "geometry": { "type": "Polygon", "coordinates": [ [ [ 109.266145, -7.4349854 ], [ 109.2662899, -7.4349933 ], [ 109.2662872, -7.4352035 ], [ 109.2663945, -7.4352088 ], [ 109.2663864, -7.4352912 ], [ 109.2663301, -7.4352965 ], [ 109.2663301, -7.4353231 ], [ 109.2661289, -7.4353178 ], [ 109.266145, -7.4349854 ] ] ] } },
{ "type": "Feature", "properties": { "element": "way", "id": 306655367, "addr:street": null, "amenity": "university", "name": null, "int_name": null, "source": null, "education": null, "check_date": null, "addr:city": null, "addr:district": null, "addr:housename": null, "addr:neighbourhood": null, "addr:postcode": null, "addr:province": null, "addr:subdistrict": null, "government": null, "grades": null, "internet_access": null, "internet_access:fee": null, "operator": null, "operator:type": null, "religion": null, "start_date": null, "website": null, "addr:housenumber": null, "designation": null, "building": null, "name:id": null, "note": null, "phone": null, "wikidata": null, "wikimedia_commons": null, "wikipedia": null, "school:type_idn": null, "layer": null, "type:id": null, "access:roof": null, "addr:full": null, "building:levels": null, "building:roof": null, "building:structure": null, "building:walls": null, "capacity:persons": null, "description": null, "landuse": null, "type": null }, "geometry": { "type": "Polygon", "coordinates": [ [ [ 109.2657212, -7.4349933 ], [ 109.265791, -7.43498 ], [ 109.2658071, -7.4350492 ], [ 109.2659385, -7.4350226 ], [ 109.2659573, -7.4351077 ], [ 109.2658902, -7.4351263 ], [ 109.2658795, -7.4350997 ], [ 109.2658178, -7.435113 ], [ 109.2658285, -7.4351396 ], [ 109.2657615, -7.4351503 ], [ 109.2657212, -7.4349933 ] ] ] } },
{ "type": "Feature", "properties": { "element": "way", "id": 306655369, "addr:street": null, "amenity": "university", "name": null, "int_name": null, "source": null, "education": null, "check_date": null, "addr:city": null, "addr:district": null, "addr:housename": null, "addr:neighbourhood": null, "addr:postcode": null, "addr:province": null, "addr:subdistrict": null, "government": null, "grades": null, "internet_access": null, "internet_access:fee": null, "operator": null, "operator:type": null, "religion": null, "start_date": null, "website": null, "addr:housenumber": null, "designation": null, "building": null, "name:id": null, "note": null, "phone": null, "wikidata": null, "wikimedia_commons": null, "wikipedia": null, "school:type_idn": null, "layer": null, "type:id": null, "access:roof": null, "addr:full": null, "building:levels": null, "building:roof": null, "building:structure": null, "building:walls": null, "capacity:persons": null, "description": null, "landuse": null, "type": null }, "geometry": { "type": "Polygon", "coordinates": [ [ [ 109.2660007, -7.4349271 ], [ 109.2659948, -7.4350279 ], [ 109.2660968, -7.4350306 ], [ 109.2660929, -7.4349323 ], [ 109.2660007, -7.4349271 ] ] ] } },
{ "type": "Feature", "properties": { "element": "way", "id": 306655373, "addr:street": null, "amenity": "university", "name": null, "int_name": null, "source": null, "education": null, "check_date": null, "addr:city": null, "addr:district": null, "addr:housename": null, "addr:neighbourhood": null, "addr:postcode": null, "addr:province": null, "addr:subdistrict": null, "government": null, "grades": null, "internet_access": null, "internet_access:fee": null, "operator": null, "operator:type": null, "religion": null, "start_date": null, "website": null, "addr:housenumber": null, "designation": null, "building": null, "name:id": null, "note": null, "phone": null, "wikidata": null, "wikimedia_commons": null, "wikipedia": null, "school:type_idn": null, "layer": null, "type:id": null, "access:roof": null, "addr:full": null, "building:levels": null, "building:roof": null, "building:structure": null, "building:walls": null, "capacity:persons": null, "description": null, "landuse": null, "type": null }, "geometry": { "type": "Polygon", "coordinates": [ [ [ 109.2663328, -7.4348524 ], [ 109.2663221, -7.4349667 ], [ 109.2667003, -7.4349827 ], [ 109.2667003, -7.434855 ], [ 109.2663328, -7.4348524 ] ] ] } },
{ "type": "Feature", "properties": { "element": "way", "id": 310030105, "addr:street": null, "amenity": "school", "name": "SDN Sokaraja 1", "int_name": null, "source": null, "education": null, "check_date": null, "addr:city": null, "addr:district": null, "addr:housename": null, "addr:neighbourhood": null, "addr:postcode": null, "addr:province": null, "addr:subdistrict": null, "government": null, "grades": null, "internet_access": null, "internet_access:fee": null, "operator": null, "operator:type": null, "religion": null, "start_date": null, "website": null, "addr:housenumber": null, "designation": null, "building": null, "name:id": null, "note": null, "phone": null, "wikidata": null, "wikimedia_commons": null, "wikipedia": null, "school:type_idn": null, "layer": null, "type:id": null, "access:roof": null, "addr:full": null, "building:levels": null, "building:roof": null, "building:structure": null, "building:walls": null, "capacity:persons": null, "description": null, "landuse": null, "type": null }, "geometry": { "type": "Polygon", "coordinates": [ [ [ 109.2918173, -7.4565554 ], [ 109.2918168, -7.4566193 ], [ 109.2918146, -7.4569193 ], [ 109.2920515, -7.456921 ], [ 109.2920525, -7.4567848 ], [ 109.2919659, -7.4567842 ], [ 109.2919675, -7.4565565 ], [ 109.2918173, -7.4565554 ] ] ] } },
{ "type": "Feature", "properties": { "element": "way", "id": 310044380, "addr:street": null, "amenity": "school", "name": null, "int_name": null, "source": null, "education": null, "check_date": null, "addr:city": null, "addr:district": null, "addr:housename": null, "addr:neighbourhood": null, "addr:postcode": null, "addr:province": null, "addr:subdistrict": null, "government": null, "grades": null, "internet_access": null, "internet_access:fee": null, "operator": null, "operator:type": null, "religion": null, "start_date": null, "website": null, "addr:housenumber": null, "designation": null, "building": null, "name:id": null, "note": null, "phone": null, "wikidata": null, "wikimedia_commons": null, "wikipedia": null, "school:type_idn": null, "layer": null, "type:id": null, "access:roof": null, "addr:full": null, "building:levels": null, "building:roof": null, "building:structure": null, "building:walls": null, "capacity:persons": null, "description": null, "landuse": null, "type": null }, "geometry": { "type": "Polygon", "coordinates": [ [ [ 109.2856273, -7.446968 ], [ 109.2856756, -7.4471541 ], [ 109.2857721, -7.4471435 ], [ 109.2857077, -7.446936 ], [ 109.2856273, -7.446968 ] ] ] } },
{ "type": "Feature", "properties": { "element": "way", "id": 310044381, "addr:street": null, "amenity": "school", "name": null, "int_name": null, "source": null, "education": null, "check_date": null, "addr:city": null, "addr:district": null, "addr:housename": null, "addr:neighbourhood": null, "addr:postcode": null, "addr:province": null, "addr:subdistrict": null, "government": null, "grades": null, "internet_access": null, "internet_access:fee": null, "operator": null, "operator:type": null, "religion": null, "start_date": null, "website": null, "addr:housenumber": null, "designation": null, "building": null, "name:id": null, "note": null, "phone": null, "wikidata": null, "wikimedia_commons": null, "wikipedia": null, "school:type_idn": null, "layer": null, "type:id": null, "access:roof": null, "addr:full": null, "building:levels": null, "building:roof": null, "building:structure": null, "building:walls": null, "capacity:persons": null, "description": null, "landuse": null, "type": null }, "geometry": { "type": "Polygon", "coordinates": [ [ [ 109.2854342, -7.4472445 ], [ 109.285461, -7.4473084 ], [ 109.2857292, -7.4472499 ], [ 109.285697, -7.4471754 ], [ 109.2854342, -7.4472445 ] ] ] } },
{ "type": "Feature", "properties": { "element": "way", "id": 310794680, "addr:street": null, "amenity": "school", "name": "SD Kristen Sokaraja", "int_name": null, "source": null, "education": null, "check_date": null, "addr:city": null, "addr:district": null, "addr:housename": null, "addr:neighbourhood": null, "addr:postcode": null, "addr:province": null, "addr:subdistrict": null, "government": null, "grades": null, "internet_access": null, "internet_access:fee": null, "operator": null, "operator:type": null, "religion": "christian", "start_date": null, "website": null, "addr:housenumber": null, "designation": null, "building": null, "name:id": null, "note": null, "phone": null, "wikidata": null, "wikimedia_commons": null, "wikipedia": null, "school:type_idn": null, "layer": null, "type:id": null, "access:roof": null, "addr:full": null, "building:levels": null, "building:roof": null, "building:structure": null, "building:walls": null, "capacity:persons": null, "description": null, "landuse": null, "type": null }, "geometry": { "type": "Polygon", "coordinates": [ [ [ 109.2975647, -7.4588769 ], [ 109.2975723, -7.4591471 ], [ 109.297583, -7.4595256 ], [ 109.2980739, -7.4595119 ], [ 109.2980555, -7.4588632 ], [ 109.2975647, -7.4588769 ] ] ] } },
{ "type": "Feature", "properties": { "element": "way", "id": 310797099, "addr:street": null, "amenity": "school", "name": null, "int_name": null, "source": null, "education": null, "check_date": null, "addr:city": null, "addr:district": null, "addr:housename": null, "addr:neighbourhood": null, "addr:postcode": null, "addr:province": null, "addr:subdistrict": null, "government": null, "grades": null, "internet_access": null, "internet_access:fee": null, "operator": null, "operator:type": null, "religion": null, "start_date": null, "website": null, "addr:housenumber": null, "designation": null, "building": null, "name:id": null, "note": null, "phone": null, "wikidata": null, "wikimedia_commons": null, "wikipedia": null, "school:type_idn": null, "layer": null, "type:id": null, "access:roof": null, "addr:full": null, "building:levels": null, "building:roof": null, "building:structure": null, "building:walls": null, "capacity:persons": null, "description": null, "landuse": null, "type": null }, "geometry": { "type": "Polygon", "coordinates": [ [ [ 109.2869834, -7.447162 ], [ 109.2870277, -7.4474299 ], [ 109.2870366, -7.447519 ], [ 109.2877625, -7.4473961 ], [ 109.2876915, -7.4470477 ], [ 109.2876324, -7.4470564 ], [ 109.2872513, -7.4471184 ], [ 109.2871725, -7.4471312 ], [ 109.2869834, -7.447162 ] ] ] } },
{ "type": "Feature", "properties": { "element": "way", "id": 310798031, "addr:street": null, "amenity": "kindergarten", "name": null, "int_name": null, "source": null, "education": null, "check_date": null, "addr:city": null, "addr:district": null, "addr:housename": null, "addr:neighbourhood": null, "addr:postcode": null, "addr:province": null, "addr:subdistrict": null, "government": null, "grades": null, "internet_access": null, "internet_access:fee": null, "operator": null, "operator:type": null, "religion": null, "start_date": null, "website": null, "addr:housenumber": null, "designation": null, "building": null, "name:id": null, "note": null, "phone": null, "wikidata": null, "wikimedia_commons": null, "wikipedia": null, "school:type_idn": null, "layer": null, "type:id": null, "access:roof": null, "addr:full": null, "building:levels": null, "building:roof": null, "building:structure": null, "building:walls": null, "capacity:persons": null, "description": null, "landuse": null, "type": null }, "geometry": { "type": "Polygon", "coordinates": [ [ [ 109.307051, -7.4468303 ], [ 109.3070541, -7.446968 ], [ 109.3072116, -7.4469645 ], [ 109.3072085, -7.4468268 ], [ 109.3071088, -7.446829 ], [ 109.307051, -7.4468303 ] ] ] } },
{ "type": "Feature", "properties": { "element": "way", "id": 311564963, "addr:street": null, "amenity": "school", "name": "Primagama", "int_name": null, "source": null, "education": null, "check_date": null, "addr:city": null, "addr:district": null, "addr:housename": null, "addr:neighbourhood": null, "addr:postcode": null, "addr:province": null, "addr:subdistrict": null, "government": null, "grades": null, "internet_access": null, "internet_access:fee": null, "operator": null, "operator:type": null, "religion": null, "start_date": null, "website": null, "addr:housenumber": null, "designation": null, "building": "yes", "name:id": null, "note": null, "phone": null, "wikidata": null, "wikimedia_commons": null, "wikipedia": null, "school:type_idn": null, "layer": null, "type:id": "Tempat kursus/les", "access:roof": "no", "addr:full": null, "building:levels": "2", "building:roof": "tile", "building:structure": "reinforced_masonry", "building:walls": "brick", "capacity:persons": "30", "description": null, "landuse": null, "type": null }, "geometry": { "type": "Polygon", "coordinates": [ [ [ 109.2448274, -7.4001753 ], [ 109.2449539, -7.4001753 ], [ 109.2449539, -7.4003007 ], [ 109.2448274, -7.4003007 ], [ 109.2448274, -7.4001753 ] ] ] } },
{ "type": "Feature", "properties": { "element": "way", "id": 358479248, "addr:street": null, "amenity": "university", "name": "Farmasi Unsoed", "int_name": null, "source": null, "education": null, "check_date": null, "addr:city": null, "addr:district": null, "addr:housename": null, "addr:neighbourhood": null, "addr:postcode": null, "addr:province": null, "addr:subdistrict": null, "government": null, "grades": null, "internet_access": null, "internet_access:fee": null, "operator": null, "operator:type": null, "religion": null, "start_date": null, "website": null, "addr:housenumber": null, "designation": null, "building": null, "name:id": null, "note": null, "phone": null, "wikidata": null, "wikimedia_commons": null, "wikipedia": null, "school:type_idn": null, "layer": null, "type:id": null, "access:roof": null, "addr:full": null, "building:levels": null, "building:roof": null, "building:structure": null, "building:walls": null, "capacity:persons": null, "description": null, "landuse": null, "type": null }, "geometry": { "type": "Polygon", "coordinates": [ [ [ 109.2520045, -7.4107704 ], [ 109.2521761, -7.4107013 ], [ 109.2522861, -7.411063 ], [ 109.2520662, -7.4111162 ], [ 109.2520045, -7.4107704 ] ] ] } },
{ "type": "Feature", "properties": { "element": "way", "id": 362880247, "addr:street": null, "amenity": "school", "name": "SMP Muhammadiyah Kebasen", "int_name": null, "source": null, "education": null, "check_date": null, "addr:city": null, "addr:district": null, "addr:housename": null, "addr:neighbourhood": null, "addr:postcode": null, "addr:province": null, "addr:subdistrict": null, "government": null, "grades": null, "internet_access": null, "internet_access:fee": null, "operator": null, "operator:type": null, "religion": null, "start_date": null, "website": null, "addr:housenumber": null, "designation": null, "building": null, "name:id": null, "note": null, "phone": null, "wikidata": null, "wikimedia_commons": null, "wikipedia": null, "school:type_idn": null, "layer": null, "type:id": null, "access:roof": null, "addr:full": null, "building:levels": null, "building:roof": null, "building:structure": null, "building:walls": null, "capacity:persons": null, "description": null, "landuse": null, "type": null }, "geometry": { "type": "Polygon", "coordinates": [ [ [ 109.201783, -7.5405841 ], [ 109.2023021, -7.5405947 ], [ 109.2023101, -7.5409577 ], [ 109.2018614, -7.5410124 ], [ 109.201783, -7.5405841 ] ] ] } },
{ "type": "Feature", "properties": { "element": "way", "id": 364269660, "addr:street": null, "amenity": "school", "name": "SD Negeri 2 Kebasen", "int_name": null, "source": null, "education": null, "check_date": null, "addr:city": null, "addr:district": null, "addr:housename": null, "addr:neighbourhood": null, "addr:postcode": null, "addr:province": null, "addr:subdistrict": null, "government": null, "grades": null, "internet_access": null, "internet_access:fee": null, "operator": null, "operator:type": null, "religion": null, "start_date": null, "website": null, "addr:housenumber": null, "designation": null, "building": null, "name:id": null, "note": null, "phone": null, "wikidata": null, "wikimedia_commons": null, "wikipedia": null, "school:type_idn": null, "layer": null, "type:id": null, "access:roof": null, "addr:full": null, "building:levels": null, "building:roof": null, "building:structure": null, "building:walls": null, "capacity:persons": null, "description": null, "landuse": null, "type": null }, "geometry": { "type": "Polygon", "coordinates": [ [ [ 109.1994591, -7.5341853 ], [ 109.1996733, -7.5342098 ], [ 109.1996461, -7.5344434 ], [ 109.1994319, -7.5344189 ], [ 109.1994591, -7.5341853 ] ] ] } },
{ "type": "Feature", "properties": { "element": "way", "id": 374265467, "addr:street": null, "amenity": "school", "name": "SD N 2 Rawalo", "int_name": null, "source": null, "education": null, "check_date": null, "addr:city": null, "addr:district": null, "addr:housename": null, "addr:neighbourhood": null, "addr:postcode": null, "addr:province": null, "addr:subdistrict": null, "government": null, "grades": null, "internet_access": null, "internet_access:fee": null, "operator": null, "operator:type": null, "religion": null, "start_date": null, "website": null, "addr:housenumber": null, "designation": null, "building": null, "name:id": null, "note": null, "phone": null, "wikidata": null, "wikimedia_commons": null, "wikipedia": null, "school:type_idn": null, "layer": null, "type:id": null, "access:roof": null, "addr:full": null, "building:levels": null, "building:roof": null, "building:structure": null, "building:walls": null, "capacity:persons": null, "description": null, "landuse": null, "type": null }, "geometry": { "type": "Polygon", "coordinates": [ [ [ 109.1726652, -7.5372368 ], [ 109.1726665, -7.5373042 ], [ 109.1726678, -7.5373772 ], [ 109.1726681, -7.5373917 ], [ 109.1727835, -7.5375455 ], [ 109.1728056, -7.5375399 ], [ 109.1728778, -7.537544 ], [ 109.1728778, -7.5375057 ], [ 109.1730589, -7.5374941 ], [ 109.1730592, -7.5372642 ], [ 109.1730592, -7.5372044 ], [ 109.1726652, -7.5372368 ] ] ] } },
{ "type": "Feature", "properties": { "element": "way", "id": 374267378, "addr:street": null, "amenity": "school", "name": "SD N 3 Rawalo", "int_name": null, "source": null, "education": null, "check_date": null, "addr:city": null, "addr:district": null, "addr:housename": null, "addr:neighbourhood": null, "addr:postcode": null, "addr:province": null, "addr:subdistrict": null, "government": null, "grades": null, "internet_access": null, "internet_access:fee": null, "operator": null, "operator:type": null, "religion": null, "start_date": null, "website": null, "addr:housenumber": null, "designation": null, "building": null, "name:id": null, "note": null, "phone": null, "wikidata": null, "wikimedia_commons": null, "wikipedia": null, "school:type_idn": null, "layer": null, "type:id": null, "access:roof": null, "addr:full": null, "building:levels": null, "building:roof": null, "building:structure": null, "building:walls": null, "capacity:persons": null, "description": null, "landuse": null, "type": null }, "geometry": { "type": "Polygon", "coordinates": [ [ [ 109.1865294, -7.5325024 ], [ 109.1862325, -7.5326829 ], [ 109.1862861, -7.5327814 ], [ 109.1863996, -7.5329863 ], [ 109.1864262, -7.5330327 ], [ 109.1865529, -7.5332691 ], [ 109.1865613, -7.5332815 ], [ 109.1867894, -7.5331538 ], [ 109.1865294, -7.5325024 ] ] ] } },
{ "type": "Feature", "properties": { "element": "way", "id": 374267454, "addr:street": null, "amenity": "school", "name": "SMP & SMK Diponegoro Rawalo", "int_name": null, "source": null, "education": null, "check_date": null, "addr:city": null, "addr:district": null, "addr:housename": null, "addr:neighbourhood": null, "addr:postcode": null, "addr:province": null, "addr:subdistrict": null, "government": null, "grades": null, "internet_access": null, "internet_access:fee": null, "operator": null, "operator:type": null, "religion": null, "start_date": null, "website": null, "addr:housenumber": null, "designation": null, "building": null, "name:id": null, "note": null, "phone": null, "wikidata": null, "wikimedia_commons": null, "wikipedia": null, "school:type_idn": null, "layer": null, "type:id": null, "access:roof": null, "addr:full": null, "building:levels": null, "building:roof": null, "building:structure": null, "building:walls": null, "capacity:persons": null, "description": null, "landuse": null, "type": null }, "geometry": { "type": "Polygon", "coordinates": [ [ [ 109.189062, -7.5298306 ], [ 109.1890696, -7.5298643 ], [ 109.1891458, -7.530227 ], [ 109.1892212, -7.5305593 ], [ 109.1892253, -7.5305756 ], [ 109.1892499, -7.5306745 ], [ 109.1892738, -7.5307703 ], [ 109.188641, -7.5310951 ], [ 109.1886119, -7.5309837 ], [ 109.1885751, -7.5308432 ], [ 109.188366, -7.5298962 ], [ 109.189062, -7.5298306 ] ] ] } },
{ "type": "Feature", "properties": { "element": "way", "id": 425700335, "addr:street": null, "amenity": "school", "name": "SD N Banjar Sari Kidul Sokaraja", "int_name": null, "source": null, "education": null, "check_date": null, "addr:city": null, "addr:district": null, "addr:housename": null, "addr:neighbourhood": null, "addr:postcode": null, "addr:province": null, "addr:subdistrict": null, "government": null, "grades": null, "internet_access": null, "internet_access:fee": null, "operator": null, "operator:type": null, "religion": null, "start_date": null, "website": null, "addr:housenumber": null, "designation": null, "building": null, "name:id": null, "note": null, "phone": null, "wikidata": null, "wikimedia_commons": null, "wikipedia": null, "school:type_idn": null, "layer": null, "type:id": null, "access:roof": null, "addr:full": null, "building:levels": null, "building:roof": null, "building:structure": null, "building:walls": null, "capacity:persons": null, "description": null, "landuse": null, "type": null }, "geometry": { "type": "Polygon", "coordinates": [ [ [ 109.3279176, -7.4413627 ], [ 109.3279601, -7.4413615 ], [ 109.3280653, -7.4413586 ], [ 109.3281736, -7.4413659 ], [ 109.3282217, -7.4413692 ], [ 109.3282133, -7.4415233 ], [ 109.3282123, -7.4415405 ], [ 109.3281819, -7.4420968 ], [ 109.328176, -7.4422049 ], [ 109.3280653, -7.4421982 ], [ 109.3280666, -7.441997 ], [ 109.3280025, -7.4419964 ], [ 109.327884, -7.4419952 ], [ 109.3279092, -7.4415211 ], [ 109.3279176, -7.4413627 ] ] ] } },
{ "type": "Feature", "properties": { "element": "way", "id": 456873319, "addr:street": "Jalan Krida Mandala", "amenity": "school", "name": "SD Negeri 2 Sokaraja Tengah", "int_name": null, "source": null, "education": null, "check_date": null, "addr:city": "Sokaraja", "addr:district": null, "addr:housename": null, "addr:neighbourhood": null, "addr:postcode": null, "addr:province": null, "addr:subdistrict": null, "government": null, "grades": null, "internet_access": null, "internet_access:fee": null, "operator": null, "operator:type": null, "religion": null, "start_date": null, "website": null, "addr:housenumber": "17", "designation": null, "building": null, "name:id": null, "note": null, "phone": null, "wikidata": null, "wikimedia_commons": null, "wikipedia": null, "school:type_idn": null, "layer": null, "type:id": null, "access:roof": null, "addr:full": null, "building:levels": null, "building:roof": null, "building:structure": null, "building:walls": null, "capacity:persons": null, "description": null, "landuse": null, "type": null }, "geometry": { "type": "Polygon", "coordinates": [ [ [ 109.2923921, -7.4597642 ], [ 109.2923741, -7.4600668 ], [ 109.2921168, -7.4600557 ], [ 109.291733, -7.4600243 ], [ 109.2917196, -7.4599684 ], [ 109.2916659, -7.4599711 ], [ 109.2915426, -7.4599631 ], [ 109.2913602, -7.4599418 ], [ 109.2908908, -7.4599046 ], [ 109.2907889, -7.4598993 ], [ 109.290797, -7.4597524 ], [ 109.2923921, -7.4597642 ] ] ] } },
{ "type": "Feature", "properties": { "element": "way", "id": 457599846, "addr:street": "Jalan Pramuka", "amenity": "school", "name": "SD Negeri 1 Karangkedawung", "int_name": null, "source": null, "education": null, "check_date": null, "addr:city": "Sokaraja", "addr:district": null, "addr:housename": null, "addr:neighbourhood": null, "addr:postcode": "53181", "addr:province": null, "addr:subdistrict": null, "government": null, "grades": null, "internet_access": null, "internet_access:fee": null, "operator": null, "operator:type": null, "religion": null, "start_date": null, "website": null, "addr:housenumber": "2", "designation": null, "building": null, "name:id": null, "note": null, "phone": null, "wikidata": null, "wikimedia_commons": null, "wikipedia": null, "school:type_idn": null, "layer": null, "type:id": null, "access:roof": null, "addr:full": null, "building:levels": null, "building:roof": null, "building:structure": null, "building:walls": null, "capacity:persons": null, "description": null, "landuse": null, "type": null }, "geometry": { "type": "Polygon", "coordinates": [ [ [ 109.2825315, -7.4552289 ], [ 109.2825485, -7.4552403 ], [ 109.2825546, -7.4552631 ], [ 109.2825761, -7.4553446 ], [ 109.2826328, -7.4554665 ], [ 109.282652, -7.4555002 ], [ 109.2820316, -7.455631 ], [ 109.2820132, -7.4555535 ], [ 109.2819665, -7.4553565 ], [ 109.2825315, -7.4552289 ] ] ] } },
{ "type": "Feature", "properties": { "element": "way", "id": 457600855, "addr:street": "Jalan Menteri Supeno", "amenity": "school", "name": "SD Negeri 2 Karangkedawung", "int_name": null, "source": null, "education": null, "check_date": null, "addr:city": "Sokaraja", "addr:district": null, "addr:housename": null, "addr:neighbourhood": null, "addr:postcode": "53181", "addr:province": null, "addr:subdistrict": null, "government": null, "grades": null, "internet_access": null, "internet_access:fee": null, "operator": null, "operator:type": null, "religion": null, "start_date": null, "website": null, "addr:housenumber": "135", "designation": null, "building": null, "name:id": null, "note": null, "phone": null, "wikidata": null, "wikimedia_commons": null, "wikipedia": null, "school:type_idn": null, "layer": null, "type:id": null, "access:roof": null, "addr:full": null, "building:levels": null, "building:roof": null, "building:structure": null, "building:walls": null, "capacity:persons": null, "description": null, "landuse": null, "type": null }, "geometry": { "type": "Polygon", "coordinates": [ [ [ 109.2767976, -7.4572376 ], [ 109.2772241, -7.4571897 ], [ 109.2773153, -7.4577774 ], [ 109.2771865, -7.4577721 ], [ 109.2770417, -7.4576179 ], [ 109.2770014, -7.4575487 ], [ 109.2769558, -7.4573679 ], [ 109.2768405, -7.4573838 ], [ 109.2767976, -7.4572376 ] ] ] } },
{ "type": "Feature", "properties": { "element": "way", "id": 457601887, "addr:street": "Jalan Krida Mandala", "amenity": "school", "name": "SDIT Top Kids", "int_name": null, "source": null, "education": null, "check_date": null, "addr:city": "Sokaraja", "addr:district": null, "addr:housename": null, "addr:neighbourhood": null, "addr:postcode": "53181", "addr:province": null, "addr:subdistrict": null, "government": null, "grades": null, "internet_access": null, "internet_access:fee": null, "operator": null, "operator:type": null, "religion": null, "start_date": null, "website": null, "addr:housenumber": null, "designation": null, "building": null, "name:id": null, "note": null, "phone": null, "wikidata": null, "wikimedia_commons": null, "wikipedia": null, "school:type_idn": null, "layer": null, "type:id": null, "access:roof": null, "addr:full": null, "building:levels": null, "building:roof": null, "building:structure": null, "building:walls": null, "capacity:persons": null, "description": "Kampus II", "landuse": null, "type": null }, "geometry": { "type": "Polygon", "coordinates": [ [ [ 109.2916858, -7.4615503 ], [ 109.2916858, -7.4617217 ], [ 109.2919696, -7.4617253 ], [ 109.2919678, -7.4615503 ], [ 109.2916858, -7.4615503 ] ] ] } },
{ "type": "Feature", "properties": { "element": "way", "id": 527737468, "addr:street": null, "amenity": "school", "name": "SMA N Jatilawang", "int_name": null, "source": null, "education": null, "check_date": null, "addr:city": null, "addr:district": null, "addr:housename": null, "addr:neighbourhood": null, "addr:postcode": null, "addr:province": null, "addr:subdistrict": null, "government": null, "grades": null, "internet_access": null, "internet_access:fee": null, "operator": null, "operator:type": null, "religion": null, "start_date": null, "website": null, "addr:housenumber": null, "designation": null, "building": null, "name:id": null, "note": null, "phone": null, "wikidata": null, "wikimedia_commons": null, "wikipedia": null, "school:type_idn": null, "layer": null, "type:id": null, "access:roof": null, "addr:full": null, "building:levels": null, "building:roof": null, "building:structure": null, "building:walls": null, "capacity:persons": null, "description": null, "landuse": null, "type": null }, "geometry": { "type": "Polygon", "coordinates": [ [ [ 109.1158247, -7.5337596 ], [ 109.1158198, -7.5338938 ], [ 109.1158156, -7.5339681 ], [ 109.1158073, -7.534189 ], [ 109.1157992, -7.5343034 ], [ 109.1157965, -7.5343991 ], [ 109.1152963, -7.5343845 ], [ 109.1152561, -7.5350758 ], [ 109.1171712, -7.5350147 ], [ 109.1171819, -7.5344642 ], [ 109.1163021, -7.5344018 ], [ 109.1163209, -7.5342449 ], [ 109.1163638, -7.5338181 ], [ 109.1158247, -7.5337596 ] ] ] } },
{ "type": "Feature", "properties": { "element": "way", "id": 527737496, "addr:street": null, "amenity": "school", "name": "SMP N 1 Rawalo", "int_name": null, "source": null, "education": null, "check_date": null, "addr:city": null, "addr:district": null, "addr:housename": null, "addr:neighbourhood": null, "addr:postcode": null, "addr:province": null, "addr:subdistrict": null, "government": null, "grades": null, "internet_access": null, "internet_access:fee": null, "operator": null, "operator:type": null, "religion": null, "start_date": null, "website": null, "addr:housenumber": null, "designation": null, "building": null, "name:id": null, "note": null, "phone": null, "wikidata": null, "wikimedia_commons": null, "wikipedia": null, "school:type_idn": null, "layer": null, "type:id": null, "access:roof": null, "addr:full": null, "building:levels": null, "building:roof": null, "building:structure": null, "building:walls": null, "capacity:persons": null, "description": null, "landuse": null, "type": null }, "geometry": { "type": "Polygon", "coordinates": [ [ [ 109.1550118, -7.540245 ], [ 109.15355, -7.5402982 ], [ 109.153609, -7.5414628 ], [ 109.1550708, -7.5413884 ], [ 109.1550118, -7.540245 ] ] ] } },
{ "type": "Feature", "properties": { "element": "way", "id": 527737497, "addr:street": null, "amenity": "school", "name": "SMP N 2 Rawalo", "int_name": null, "source": null, "education": null, "check_date": null, "addr:city": null, "addr:district": null, "addr:housename": null, "addr:neighbourhood": null, "addr:postcode": null, "addr:province": null, "addr:subdistrict": null, "government": null, "grades": null, "internet_access": null, "internet_access:fee": null, "operator": null, "operator:type": null, "religion": null, "start_date": null, "website": null, "addr:housenumber": null, "designation": null, "building": null, "name:id": null, "note": null, "phone": null, "wikidata": null, "wikimedia_commons": null, "wikipedia": null, "school:type_idn": null, "layer": null, "type:id": null, "access:roof": null, "addr:full": null, "building:levels": null, "building:roof": null, "building:structure": null, "building:walls": null, "capacity:persons": null, "description": null, "landuse": null, "type": null }, "geometry": { "type": "Polygon", "coordinates": [ [ [ 109.16437, -7.5068066 ], [ 109.164311, -7.5073171 ], [ 109.1651452, -7.5074501 ], [ 109.1651854, -7.5071496 ], [ 109.1653919, -7.5071789 ], [ 109.1654134, -7.5069794 ], [ 109.16437, -7.5068066 ] ] ] } },
{ "type": "Feature", "properties": { "element": "way", "id": 527737516, "addr:street": null, "amenity": "school", "name": "SMA N 1 Rawalo", "int_name": null, "source": null, "education": null, "check_date": null, "addr:city": null, "addr:district": null, "addr:housename": null, "addr:neighbourhood": null, "addr:postcode": null, "addr:province": null, "addr:subdistrict": null, "government": null, "grades": null, "internet_access": null, "internet_access:fee": null, "operator": null, "operator:type": null, "religion": null, "start_date": null, "website": null, "addr:housenumber": null, "designation": null, "building": null, "name:id": null, "note": null, "phone": null, "wikidata": null, "wikimedia_commons": null, "wikipedia": null, "school:type_idn": null, "layer": null, "type:id": null, "access:roof": null, "addr:full": null, "building:levels": null, "building:roof": null, "building:structure": null, "building:walls": null, "capacity:persons": null, "description": null, "landuse": null, "type": null }, "geometry": { "type": "Polygon", "coordinates": [ [ [ 109.1659579, -7.5288084 ], [ 109.1659648, -7.5287872 ], [ 109.166003, -7.5286709 ], [ 109.1661362, -7.5282651 ], [ 109.1661778, -7.5281383 ], [ 109.1673955, -7.5285797 ], [ 109.1671836, -7.5292525 ], [ 109.1659579, -7.5288084 ] ] ] } },
{ "type": "Feature", "properties": { "element": "way", "id": 527737537, "addr:street": null, "amenity": "school", "name": "SD IT Rawalo", "int_name": null, "source": null, "education": null, "check_date": null, "addr:city": null, "addr:district": null, "addr:housename": null, "addr:neighbourhood": null, "addr:postcode": null, "addr:province": null, "addr:subdistrict": null, "government": null, "grades": null, "internet_access": null, "internet_access:fee": null, "operator": null, "operator:type": null, "religion": null, "start_date": null, "website": null, "addr:housenumber": null, "designation": null, "building": null, "name:id": null, "note": null, "phone": null, "wikidata": null, "wikimedia_commons": null, "wikipedia": null, "school:type_idn": null, "layer": null, "type:id": null, "access:roof": null, "addr:full": null, "building:levels": null, "building:roof": null, "building:structure": null, "building:walls": null, "capacity:persons": null, "description": null, "landuse": null, "type": null }, "geometry": { "type": "Polygon", "coordinates": [ [ [ 109.1761624, -7.5311338 ], [ 109.1761212, -7.5312666 ], [ 109.1760886, -7.5313718 ], [ 109.1764668, -7.5314808 ], [ 109.1764957, -7.5313804 ], [ 109.1765392, -7.5312295 ], [ 109.1762496, -7.531156 ], [ 109.1761624, -7.5311338 ] ] ] } },
{ "type": "Feature", "properties": { "element": "way", "id": 527737541, "addr:street": null, "amenity": "school", "name": "SD IT Rawalo", "int_name": null, "source": null, "education": null, "check_date": null, "addr:city": null, "addr:district": null, "addr:housename": null, "addr:neighbourhood": null, "addr:postcode": null, "addr:province": null, "addr:subdistrict": null, "government": null, "grades": null, "internet_access": null, "internet_access:fee": null, "operator": null, "operator:type": null, "religion": null, "start_date": null, "website": null, "addr:housenumber": null, "designation": null, "building": null, "name:id": null, "note": null, "phone": null, "wikidata": null, "wikimedia_commons": null, "wikipedia": null, "school:type_idn": null, "layer": null, "type:id": null, "access:roof": null, "addr:full": null, "building:levels": null, "building:roof": null, "building:structure": null, "building:walls": null, "capacity:persons": null, "description": null, "landuse": null, "type": null }, "geometry": { "type": "Polygon", "coordinates": [ [ [ 109.1760859, -7.5310394 ], [ 109.1760953, -7.5310122 ], [ 109.1761604, -7.5308251 ], [ 109.1762357, -7.5306084 ], [ 109.1763058, -7.5304065 ], [ 109.1766867, -7.5305714 ], [ 109.1766443, -7.5307151 ], [ 109.1765701, -7.5309402 ], [ 109.1765285, -7.5311537 ], [ 109.1760859, -7.5310394 ] ] ] } },
{ "type": "Feature", "properties": { "element": "way", "id": 527737549, "addr:street": null, "amenity": "school", "name": "SD Negeri 1 Rawalo", "int_name": null, "source": null, "education": null, "check_date": null, "addr:city": null, "addr:district": null, "addr:housename": null, "addr:neighbourhood": null, "addr:postcode": null, "addr:province": null, "addr:subdistrict": null, "government": null, "grades": null, "internet_access": null, "internet_access:fee": null, "operator": null, "operator:type": null, "religion": null, "start_date": null, "website": null, "addr:housenumber": null, "designation": null, "building": null, "name:id": null, "note": null, "phone": null, "wikidata": null, "wikimedia_commons": null, "wikipedia": null, "school:type_idn": null, "layer": null, "type:id": null, "access:roof": null, "addr:full": null, "building:levels": null, "building:roof": null, "building:structure": null, "building:walls": null, "capacity:persons": null, "description": null, "landuse": null, "type": null }, "geometry": { "type": "Polygon", "coordinates": [ [ [ 109.1815791, -7.535714 ], [ 109.1817338, -7.5356231 ], [ 109.1818154, -7.5355764 ], [ 109.1819398, -7.5355009 ], [ 109.1818312, -7.535246 ], [ 109.1814449, -7.535472 ], [ 109.1815146, -7.5355978 ], [ 109.1815791, -7.535714 ] ] ] } },
{ "type": "Feature", "properties": { "element": "way", "id": 527737554, "addr:street": null, "amenity": "school", "name": null, "int_name": null, "source": null, "education": null, "check_date": null, "addr:city": null, "addr:district": null, "addr:housename": null, "addr:neighbourhood": null, "addr:postcode": null, "addr:province": null, "addr:subdistrict": null, "government": null, "grades": null, "internet_access": null, "internet_access:fee": null, "operator": null, "operator:type": null, "religion": null, "start_date": null, "website": null, "addr:housenumber": null, "designation": null, "building": null, "name:id": null, "note": null, "phone": null, "wikidata": null, "wikimedia_commons": null, "wikipedia": null, "school:type_idn": null, "layer": null, "type:id": null, "access:roof": null, "addr:full": null, "building:levels": null, "building:roof": null, "building:structure": null, "building:walls": null, "capacity:persons": null, "description": null, "landuse": null, "type": null }, "geometry": { "type": "Polygon", "coordinates": [ [ [ 109.1896257, -7.5297683 ], [ 109.1897061, -7.5302576 ], [ 109.1895694, -7.5302762 ], [ 109.1895559, -7.5301991 ], [ 109.1891992, -7.5302842 ], [ 109.1891924, -7.5302554 ], [ 109.1890919, -7.5298268 ], [ 109.1896257, -7.5297683 ] ] ] } },
{ "type": "Feature", "properties": { "element": "way", "id": 527737574, "addr:street": null, "amenity": "school", "name": "SD Negeri 4 Rawalo", "int_name": null, "source": null, "education": null, "check_date": null, "addr:city": null, "addr:district": null, "addr:housename": null, "addr:neighbourhood": null, "addr:postcode": null, "addr:province": null, "addr:subdistrict": null, "government": null, "grades": null, "internet_access": null, "internet_access:fee": null, "operator": null, "operator:type": null, "religion": null, "start_date": null, "website": null, "addr:housenumber": null, "designation": null, "building": null, "name:id": null, "note": null, "phone": null, "wikidata": null, "wikimedia_commons": null, "wikipedia": null, "school:type_idn": null, "layer": null, "type:id": null, "access:roof": null, "addr:full": null, "building:levels": null, "building:roof": null, "building:structure": null, "building:walls": null, "capacity:persons": null, "description": null, "landuse": null, "type": null }, "geometry": { "type": "Polygon", "coordinates": [ [ [ 109.181225, -7.5371446 ], [ 109.181563, -7.5369318 ], [ 109.1815811, -7.5374815 ], [ 109.1815884, -7.5375634 ], [ 109.1812545, -7.5376352 ], [ 109.1812401, -7.5371862 ], [ 109.181225, -7.5371446 ] ] ] } },
{ "type": "Feature", "properties": { "element": "way", "id": 527737580, "addr:street": null, "amenity": "school", "name": "SMP Muhammadiyah Rawalo", "int_name": null, "source": null, "education": null, "check_date": null, "addr:city": null, "addr:district": null, "addr:housename": null, "addr:neighbourhood": null, "addr:postcode": null, "addr:province": null, "addr:subdistrict": null, "government": null, "grades": null, "internet_access": null, "internet_access:fee": null, "operator": null, "operator:type": null, "religion": "muslim", "start_date": null, "website": null, "addr:housenumber": null, "designation": null, "building": null, "name:id": null, "note": null, "phone": null, "wikidata": null, "wikimedia_commons": null, "wikipedia": null, "school:type_idn": null, "layer": null, "type:id": null, "access:roof": null, "addr:full": null, "building:levels": null, "building:roof": null, "building:structure": null, "building:walls": null, "capacity:persons": null, "description": null, "landuse": null, "type": null }, "geometry": { "type": "Polygon", "coordinates": [ [ [ 109.1762254, -7.536767 ], [ 109.176153, -7.5362591 ], [ 109.175988, -7.536287 ], [ 109.1759143, -7.5362777 ], [ 109.175748, -7.5362777 ], [ 109.1757372, -7.5362777 ], [ 109.1757426, -7.5363628 ], [ 109.1758982, -7.5368148 ], [ 109.1762254, -7.536767 ] ] ] } },
{ "type": "Feature", "properties": { "element": "way", "id": 850741823, "addr:street": null, "amenity": "school", "name": "SMP Negeri 8 Purwokerto", "int_name": null, "source": null, "education": null, "check_date": null, "addr:city": null, "addr:district": null, "addr:housename": null, "addr:neighbourhood": null, "addr:postcode": null, "addr:province": null, "addr:subdistrict": null, "government": null, "grades": null, "internet_access": null, "internet_access:fee": null, "operator": null, "operator:type": null, "religion": null, "start_date": null, "website": null, "addr:housenumber": null, "designation": null, "building": "yes", "name:id": null, "note": null, "phone": null, "wikidata": null, "wikimedia_commons": null, "wikipedia": null, "school:type_idn": null, "layer": null, "type:id": null, "access:roof": null, "addr:full": null, "building:levels": null, "building:roof": null, "building:structure": null, "building:walls": null, "capacity:persons": null, "description": null, "landuse": null, "type": null }, "geometry": { "type": "Polygon", "coordinates": [ [ [ 109.2410417, -7.424222 ], [ 109.2411441, -7.4242249 ], [ 109.241084, -7.4246792 ], [ 109.2409845, -7.4246694 ], [ 109.2410013, -7.4245073 ], [ 109.2409678, -7.4245053 ], [ 109.2409757, -7.4244271 ], [ 109.2410131, -7.4244301 ], [ 109.2410417, -7.424222 ] ] ] } },
{ "type": "Feature", "properties": { "element": "way", "id": 850803365, "addr:street": null, "amenity": "school", "name": "SDN 3 Purwokerto Kulon", "int_name": null, "source": null, "education": null, "check_date": null, "addr:city": null, "addr:district": null, "addr:housename": null, "addr:neighbourhood": null, "addr:postcode": null, "addr:province": null, "addr:subdistrict": null, "government": null, "grades": null, "internet_access": null, "internet_access:fee": null, "operator": null, "operator:type": null, "religion": null, "start_date": null, "website": null, "addr:housenumber": null, "designation": null, "building": "yes", "name:id": null, "note": null, "phone": null, "wikidata": null, "wikimedia_commons": null, "wikipedia": null, "school:type_idn": null, "layer": null, "type:id": null, "access:roof": null, "addr:full": null, "building:levels": null, "building:roof": null, "building:structure": null, "building:walls": null, "capacity:persons": null, "description": null, "landuse": null, "type": null }, "geometry": { "type": "Polygon", "coordinates": [ [ [ 109.2483968, -7.4322666 ], [ 109.2484006, -7.4325765 ], [ 109.248543, -7.4325788 ], [ 109.2485317, -7.4322681 ], [ 109.2483968, -7.4322666 ] ] ] } },
{ "type": "Feature", "properties": { "element": "way", "id": 850827592, "addr:street": null, "amenity": "school", "name": "TPA Baitul Hidayah", "int_name": null, "source": null, "education": null, "check_date": null, "addr:city": null, "addr:district": null, "addr:housename": null, "addr:neighbourhood": null, "addr:postcode": null, "addr:province": null, "addr:subdistrict": null, "government": null, "grades": null, "internet_access": null, "internet_access:fee": null, "operator": null, "operator:type": null, "religion": null, "start_date": null, "website": null, "addr:housenumber": null, "designation": null, "building": "yes", "name:id": null, "note": null, "phone": null, "wikidata": null, "wikimedia_commons": null, "wikipedia": null, "school:type_idn": null, "layer": null, "type:id": null, "access:roof": null, "addr:full": null, "building:levels": null, "building:roof": null, "building:structure": null, "building:walls": null, "capacity:persons": null, "description": null, "landuse": null, "type": null }, "geometry": { "type": "Polygon", "coordinates": [ [ [ 109.2327283, -7.3276053 ], [ 109.2328396, -7.3275958 ], [ 109.2328447, -7.3276535 ], [ 109.2327333, -7.327663 ], [ 109.2327283, -7.3276053 ] ] ] } },
{ "type": "Feature", "properties": { "element": "way", "id": 850984706, "addr:street": null, "amenity": "school", "name": "MTS Negeri 1 Banyumas", "int_name": null, "source": null, "education": null, "check_date": null, "addr:city": null, "addr:district": null, "addr:housename": null, "addr:neighbourhood": null, "addr:postcode": null, "addr:province": null, "addr:subdistrict": null, "government": null, "grades": null, "internet_access": null, "internet_access:fee": null, "operator": null, "operator:type": null, "religion": null, "start_date": null, "website": null, "addr:housenumber": null, "designation": null, "building": "yes", "name:id": null, "note": null, "phone": null, "wikidata": null, "wikimedia_commons": null, "wikipedia": null, "school:type_idn": null, "layer": null, "type:id": null, "access:roof": null, "addr:full": null, "building:levels": null, "building:roof": null, "building:structure": null, "building:walls": null, "capacity:persons": null, "description": null, "landuse": null, "type": null }, "geometry": { "type": "Polygon", "coordinates": [ [ [ 109.2573313, -7.4316226 ], [ 109.2574008, -7.4315538 ], [ 109.2573126, -7.4314604 ], [ 109.2572346, -7.431535 ], [ 109.2573313, -7.4316226 ] ] ] } },
{ "type": "Feature", "properties": { "element": "way", "id": 851016230, "addr:street": null, "amenity": "school", "name": "SD & TK Santo Yosep", "int_name": null, "source": null, "education": null, "check_date": null, "addr:city": null, "addr:district": null, "addr:housename": null, "addr:neighbourhood": null, "addr:postcode": null, "addr:province": null, "addr:subdistrict": null, "government": null, "grades": null, "internet_access": null, "internet_access:fee": null, "operator": null, "operator:type": null, "religion": null, "start_date": null, "website": null, "addr:housenumber": null, "designation": null, "building": "yes", "name:id": null, "note": null, "phone": null, "wikidata": null, "wikimedia_commons": null, "wikipedia": null, "school:type_idn": null, "layer": null, "type:id": null, "access:roof": null, "addr:full": null, "building:levels": null, "building:roof": null, "building:structure": null, "building:walls": null, "capacity:persons": null, "description": null, "landuse": null, "type": null }, "geometry": { "type": "Polygon", "coordinates": [ [ [ 109.2485835, -7.4211643 ], [ 109.2485571, -7.4212743 ], [ 109.2489052, -7.4213483 ], [ 109.248911, -7.421283 ], [ 109.2488116, -7.421267 ], [ 109.2487969, -7.4212148 ], [ 109.2485835, -7.4211643 ] ] ] } },
{ "type": "Feature", "properties": { "element": "way", "id": 851191037, "addr:street": null, "amenity": "kindergarten", "name": "PAUD Pelita Hati", "int_name": null, "source": null, "education": null, "check_date": null, "addr:city": null, "addr:district": null, "addr:housename": null, "addr:neighbourhood": null, "addr:postcode": null, "addr:province": null, "addr:subdistrict": null, "government": null, "grades": null, "internet_access": null, "internet_access:fee": null, "operator": null, "operator:type": null, "religion": null, "start_date": null, "website": null, "addr:housenumber": null, "designation": null, "building": "school", "name:id": null, "note": null, "phone": null, "wikidata": null, "wikimedia_commons": null, "wikipedia": null, "school:type_idn": null, "layer": null, "type:id": null, "access:roof": null, "addr:full": null, "building:levels": null, "building:roof": null, "building:structure": null, "building:walls": null, "capacity:persons": null, "description": null, "landuse": null, "type": null }, "geometry": { "type": "Polygon", "coordinates": [ [ [ 109.2320965, -7.3166075 ], [ 109.2320938, -7.3167251 ], [ 109.2321689, -7.3167268 ], [ 109.2321697, -7.3166919 ], [ 109.2322081, -7.3166927 ], [ 109.2322091, -7.3166453 ], [ 109.2321754, -7.3166445 ], [ 109.2321762, -7.3166093 ], [ 109.2320965, -7.3166075 ] ] ] } },
{ "type": "Feature", "properties": { "element": "way", "id": 856545029, "addr:street": null, "amenity": "school", "name": "SMK Bakti Purwokerto", "int_name": null, "source": null, "education": null, "check_date": null, "addr:city": null, "addr:district": null, "addr:housename": null, "addr:neighbourhood": null, "addr:postcode": null, "addr:province": null, "addr:subdistrict": null, "government": null, "grades": null, "internet_access": null, "internet_access:fee": null, "operator": null, "operator:type": null, "religion": null, "start_date": null, "website": null, "addr:housenumber": null, "designation": null, "building": "yes", "name:id": null, "note": null, "phone": null, "wikidata": null, "wikimedia_commons": null, "wikipedia": null, "school:type_idn": null, "layer": null, "type:id": null, "access:roof": null, "addr:full": null, "building:levels": null, "building:roof": null, "building:structure": null, "building:walls": null, "capacity:persons": null, "description": null, "landuse": null, "type": null }, "geometry": { "type": "Polygon", "coordinates": [ [ [ 109.2539099, -7.4221651 ], [ 109.2539269, -7.42233 ], [ 109.2541889, -7.4223229 ], [ 109.2541969, -7.4223787 ], [ 109.2544741, -7.4223734 ], [ 109.2544321, -7.4221411 ], [ 109.2546681, -7.4221074 ], [ 109.2546645, -7.4220392 ], [ 109.2541799, -7.4220622 ], [ 109.2541808, -7.4221509 ], [ 109.2539099, -7.4221651 ] ] ] } },
{ "type": "Feature", "properties": { "element": "way", "id": 874120379, "addr:street": null, "amenity": "school", "name": null, "int_name": null, "source": null, "education": null, "check_date": null, "addr:city": null, "addr:district": null, "addr:housename": null, "addr:neighbourhood": null, "addr:postcode": null, "addr:province": null, "addr:subdistrict": null, "government": null, "grades": "1-6", "internet_access": null, "internet_access:fee": null, "operator": null, "operator:type": null, "religion": null, "start_date": null, "website": null, "addr:housenumber": null, "designation": null, "building": "yes", "name:id": null, "note": null, "phone": null, "wikidata": null, "wikimedia_commons": null, "wikipedia": null, "school:type_idn": null, "layer": null, "type:id": null, "access:roof": null, "addr:full": null, "building:levels": null, "building:roof": null, "building:structure": null, "building:walls": null, "capacity:persons": null, "description": null, "landuse": null, "type": null }, "geometry": { "type": "Polygon", "coordinates": [ [ [ 109.2610545, -7.4592026 ], [ 109.2613035, -7.4592271 ], [ 109.2615253, -7.4592489 ], [ 109.2614547, -7.4595646 ], [ 109.2613724, -7.4596117 ], [ 109.2610093, -7.4595645 ], [ 109.2610389, -7.4593277 ], [ 109.2610437, -7.4592888 ], [ 109.2610545, -7.4592026 ] ] ] } },
{ "type": "Feature", "properties": { "element": "way", "id": 874130178, "addr:street": null, "amenity": "school", "name": "SD Negeri 1-2-3-9 Kranji", "int_name": null, "source": null, "education": null, "check_date": null, "addr:city": null, "addr:district": null, "addr:housename": null, "addr:neighbourhood": null, "addr:postcode": null, "addr:province": null, "addr:subdistrict": null, "government": null, "grades": null, "internet_access": null, "internet_access:fee": null, "operator": null, "operator:type": null, "religion": null, "start_date": null, "website": null, "addr:housenumber": null, "designation": null, "building": "yes", "name:id": null, "note": null, "phone": null, "wikidata": null, "wikimedia_commons": null, "wikipedia": null, "school:type_idn": null, "layer": null, "type:id": null, "access:roof": null, "addr:full": null, "building:levels": null, "building:roof": null, "building:structure": null, "building:walls": null, "capacity:persons": null, "description": null, "landuse": null, "type": null }, "geometry": { "type": "Polygon", "coordinates": [ [ [ 109.2397694, -7.4238476 ], [ 109.2396971, -7.4241706 ], [ 109.2397969, -7.4241949 ], [ 109.2398564, -7.4239373 ], [ 109.2401137, -7.4239935 ], [ 109.2401287, -7.423926 ], [ 109.2397694, -7.4238476 ] ] ] } },
{ "type": "Feature", "properties": { "element": "way", "id": 879352177, "addr:street": null, "amenity": "school", "name": "TPA Al-Amin", "int_name": null, "source": null, "education": null, "check_date": null, "addr:city": null, "addr:district": null, "addr:housename": null, "addr:neighbourhood": null, "addr:postcode": null, "addr:province": null, "addr:subdistrict": null, "government": null, "grades": null, "internet_access": null, "internet_access:fee": null, "operator": null, "operator:type": null, "religion": null, "start_date": null, "website": null, "addr:housenumber": null, "designation": null, "building": "yes", "name:id": null, "note": null, "phone": null, "wikidata": null, "wikimedia_commons": null, "wikipedia": null, "school:type_idn": null, "layer": null, "type:id": null, "access:roof": null, "addr:full": null, "building:levels": null, "building:roof": null, "building:structure": null, "building:walls": null, "capacity:persons": null, "description": null, "landuse": null, "type": null }, "geometry": { "type": "Polygon", "coordinates": [ [ [ 109.2315086, -7.3275185 ], [ 109.2315949, -7.3275184 ], [ 109.231595, -7.327619 ], [ 109.2315087, -7.3276191 ], [ 109.2315086, -7.3275185 ] ] ] } },
{ "type": "Feature", "properties": { "element": "way", "id": 889214951, "addr:street": null, "amenity": "school", "name": "SDN 4 Arcawinangun", "int_name": null, "source": null, "education": null, "check_date": null, "addr:city": null, "addr:district": null, "addr:housename": null, "addr:neighbourhood": null, "addr:postcode": null, "addr:province": null, "addr:subdistrict": null, "government": null, "grades": null, "internet_access": null, "internet_access:fee": null, "operator": null, "operator:type": null, "religion": null, "start_date": null, "website": null, "addr:housenumber": null, "designation": null, "building": null, "name:id": null, "note": null, "phone": null, "wikidata": null, "wikimedia_commons": null, "wikipedia": null, "school:type_idn": null, "layer": null, "type:id": null, "access:roof": null, "addr:full": null, "building:levels": null, "building:roof": null, "building:structure": null, "building:walls": null, "capacity:persons": null, "description": null, "landuse": null, "type": null }, "geometry": { "type": "Polygon", "coordinates": [ [ [ 109.2633285, -7.4186528 ], [ 109.2632924, -7.4186678 ], [ 109.2632267, -7.4186951 ], [ 109.2630388, -7.4187733 ], [ 109.2631076, -7.4189863 ], [ 109.2631357, -7.4190268 ], [ 109.2631613, -7.4190465 ], [ 109.2631859, -7.4190546 ], [ 109.2632197, -7.4190581 ], [ 109.2634475, -7.4189575 ], [ 109.2633729, -7.4187492 ], [ 109.2633285, -7.4186528 ] ] ] } },
{ "type": "Feature", "properties": { "element": "way", "id": 981459918, "addr:street": null, "amenity": "school", "name": "Nurul Fikri Purwokerto", "int_name": null, "source": null, "education": null, "check_date": null, "addr:city": null, "addr:district": null, "addr:housename": null, "addr:neighbourhood": null, "addr:postcode": null, "addr:province": null, "addr:subdistrict": null, "government": null, "grades": null, "internet_access": null, "internet_access:fee": null, "operator": null, "operator:type": null, "religion": null, "start_date": null, "website": null, "addr:housenumber": null, "designation": null, "building": "yes", "name:id": null, "note": null, "phone": null, "wikidata": null, "wikimedia_commons": null, "wikipedia": null, "school:type_idn": null, "layer": null, "type:id": null, "access:roof": null, "addr:full": null, "building:levels": null, "building:roof": null, "building:structure": null, "building:walls": null, "capacity:persons": null, "description": null, "landuse": null, "type": null }, "geometry": { "type": "Polygon", "coordinates": [ [ [ 109.24068, -7.4244711 ], [ 109.240704, -7.4244748 ], [ 109.2406983, -7.4245109 ], [ 109.2407491, -7.4245188 ], [ 109.2407445, -7.4245479 ], [ 109.2407228, -7.4245651 ], [ 109.2406984, -7.42457 ], [ 109.2406668, -7.4245555 ], [ 109.24068, -7.4244711 ] ] ] } },
{ "type": "Feature", "properties": { "element": "way", "id": 1093260633, "addr:street": null, "amenity": "school", "name": "SD Negeri Karanglo", "int_name": null, "source": null, "education": null, "check_date": null, "addr:city": null, "addr:district": null, "addr:housename": null, "addr:neighbourhood": null, "addr:postcode": null, "addr:province": null, "addr:subdistrict": null, "government": null, "grades": null, "internet_access": null, "internet_access:fee": null, "operator": null, "operator:type": null, "religion": null, "start_date": null, "website": null, "addr:housenumber": null, "designation": null, "building": null, "name:id": null, "note": null, "phone": null, "wikidata": null, "wikimedia_commons": null, "wikipedia": null, "school:type_idn": null, "layer": null, "type:id": null, "access:roof": null, "addr:full": null, "building:levels": null, "building:roof": null, "building:structure": null, "building:walls": null, "capacity:persons": null, "description": null, "landuse": null, "type": null }, "geometry": { "type": "Polygon", "coordinates": [ [ [ 109.1189778, -7.3959301 ], [ 109.1193032, -7.3959594 ], [ 109.1193406, -7.3955513 ], [ 109.1190152, -7.395522 ], [ 109.1189778, -7.3959301 ] ] ] } },
{ "type": "Feature", "properties": { "element": "way", "id": 1093260640, "addr:street": null, "amenity": "school", "name": "MI Muhammadiyah Karanglo", "int_name": null, "source": null, "education": null, "check_date": null, "addr:city": null, "addr:district": null, "addr:housename": null, "addr:neighbourhood": null, "addr:postcode": null, "addr:province": null, "addr:subdistrict": null, "government": null, "grades": null, "internet_access": null, "internet_access:fee": null, "operator": null, "operator:type": null, "religion": null, "start_date": null, "website": null, "addr:housenumber": null, "designation": null, "building": null, "name:id": null, "note": null, "phone": null, "wikidata": null, "wikimedia_commons": null, "wikipedia": null, "school:type_idn": null, "layer": null, "type:id": null, "access:roof": null, "addr:full": null, "building:levels": null, "building:roof": null, "building:structure": null, "building:walls": null, "capacity:persons": null, "description": null, "landuse": null, "type": null }, "geometry": { "type": "Polygon", "coordinates": [ [ [ 109.1189211, -7.3967016 ], [ 109.1193159, -7.3967939 ], [ 109.1192648, -7.3970392 ], [ 109.1189279, -7.3969791 ], [ 109.11892, -7.3968313 ], [ 109.1189211, -7.3967016 ] ] ] } },
{ "type": "Feature", "properties": { "element": "way", "id": 1093260643, "addr:street": null, "amenity": "kindergarten", "name": "Pos PAUD Rekso Mardisiwi", "int_name": null, "source": null, "education": null, "check_date": null, "addr:city": null, "addr:district": null, "addr:housename": null, "addr:neighbourhood": null, "addr:postcode": null, "addr:province": null, "addr:subdistrict": null, "government": null, "grades": null, "internet_access": null, "internet_access:fee": null, "operator": null, "operator:type": null, "religion": null, "start_date": null, "website": null, "addr:housenumber": null, "designation": null, "building": null, "name:id": null, "note": null, "phone": null, "wikidata": null, "wikimedia_commons": null, "wikipedia": null, "school:type_idn": null, "layer": null, "type:id": null, "access:roof": null, "addr:full": null, "building:levels": null, "building:roof": null, "building:structure": null, "building:walls": null, "capacity:persons": null, "description": null, "landuse": null, "type": null }, "geometry": { "type": "Polygon", "coordinates": [ [ [ 109.1194369, -7.3948988 ], [ 109.1193485, -7.3952293 ], [ 109.1191032, -7.3951653 ], [ 109.1191909, -7.3948341 ], [ 109.1194369, -7.3948988 ] ] ] } },
{ "type": "Feature", "properties": { "element": "way", "id": 1093260647, "addr:street": null, "amenity": "kindergarten", "name": "TK Pertiwi Karanglo", "int_name": null, "source": null, "education": null, "check_date": null, "addr:city": null, "addr:district": null, "addr:housename": null, "addr:neighbourhood": null, "addr:postcode": null, "addr:province": null, "addr:subdistrict": null, "government": null, "grades": null, "internet_access": null, "internet_access:fee": null, "operator": null, "operator:type": null, "religion": null, "start_date": null, "website": null, "addr:housenumber": null, "designation": null, "building": null, "name:id": null, "note": null, "phone": null, "wikidata": null, "wikimedia_commons": null, "wikipedia": null, "school:type_idn": null, "layer": null, "type:id": null, "access:roof": null, "addr:full": null, "building:levels": null, "building:roof": null, "building:structure": null, "building:walls": null, "capacity:persons": null, "description": null, "landuse": null, "type": null }, "geometry": { "type": "Polygon", "coordinates": [ [ [ 109.1194369, -7.3948988 ], [ 109.1195157, -7.3946042 ], [ 109.1192697, -7.3945395 ], [ 109.1191909, -7.3948341 ], [ 109.1194369, -7.3948988 ] ] ] } },
{ "type": "Feature", "properties": { "element": "way", "id": 1093260649, "addr:street": null, "amenity": "kindergarten", "name": "TK Aisyiyah Karanglo", "int_name": null, "source": null, "education": null, "check_date": null, "addr:city": null, "addr:district": null, "addr:housename": null, "addr:neighbourhood": null, "addr:postcode": null, "addr:province": null, "addr:subdistrict": null, "government": null, "grades": null, "internet_access": null, "internet_access:fee": null, "operator": null, "operator:type": null, "religion": null, "start_date": null, "website": null, "addr:housenumber": null, "designation": null, "building": null, "name:id": null, "note": null, "phone": null, "wikidata": null, "wikimedia_commons": null, "wikipedia": null, "school:type_idn": null, "layer": null, "type:id": null, "access:roof": null, "addr:full": null, "building:levels": null, "building:roof": null, "building:structure": null, "building:walls": null, "capacity:persons": null, "description": null, "landuse": null, "type": null }, "geometry": { "type": "Polygon", "coordinates": [ [ [ 109.1164365, -7.3963137 ], [ 109.1165552, -7.3963604 ], [ 109.1165193, -7.39645 ], [ 109.1164573, -7.396605 ], [ 109.1163385, -7.3965583 ], [ 109.1164365, -7.3963137 ] ] ] } },
{ "type": "Feature", "properties": { "element": "way", "id": 1124925367, "addr:street": null, "amenity": "university", "name": "Amikom University of Purwokerto", "int_name": null, "source": null, "education": null, "check_date": "2026-04-13", "addr:city": null, "addr:district": null, "addr:housename": null, "addr:neighbourhood": null, "addr:postcode": null, "addr:province": null, "addr:subdistrict": null, "government": null, "grades": null, "internet_access": "yes", "internet_access:fee": "customers", "operator": "Reka Dio Avianda", "operator:type": "private", "religion": null, "start_date": null, "website": "https://amikompurwokerto.ac.id", "addr:housenumber": null, "designation": null, "building": null, "name:id": null, "note": null, "phone": null, "wikidata": null, "wikimedia_commons": null, "wikipedia": null, "school:type_idn": null, "layer": null, "type:id": null, "access:roof": null, "addr:full": null, "building:levels": null, "building:roof": null, "building:structure": null, "building:walls": null, "capacity:persons": null, "description": null, "landuse": null, "type": null }, "geometry": { "type": "Polygon", "coordinates": [ [ [ 109.230944, -7.3981365 ], [ 109.2308346, -7.3986774 ], [ 109.2306944, -7.3988607 ], [ 109.2306929, -7.3989294 ], [ 109.2311874, -7.3988714 ], [ 109.2312737, -7.3988179 ], [ 109.2312952, -7.39874 ], [ 109.2313646, -7.3986529 ], [ 109.2314015, -7.39852 ], [ 109.2314092, -7.3984956 ], [ 109.2318052, -7.398546 ], [ 109.2318113, -7.3984772 ], [ 109.2314154, -7.3984299 ], [ 109.2313892, -7.3983122 ], [ 109.2311951, -7.3982404 ], [ 109.2310981, -7.3981793 ], [ 109.231021, -7.3981457 ], [ 109.230944, -7.3981365 ] ] ] } },
{ "type": "Feature", "properties": { "element": "way", "id": 1124925369, "addr:street": null, "amenity": "university", "name": "Amikom University of Purwokerto", "int_name": null, "source": null, "education": null, "check_date": null, "addr:city": null, "addr:district": null, "addr:housename": null, "addr:neighbourhood": null, "addr:postcode": null, "addr:province": null, "addr:subdistrict": null, "government": null, "grades": null, "internet_access": "yes", "internet_access:fee": "customers", "operator": "Reka Dio Avianda", "operator:type": "private", "religion": null, "start_date": null, "website": "https://amikompurwokerto.ac.id", "addr:housenumber": null, "designation": null, "building": null, "name:id": null, "note": null, "phone": null, "wikidata": null, "wikimedia_commons": null, "wikipedia": null, "school:type_idn": null, "layer": null, "type:id": null, "access:roof": null, "addr:full": null, "building:levels": null, "building:roof": null, "building:structure": null, "building:walls": null, "capacity:persons": null, "description": null, "landuse": null, "type": null }, "geometry": { "type": "Polygon", "coordinates": [ [ [ 109.2316265, -7.400451 ], [ 109.2309101, -7.4003945 ], [ 109.2308224, -7.4005575 ], [ 109.2307822, -7.4006786 ], [ 109.2307684, -7.4010728 ], [ 109.2309209, -7.4010743 ], [ 109.230924, -7.4008498 ], [ 109.231591, -7.4008696 ], [ 109.2316205, -7.4005221 ], [ 109.2316265, -7.400451 ] ] ] } },
{ "type": "Feature", "properties": { "element": "way", "id": 1135859147, "addr:street": null, "amenity": "school", "name": "SDN 2 Kemutug Lor", "int_name": null, "source": null, "education": null, "check_date": null, "addr:city": null, "addr:district": null, "addr:housename": null, "addr:neighbourhood": null, "addr:postcode": null, "addr:province": null, "addr:subdistrict": null, "government": null, "grades": null, "internet_access": null, "internet_access:fee": null, "operator": null, "operator:type": null, "religion": null, "start_date": null, "website": null, "addr:housenumber": null, "designation": null, "building": null, "name:id": null, "note": null, "phone": null, "wikidata": null, "wikimedia_commons": null, "wikipedia": null, "school:type_idn": null, "layer": null, "type:id": null, "access:roof": null, "addr:full": null, "building:levels": null, "building:roof": null, "building:structure": null, "building:walls": null, "capacity:persons": null, "description": null, "landuse": null, "type": null }, "geometry": { "type": "Polygon", "coordinates": [ [ [ 109.2353386, -7.3322844 ], [ 109.2358945, -7.3321773 ], [ 109.2360105, -7.3326542 ], [ 109.2354673, -7.3327406 ], [ 109.2353386, -7.3322844 ] ] ] } },
{ "type": "Feature", "properties": { "element": "way", "id": 1135877778, "addr:street": null, "amenity": "school", "name": "TK Diponegoro", "int_name": null, "source": null, "education": null, "check_date": null, "addr:city": null, "addr:district": null, "addr:housename": null, "addr:neighbourhood": null, "addr:postcode": null, "addr:province": null, "addr:subdistrict": null, "government": null, "grades": null, "internet_access": null, "internet_access:fee": null, "operator": null, "operator:type": null, "religion": null, "start_date": null, "website": null, "addr:housenumber": null, "designation": null, "building": null, "name:id": null, "note": null, "phone": null, "wikidata": null, "wikimedia_commons": null, "wikipedia": null, "school:type_idn": null, "layer": null, "type:id": null, "access:roof": null, "addr:full": null, "building:levels": null, "building:roof": null, "building:structure": null, "building:walls": null, "capacity:persons": null, "description": null, "landuse": null, "type": null }, "geometry": { "type": "Polygon", "coordinates": [ [ [ 109.2354773, -7.3327768 ], [ 109.2354932, -7.3328964 ], [ 109.2355814, -7.3328849 ], [ 109.2355794, -7.3328702 ], [ 109.2357137, -7.3328527 ], [ 109.2356997, -7.3327477 ], [ 109.2354773, -7.3327768 ] ] ] } },
{ "type": "Feature", "properties": { "element": "way", "id": 1135877783, "addr:street": null, "amenity": "kindergarten", "name": "TK Pertiwi dan PAUD Pangestu", "int_name": null, "source": null, "education": null, "check_date": null, "addr:city": null, "addr:district": null, "addr:housename": null, "addr:neighbourhood": null, "addr:postcode": null, "addr:province": null, "addr:subdistrict": null, "government": null, "grades": null, "internet_access": null, "internet_access:fee": null, "operator": null, "operator:type": null, "religion": null, "start_date": null, "website": null, "addr:housenumber": null, "designation": null, "building": null, "name:id": null, "note": null, "phone": null, "wikidata": null, "wikimedia_commons": null, "wikipedia": null, "school:type_idn": null, "layer": null, "type:id": null, "access:roof": null, "addr:full": null, "building:levels": null, "building:roof": null, "building:structure": null, "building:walls": null, "capacity:persons": null, "description": null, "landuse": null, "type": null }, "geometry": { "type": "Polygon", "coordinates": [ [ [ 109.2340323, -7.3282161 ], [ 109.2340682, -7.3284326 ], [ 109.2342446, -7.3284038 ], [ 109.2342087, -7.3281873 ], [ 109.2340323, -7.3282161 ] ] ] } },
{ "type": "Feature", "properties": { "element": "way", "id": 1135877790, "addr:street": null, "amenity": "school", "name": "SDN 1 Kemutug Lor", "int_name": null, "source": null, "education": null, "check_date": null, "addr:city": null, "addr:district": null, "addr:housename": null, "addr:neighbourhood": null, "addr:postcode": null, "addr:province": null, "addr:subdistrict": null, "government": null, "grades": null, "internet_access": null, "internet_access:fee": null, "operator": null, "operator:type": null, "religion": null, "start_date": null, "website": null, "addr:housenumber": null, "designation": null, "building": null, "name:id": null, "note": null, "phone": null, "wikidata": null, "wikimedia_commons": null, "wikipedia": null, "school:type_idn": null, "layer": null, "type:id": null, "access:roof": null, "addr:full": null, "building:levels": null, "building:roof": null, "building:structure": null, "building:walls": null, "capacity:persons": null, "description": null, "landuse": null, "type": null }, "geometry": { "type": "Polygon", "coordinates": [ [ [ 109.232588, -7.320603 ], [ 109.2325974, -7.3203762 ], [ 109.2325853, -7.3203529 ], [ 109.2325605, -7.3203423 ], [ 109.2323945, -7.3203286 ], [ 109.2323623, -7.320319 ], [ 109.2323218, -7.3202937 ], [ 109.2322695, -7.3202445 ], [ 109.2322212, -7.3201893 ], [ 109.2321682, -7.320156 ], [ 109.2321058, -7.3201374 ], [ 109.2320622, -7.3205591 ], [ 109.232588, -7.320603 ] ] ] } },
{ "type": "Feature", "properties": { "element": "way", "id": 1320772638, "addr:street": null, "amenity": "university", "name": "Universitas Muhammadiyah Purwokerto", "int_name": null, "source": null, "education": null, "check_date": null, "addr:city": null, "addr:district": null, "addr:housename": null, "addr:neighbourhood": null, "addr:postcode": null, "addr:province": null, "addr:subdistrict": null, "government": null, "grades": null, "internet_access": null, "internet_access:fee": null, "operator": null, "operator:type": null, "religion": null, "start_date": null, "website": null, "addr:housenumber": null, "designation": null, "building": null, "name:id": null, "note": null, "phone": null, "wikidata": null, "wikimedia_commons": null, "wikipedia": null, "school:type_idn": null, "layer": null, "type:id": null, "access:roof": null, "addr:full": null, "building:levels": null, "building:roof": null, "building:structure": null, "building:walls": null, "capacity:persons": null, "description": null, "landuse": null, "type": null }, "geometry": { "type": "Polygon", "coordinates": [ [ [ 109.2718951, -7.4116825 ], [ 109.2722002, -7.4122092 ], [ 109.2723598, -7.4123661 ], [ 109.2730571, -7.4123581 ], [ 109.2743687, -7.4124791 ], [ 109.2743982, -7.413184 ], [ 109.2746477, -7.4131946 ], [ 109.274649, -7.4141841 ], [ 109.2743654, -7.4141774 ], [ 109.2743493, -7.4145066 ], [ 109.2729431, -7.4144846 ], [ 109.2713499, -7.4145844 ], [ 109.2713606, -7.4137691 ], [ 109.2715618, -7.4137625 ], [ 109.2716154, -7.413317 ], [ 109.2720191, -7.4132984 ], [ 109.2720231, -7.4130896 ], [ 109.2718823, -7.4131029 ], [ 109.271881, -7.4128216 ], [ 109.2713613, -7.412805 ], [ 109.2713848, -7.4120961 ], [ 109.2718951, -7.4116825 ] ] ] } },
{ "type": "Feature", "properties": { "element": "way", "id": 1455503036, "addr:street": null, "amenity": "school", "name": "SMA Negeri 3 Purwokerto", "int_name": null, "source": null, "education": null, "check_date": null, "addr:city": null, "addr:district": null, "addr:housename": null, "addr:neighbourhood": null, "addr:postcode": null, "addr:province": null, "addr:subdistrict": null, "government": null, "grades": null, "internet_access": null, "internet_access:fee": null, "operator": null, "operator:type": null, "religion": null, "start_date": null, "website": null, "addr:housenumber": null, "designation": null, "building": null, "name:id": null, "note": null, "phone": null, "wikidata": null, "wikimedia_commons": null, "wikipedia": null, "school:type_idn": null, "layer": null, "type:id": null, "access:roof": null, "addr:full": null, "building:levels": null, "building:roof": null, "building:structure": null, "building:walls": null, "capacity:persons": null, "description": null, "landuse": "education", "type": null }, "geometry": { "type": "Polygon", "coordinates": [ [ [ 109.2109189, -7.4091631 ], [ 109.2118577, -7.4091472 ], [ 109.211859, -7.4092629 ], [ 109.2120937, -7.4092642 ], [ 109.2120823, -7.4098959 ], [ 109.2109082, -7.4100063 ], [ 109.2109189, -7.4091631 ] ] ] } },
{ "type": "Feature", "properties": { "element": "way", "id": 1493317298, "addr:street": null, "amenity": "school", "name": "SMP Negeri 1 Banyumas", "int_name": null, "source": null, "education": null, "check_date": null, "addr:city": null, "addr:district": null, "addr:housename": null, "addr:neighbourhood": null, "addr:postcode": null, "addr:province": null, "addr:subdistrict": null, "government": null, "grades": null, "internet_access": null, "internet_access:fee": null, "operator": null, "operator:type": null, "religion": null, "start_date": null, "website": null, "addr:housenumber": null, "designation": null, "building": null, "name:id": null, "note": null, "phone": null, "wikidata": null, "wikimedia_commons": null, "wikipedia": null, "school:type_idn": null, "layer": null, "type:id": null, "access:roof": null, "addr:full": null, "building:levels": null, "building:roof": null, "building:structure": null, "building:walls": null, "capacity:persons": null, "description": null, "landuse": null, "type": null }, "geometry": { "type": "Polygon", "coordinates": [ [ [ 109.2944117, -7.5151802 ], [ 109.2939027, -7.5151659 ], [ 109.2938971, -7.5158021 ], [ 109.2944033, -7.5157978 ], [ 109.2944117, -7.5151802 ] ] ] } },
{ "type": "Feature", "properties": { "element": "way", "id": 1493317299, "addr:street": null, "amenity": "school", "name": "SD Negeri 2 Sudagaran", "int_name": null, "source": null, "education": null, "check_date": null, "addr:city": null, "addr:district": null, "addr:housename": null, "addr:neighbourhood": null, "addr:postcode": null, "addr:province": null, "addr:subdistrict": null, "government": null, "grades": null, "internet_access": null, "internet_access:fee": null, "operator": null, "operator:type": null, "religion": null, "start_date": null, "website": null, "addr:housenumber": null, "designation": null, "building": null, "name:id": null, "note": null, "phone": null, "wikidata": null, "wikimedia_commons": null, "wikipedia": null, "school:type_idn": null, "layer": null, "type:id": null, "access:roof": null, "addr:full": null, "building:levels": null, "building:roof": null, "building:structure": null, "building:walls": null, "capacity:persons": null, "description": null, "landuse": null, "type": null }, "geometry": { "type": "Polygon", "coordinates": [ [ [ 109.2937658, -7.5156564 ], [ 109.2933507, -7.515655 ], [ 109.2933507, -7.5155886 ], [ 109.2932716, -7.5155886 ], [ 109.2932676, -7.5159356 ], [ 109.293682, -7.5159316 ], [ 109.293749, -7.5158704 ], [ 109.2937624, -7.5158399 ], [ 109.2937658, -7.5156564 ] ] ] } }
]
}
